trade_date,fc1_version,pit_schema_version,universe_count,expected_universe_size,board_source,market_source,market_real,market_live,market_forecast,breadth_score,vnindex_daily_return_pct,market_regime,share_THEO_DOI,share_TICH_LUY,share_MUA_EARLY,share_PULL_VUA,share_PULL_DEP,share_MUA_BREAK,share_CP_MANH,share_GA_TANG_TOC,rsi40_share,rsi50_share,rsi60_share,med_rsi14,obv_green_share,slope_pos_share,mean_rs5,mean_rs10,pos_rs5_share,pos_rs10_share,rs5_dispersion,near_low20_share,near_low60_share,near_high20_share,lead_conc_top10,completeness_status,missing__market_real,missing__market_live,missing__market_forecast,missing__breadth_score,missing__vnindex_daily_return_pct,missing__market_regime,missing__share_THEO_DOI,missing__share_TICH_LUY,missing__share_MUA_EARLY,missing__share_PULL_VUA,missing__share_PULL_DEP,missing__share_MUA_BREAK,missing__share_CP_MANH,missing__share_GA_TANG_TOC,missing__rsi40_share,missing__rsi50_share,missing__rsi60_share,missing__med_rsi14,missing__obv_green_share,missing__slope_pos_share,missing__mean_rs5,missing__mean_rs10,missing__pos_rs5_share,missing__pos_rs10_share,missing__rs5_dispersion,missing__near_low20_share,missing__near_low60_share,missing__near_high20_share,missing__lead_conc_top10,market_real_lag1,missing__market_real_lag1,market_forecast_lag1,missing__market_forecast_lag1,rsi50_share_lag1,missing__rsi50_share_lag1,obv_green_share_lag1,missing__obv_green_share_lag1,provenance__market_real,provenance__market_live,provenance__market_forecast,provenance__breadth_score,provenance__vnindex_daily_return_pct,provenance__market_regime,provenance__share_THEO_DOI,provenance__share_TICH_LUY,provenance__share_MUA_EARLY,provenance__share_PULL_VUA,provenance__share_PULL_DEP,provenance__share_MUA_BREAK,provenance__share_CP_MANH,provenance__share_GA_TANG_TOC,provenance__rsi40_share,provenance__rsi50_share,provenance__rsi60_share,provenance__med_rsi14,provenance__obv_green_share,provenance__slope_pos_share,provenance__mean_rs5,provenance__mean_rs10,provenance__pos_rs5_share,provenance__pos_rs10_share,provenance__rs5_dispersion,provenance__near_low20_share,provenance__near_low60_share,provenance__near_high20_share,provenance__lead_conc_top10,provenance__market_real_lag1,provenance__market_forecast_lag1,provenance__rsi50_share_lag1,provenance__obv_green_share_lag1,regime_pit,episode_id
2026-07-23,forecast_v2_fc1_v1,fc1_pit_features_v1,142,142,observations,board_same_day,,,,,,🔴 Forecast rủi ro,0.7323943661971831,0.176056338028169,0.07746478873239436,0.014084507042253521,0.0,0.0,0.0,0.0,0.19014084507042253,0.06338028169014084,0.014084507042253521,29.270000000000003,0.11267605633802817,0.056338028169014086,-7.365211267605633,-10.267887323943661,0.04929577464788732,0.04225352112676056,4.63576089041094,0.7887323943661971,0.8028169014084507,0.02112676056338028,1.0,PARTIAL,1,1,1,1,1,0,0,0,0,0,0,0,0,0,0,0,0,0,0,0,0,0,0,0,0,0,0,0,0,,1,,1,,1,,1,PIT_SAFE,PIT_SAFE,PIT_SAFE,PIT_SAFE,PIT_SAFE,PIT_SAFE,PIT_SAFE,PIT_SAFE,PIT_SAFE,PIT_SAFE,PIT_SAFE,PIT_SAFE,PIT_SAFE,PIT_SAFE,PIT_SAFE,PIT_SAFE,PIT_SAFE,PIT_SAFE,PIT_SAFE,PIT_SAFE,PIT_SAFE,PIT_SAFE,PIT_SAFE,PIT_SAFE,PIT_SAFE,PIT_SAFE,PIT_SAFE,PIT_SAFE,PIT_SAFE,PIT_SAFE,PIT_SAFE,PIT_SAFE,PIT_SAFE,WEAK,0
2026-07-24,forecast_v2_fc1_v1,fc1_pit_features_v1,142,142,observations,board_same_day,,,,,,🔴 Forecast rủi ro,0.8661971830985915,0.07042253521126761,0.04225352112676056,0.007042253521126761,0.0,0.0,0.0,0.014084507042253521,0.20422535211267606,0.04929577464788732,0.007042253521126761,29.85,0.13380281690140844,0.04225352112676056,-6.767323943661972,-9.705985915492958,0.035211267605633804,0.04225352112676056,4.465761935814077,0.8380281690140845,0.8380281690140845,0.028169014084507043,1.0000000000000002,PARTIAL,1,1,1,1,1,0,0,0,0,0,0,0,0,0,0,0,0,0,0,0,0,0,0,0,0,0,0,0,0,,1,,1,0.06338028169014084,0,0.11267605633802817,0,PIT_SAFE,PIT_SAFE,PIT_SAFE,PIT_SAFE,PIT_SAFE,PIT_SAFE,PIT_SAFE,PIT_SAFE,PIT_SAFE,PIT_SAFE,PIT_SAFE,PIT_SAFE,PIT_SAFE,PIT_SAFE,PIT_SAFE,PIT_SAFE,PIT_SAFE,PIT_SAFE,PIT_SAFE,PIT_SAFE,PIT_SAFE,PIT_SAFE,PIT_SAFE,PIT_SAFE,PIT_SAFE,PIT_SAFE,PIT_SAFE,PIT_SAFE,PIT_SAFE,PIT_SAFE,PIT_SAFE,PIT_SAFE,PIT_SAFE,WEAK,0
2026-07-26,forecast_v2_fc1_v1,fc1_pit_features_v1,142,142,observations,board_same_day,,,,,,,0.0,0.0,0.0,0.0,0.0,0.0,0.0,0.0,0.20422535211267606,0.04929577464788732,0.007042253521126761,29.85,0.0,0.0,-6.767323943661972,-9.705985915492958,0.035211267605633804,0.04225352112676056,4.465761935814077,,,,1.0000000000000002,PARTIAL,1,1,1,1,1,1,0,0,0,0,0,0,0,0,0,0,0,0,0,0,0,0,0,0,0,1,1,1,0,,1,,1,0.04929577464788732,0,0.13380281690140844,0,PIT_SAFE,PIT_SAFE,PIT_SAFE,PIT_SAFE,PIT_SAFE,PIT_SAFE,PIT_SAFE,PIT_SAFE,PIT_SAFE,PIT_SAFE,PIT_SAFE,PIT_SAFE,PIT_SAFE,PIT_SAFE,PIT_SAFE,PIT_SAFE,PIT_SAFE,PIT_SAFE,PIT_SAFE,PIT_SAFE,PIT_SAFE,PIT_SAFE,PIT_SAFE,PIT_SAFE,PIT_SAFE,PIT_SAFE,PIT_SAFE,PIT_SAFE,PIT_SAFE,PIT_SAFE,PIT_SAFE,PIT_SAFE,PIT_SAFE,WEAK,0
2026-07-27,forecast_v2_fc1_v1,fc1_pit_features_v1,142,142,observations,board_same_day,,,,,,🔴 Forecast rủi ro,0.9084507042253521,0.035211267605633804,0.035211267605633804,0.02112676056338028,0.0,0.0,0.0,0.0,0.14788732394366197,0.04225352112676056,0.007042253521126761,27.35,0.08450704225352113,0.035211267605633804,-4.9614084507042255,-10.000704225352113,0.09154929577464789,0.056338028169014086,3.896142225757722,0.8802816901408451,0.8802816901408451,0.014084507042253521,0.920935412026726,PARTIAL,1,1,1,1,1,0,0,0,0,0,0,0,0,0,0,0,0,0,0,0,0,0,0,0,0,0,0,0,0,,1,,1,0.04929577464788732,0,0.0,0,PIT_SAFE,PIT_SAFE,PIT_SAFE,PIT_SAFE,PIT_SAFE,PIT_SAFE,PIT_SAFE,PIT_SAFE,PIT_SAFE,PIT_SAFE,PIT_SAFE,PIT_SAFE,PIT_SAFE,PIT_SAFE,PIT_SAFE,PIT_SAFE,PIT_SAFE,PIT_SAFE,PIT_SAFE,PIT_SAFE,PIT_SAFE,PIT_SAFE,PIT_SAFE,PIT_SAFE,PIT_SAFE,PIT_SAFE,PIT_SAFE,PIT_SAFE,PIT_SAFE,PIT_SAFE,PIT_SAFE,PIT_SAFE,PIT_SAFE,WEAK,0
2026-07-28,forecast_v2_fc1_v1,fc1_pit_features_v1,142,142,observations,board_same_day,,,,,,🔴 Forecast rủi ro,0.5492957746478874,0.2887323943661972,0.15492957746478872,0.0,0.0,0.0,0.0,0.007042253521126761,0.18309859154929578,0.04225352112676056,0.007042253521126761,31.005000000000003,0.176056338028169,0.035211267605633804,-3.357816901408451,-10.315633802816903,0.1619718309859155,0.04929577464788732,3.778594079080748,0.7253521126760564,0.823943661971831,0.007042253521126761,0.7593659942363112,PARTIAL,1,1,1,1,1,0,0,0,0,0,0,0,0,0,0,0,0,0,0,0,0,0,0,0,0,0,0,0,0,,1,,1,0.04225352112676056,0,0.08450704225352113,0,PIT_SAFE,PIT_SAFE,PIT_SAFE,PIT_SAFE,PIT_SAFE,PIT_SAFE,PIT_SAFE,PIT_SAFE,PIT_SAFE,PIT_SAFE,PIT_SAFE,PIT_SAFE,PIT_SAFE,PIT_SAFE,PIT_SAFE,PIT_SAFE,PIT_SAFE,PIT_SAFE,PIT_SAFE,PIT_SAFE,PIT_SAFE,PIT_SAFE,PIT_SAFE,PIT_SAFE,PIT_SAFE,PIT_SAFE,PIT_SAFE,PIT_SAFE,PIT_SAFE,PIT_SAFE,PIT_SAFE,PIT_SAFE,PIT_SAFE,WEAK,0
2026-07-29,forecast_v2_fc1_v1,fc1_pit_features_v1,142,142,observations,board_same_day,,,,,,🔴 Forecast rủi ro,0.4154929577464789,0.16901408450704225,0.39436619718309857,0.014084507042253521,0.0,0.0,0.0,0.007042253521126761,0.39436619718309857,0.1267605633802817,0.007042253521126761,37.644999999999996,0.47183098591549294,0.035211267605633804,0.9159859154929577,-6.607887323943662,0.5563380281690141,0.11971830985915492,4.282182293094209,0.3591549295774648,0.4859154929577465,0.056338028169014086,0.3229039997370756,PARTIAL,1,1,1,1,1,0,0,0,0,0,0,0,0,0,0,0,0,0,0,0,0,0,0,0,0,0,0,0,0,,1,,1,0.04225352112676056,0,0.176056338028169,0,PIT_SAFE,PIT_SAFE,PIT_SAFE,PIT_SAFE,PIT_SAFE,PIT_SAFE,PIT_SAFE,PIT_SAFE,PIT_SAFE,PIT_SAFE,PIT_SAFE,PIT_SAFE,PIT_SAFE,PIT_SAFE,PIT_SAFE,PIT_SAFE,PIT_SAFE,PIT_SAFE,PIT_SAFE,PIT_SAFE,PIT_SAFE,PIT_SAFE,PIT_SAFE,PIT_SAFE,PIT_SAFE,PIT_SAFE,PIT_SAFE,PIT_SAFE,PIT_SAFE,PIT_SAFE,PIT_SAFE,PIT_SAFE,PIT_SAFE,WEAK,0
2026-07-30,forecast_v2_fc1_v1,fc1_pit_features_v1,142,142,observations,board_same_day,,,,,,🔴 Forecast rủi ro,0.22535211267605634,0.11971830985915492,0.6126760563380281,0.02112676056338028,0.0,0.007042253521126761,0.007042253521126761,0.007042253521126761,0.5,0.14788732394366197,0.014084507042253521,39.989999999999995,0.6619718309859155,0.04929577464788732,0.27563380281690136,-6.3623239436619725,0.47183098591549294,0.1267605633802817,4.061183746795045,0.24647887323943662,0.47183098591549294,0.07042253521126761,0.40217162577332605,PARTIAL,1,1,1,1,1,0,0,0,0,0,0,0,0,0,0,0,0,0,0,0,0,0,0,0,0,0,0,0,0,,1,,1,0.1267605633802817,0,0.47183098591549294,0,PIT_SAFE,PIT_SAFE,PIT_SAFE,PIT_SAFE,PIT_SAFE,PIT_SAFE,PIT_SAFE,PIT_SAFE,PIT_SAFE,PIT_SAFE,PIT_SAFE,PIT_SAFE,PIT_SAFE,PIT_SAFE,PIT_SAFE,PIT_SAFE,PIT_SAFE,PIT_SAFE,PIT_SAFE,PIT_SAFE,PIT_SAFE,PIT_SAFE,PIT_SAFE,PIT_SAFE,PIT_SAFE,PIT_SAFE,PIT_SAFE,PIT_SAFE,PIT_SAFE,PIT_SAFE,PIT_SAFE,PIT_SAFE,PIT_SAFE,WEAK,0
2026-07-31,forecast_v2_fc1_v1,fc1_pit_features_v1,142,142,ems,forecast_t0_daily,,,0.0,,,,0.5,0.14788732394366197,0.31690140845070425,0.007042253521126761,0.0,0.007042253521126761,0.02112676056338028,0.0,0.4859154929577465,0.15492957746478872,0.02112676056338028,39.625,0.4225352112676056,0.08450704225352113,1.436267605633803,-5.432957746478874,0.5704225352112676,0.15492957746478872,3.968400290299549,0.33098591549295775,0.4788732394366197,0.07746478873239436,0.33822079842286845,PARTIAL,1,1,0,1,1,1,0,0,0,0,0,0,0,0,0,0,0,0,0,0,0,0,0,0,0,0,0,0,0,,1,,1,0.14788732394366197,0,0.6619718309859155,0,PIT_SAFE,PIT_SAFE,PIT_SAFE,PIT_SAFE,PIT_SAFE,PIT_SAFE,PIT_SAFE,PIT_SAFE,PIT_SAFE,PIT_SAFE,PIT_SAFE,PIT_SAFE,PIT_SAFE,PIT_SAFE,PIT_SAFE,PIT_SAFE,PIT_SAFE,PIT_SAFE,PIT_SAFE,PIT_SAFE,PIT_SAFE,PIT_SAFE,PIT_SAFE,PIT_SAFE,PIT_SAFE,PIT_SAFE,PIT_SAFE,PIT_SAFE,PIT_SAFE,PIT_SAFE,PIT_SAFE,PIT_SAFE,PIT_SAFE,WEAK,0
2026-08-01,forecast_v2_fc1_v1,fc1_pit_features_v1,142,142,observations,board_same_day,,,,,,,0.0,0.0,0.0,0.0,0.0,0.0,0.0,0.0,0.4859154929577465,0.15492957746478872,0.02112676056338028,39.625,0.0,0.0,1.4363380281690141,-5.432887323943662,0.5704225352112676,0.15492957746478872,3.9683580896234365,,,,0.33822079842286845,PARTIAL,1,1,1,1,1,1,0,0,0,0,0,0,0,0,0,0,0,0,0,0,0,0,0,0,0,1,1,1,0,,1,0.0,0,0.15492957746478872,0,0.4225352112676056,0,PIT_SAFE,PIT_SAFE,PIT_SAFE,PIT_SAFE,PIT_SAFE,PIT_SAFE,PIT_SAFE,PIT_SAFE,PIT_SAFE,PIT_SAFE,PIT_SAFE,PIT_SAFE,PIT_SAFE,PIT_SAFE,PIT_SAFE,PIT_SAFE,PIT_SAFE,PIT_SAFE,PIT_SAFE,PIT_SAFE,PIT_SAFE,PIT_SAFE,PIT_SAFE,PIT_SAFE,PIT_SAFE,PIT_SAFE,PIT_SAFE,PIT_SAFE,PIT_SAFE,PIT_SAFE,PIT_SAFE,PIT_SAFE,PIT_SAFE,WEAK,0
2026-08-02,forecast_v2_fc1_v1,fc1_pit_features_v1,142,142,observations,board_same_day,,,,,,,0.0,0.0,0.0,0.0,0.0,0.0,0.0,0.0,0.4859154929577465,0.15492957746478872,0.02112676056338028,39.625,0.0,0.0,1.4362676056338028,-5.432957746478873,0.5704225352112676,0.15492957746478872,3.968400290299549,,,,0.33822079842286845,PARTIAL,1,1,1,1,1,1,0,0,0,0,0,0,0,0,0,0,0,0,0,0,0,0,0,0,0,1,1,1,0,,1,,1,0.15492957746478872,0,0.0,0,PIT_SAFE,PIT_SAFE,PIT_SAFE,PIT_SAFE,PIT_SAFE,PIT_SAFE,PIT_SAFE,PIT_SAFE,PIT_SAFE,PIT_SAFE,PIT_SAFE,PIT_SAFE,PIT_SAFE,PIT_SAFE,PIT_SAFE,PIT_SAFE,PIT_SAFE,PIT_SAFE,PIT_SAFE,PIT_SAFE,PIT_SAFE,PIT_SAFE,PIT_SAFE,PIT_SAFE,PIT_SAFE,PIT_SAFE,PIT_SAFE,PIT_SAFE,PIT_SAFE,PIT_SAFE,PIT_SAFE,PIT_SAFE,PIT_SAFE,WEAK,0
2026-08-03,forecast_v2_fc1_v1,fc1_pit_features_v1,142,142,ems,forecast_t0_daily,,,0.7,,,,0.1056338028169014,0.07042253521126761,0.7535211267605634,0.028169014084507043,0.0,0.007042253521126761,0.02112676056338028,0.014084507042253521,0.7816901408450704,0.29577464788732394,0.04929577464788732,45.644999999999996,0.8028169014084507,0.11971830985915492,6.4988732394366195,0.6109859154929581,0.9154929577464789,0.5352112676056338,4.84592789475068,0.1267605633802817,0.2323943661971831,0.1056338028169014,0.18644266541589827,PARTIAL,1,1,0,1,1,1,0,0,0,0,0,0,0,0,0,0,0,0,0,0,0,0,0,0,0,0,0,0,0,,1,,1,0.15492957746478872,0,0.0,0,PIT_SAFE,PIT_SAFE,PIT_SAFE,PIT_SAFE,PIT_SAFE,PIT_SAFE,PIT_SAFE,PIT_SAFE,PIT_SAFE,PIT_SAFE,PIT_SAFE,PIT_SAFE,PIT_SAFE,PIT_SAFE,PIT_SAFE,PIT_SAFE,PIT_SAFE,PIT_SAFE,PIT_SAFE,PIT_SAFE,PIT_SAFE,PIT_SAFE,PIT_SAFE,PIT_SAFE,PIT_SAFE,PIT_SAFE,PIT_SAFE,PIT_SAFE,PIT_SAFE,PIT_SAFE,PIT_SAFE,PIT_SAFE,PIT_SAFE,WEAK,0
2026-08-04,forecast_v2_fc1_v1,fc1_pit_features_v1,142,142,ems,forecast_t0_daily,,,1.7,,,,0.11267605633802817,0.056338028169014086,0.7183098591549296,0.028169014084507043,0.0,0.02112676056338028,0.028169014084507043,0.035211267605633804,0.8661971830985915,0.323943661971831,0.09154929577464789,46.92,0.7605633802816901,0.20422535211267606,6.185281690140845,2.71943661971831,0.9014084507042254,0.676056338028169,5.046001815026529,0.1267605633802817,0.19014084507042253,0.16901408450704225,0.20846792672158446,PARTIAL,1,1,0,1,1,1,0,0,0,0,0,0,0,0,0,0,0,0,0,0,0,0,0,0,0,0,0,0,0,,1,0.7,0,0.29577464788732394,0,0.8028169014084507,0,PIT_SAFE,PIT_SAFE,PIT_SAFE,PIT_SAFE,PIT_SAFE,PIT_SAFE,PIT_SAFE,PIT_SAFE,PIT_SAFE,PIT_SAFE,PIT_SAFE,PIT_SAFE,PIT_SAFE,PIT_SAFE,PIT_SAFE,PIT_SAFE,PIT_SAFE,PIT_SAFE,PIT_SAFE,PIT_SAFE,PIT_SAFE,PIT_SAFE,PIT_SAFE,PIT_SAFE,PIT_SAFE,PIT_SAFE,PIT_SAFE,PIT_SAFE,PIT_SAFE,PIT_SAFE,PIT_SAFE,PIT_SAFE,PIT_SAFE,WEAK,0
2026-08-05,forecast_v2_fc1_v1,fc1_pit_features_v1,142,142,ems,forecast_t0_daily,,,0.0,,,,0.2887323943661972,0.14788732394366197,0.5070422535211268,0.02112676056338028,0.0,0.0,0.02112676056338028,0.014084507042253521,0.7605633802816901,0.23943661971830985,0.06338028169014084,44.84,0.5915492957746479,0.2535211267605634,4.540985915492957,3.583591549295775,0.8450704225352113,0.7183098591549296,4.59363610205446,0.2112676056338028,0.29577464788732394,0.13380281690140844,0.23321360721918782,PARTIAL,1,1,0,1,1,1,0,0,0,0,0,0,0,0,0,0,0,0,0,0,0,0,0,0,0,0,0,0,0,,1,1.7,0,0.323943661971831,0,0.7605633802816901,0,PIT_SAFE,PIT_SAFE,PIT_SAFE,PIT_SAFE,PIT_SAFE,PIT_SAFE,PIT_SAFE,PIT_SAFE,PIT_SAFE,PIT_SAFE,PIT_SAFE,PIT_SAFE,PIT_SAFE,PIT_SAFE,PIT_SAFE,PIT_SAFE,PIT_SAFE,PIT_SAFE,PIT_SAFE,PIT_SAFE,PIT_SAFE,PIT_SAFE,PIT_SAFE,PIT_SAFE,PIT_SAFE,PIT_SAFE,PIT_SAFE,PIT_SAFE,PIT_SAFE,PIT_SAFE,PIT_SAFE,PIT_SAFE,PIT_SAFE,WEAK,0
2026-08-06,forecast_v2_fc1_v1,fc1_pit_features_v1,142,142,ems,forecast_t0_daily,,,0.4,,,,0.3028169014084507,0.08450704225352113,0.5,0.04929577464788732,0.0,0.0,0.02112676056338028,0.04225352112676056,0.7605633802816901,0.2746478873239437,0.06338028169014084,45.89,0.5845070422535211,0.3591549295774648,1.895985915492958,2.6845774647887324,0.6408450704225352,0.6126760563380281,4.055871509543649,0.18309859154929578,0.28169014084507044,0.14788732394366197,0.3315242100477382,PARTIAL,1,1,0,1,1,1,0,0,0,0,0,0,0,0,0,0,0,0,0,0,0,0,0,0,0,0,0,0,0,,1,0.0,0,0.23943661971830985,0,0.5915492957746479,0,PIT_SAFE,PIT_SAFE,PIT_SAFE,PIT_SAFE,PIT_SAFE,PIT_SAFE,PIT_SAFE,PIT_SAFE,PIT_SAFE,PIT_SAFE,PIT_SAFE,PIT_SAFE,PIT_SAFE,PIT_SAFE,PIT_SAFE,PIT_SAFE,PIT_SAFE,PIT_SAFE,PIT_SAFE,PIT_SAFE,PIT_SAFE,PIT_SAFE,PIT_SAFE,PIT_SAFE,PIT_SAFE,PIT_SAFE,PIT_SAFE,PIT_SAFE,PIT_SAFE,PIT_SAFE,PIT_SAFE,PIT_SAFE,PIT_SAFE,WEAK,0
2026-08-07,forecast_v2_fc1_v1,fc1_pit_features_v1,142,142,ems,forecast_t0_daily,,,4.1,,,,0.08450704225352113,0.08450704225352113,0.5985915492957746,0.028169014084507043,0.0,0.02112676056338028,0.09154929577464789,0.09154929577464789,0.8943661971830986,0.4154929577464789,0.1267605633802817,48.82,0.8098591549295775,0.44366197183098594,4.141901408450704,5.585281690140845,0.8802816901408451,0.8591549295774648,4.419721427166747,0.11267605633802817,0.14084507042253522,0.24647887323943662,0.24546301352262875,PARTIAL,1,1,0,1,1,1,0,0,0,0,0,0,0,0,0,0,0,0,0,0,0,0,0,0,0,0,0,0,0,,1,0.4,0,0.2746478873239437,0,0.5845070422535211,0,PIT_SAFE,PIT_SAFE,PIT_SAFE,PIT_SAFE,PIT_SAFE,PIT_SAFE,PIT_SAFE,PIT_SAFE,PIT_SAFE,PIT_SAFE,PIT_SAFE,PIT_SAFE,PIT_SAFE,PIT_SAFE,PIT_SAFE,PIT_SAFE,PIT_SAFE,PIT_SAFE,PIT_SAFE,PIT_SAFE,PIT_SAFE,PIT_SAFE,PIT_SAFE,PIT_SAFE,PIT_SAFE,PIT_SAFE,PIT_SAFE,PIT_SAFE,PIT_SAFE,PIT_SAFE,PIT_SAFE,PIT_SAFE,PIT_SAFE,MID,1
2026-08-08,forecast_v2_fc1_v1,fc1_pit_features_v1,142,142,observations,board_same_day,,,,,,,0.0,0.0,0.0,0.0,0.0,0.0,0.0,0.0,0.7746478873239436,0.30985915492957744,0.07042253521126761,45.775000000000006,0.0,0.0,2.716267605633803,4.143521126760564,0.8169014084507042,0.7816901408450704,3.6514933521682575,,,,0.26821028925329016,PARTIAL,1,1,1,1,1,1,0,0,0,0,0,0,0,0,0,0,0,0,0,0,0,0,0,0,0,1,1,1,0,,1,4.1,0,0.4154929577464789,0,0.8098591549295775,0,PIT_SAFE,PIT_SAFE,PIT_SAFE,PIT_SAFE,PIT_SAFE,PIT_SAFE,PIT_SAFE,PIT_SAFE,PIT_SAFE,PIT_SAFE,PIT_SAFE,PIT_SAFE,PIT_SAFE,PIT_SAFE,PIT_SAFE,PIT_SAFE,PIT_SAFE,PIT_SAFE,PIT_SAFE,PIT_SAFE,PIT_SAFE,PIT_SAFE,PIT_SAFE,PIT_SAFE,PIT_SAFE,PIT_SAFE,PIT_SAFE,PIT_SAFE,PIT_SAFE,PIT_SAFE,PIT_SAFE,PIT_SAFE,PIT_SAFE,WEAK,2
2026-08-10,forecast_v2_fc1_v1,fc1_pit_features_v1,142,142,ems,forecast_t0_daily,,,4.2,,,,0.056338028169014086,0.07746478873239436,0.6338028169014085,0.035211267605633804,0.0,0.02112676056338028,0.07042253521126761,0.1056338028169014,0.9366197183098591,0.5140845070422535,0.16901408450704225,50.260000000000005,0.8169014084507042,0.5633802816901409,2.499014084507042,9.160704225352115,0.7605633802816901,0.9295774647887324,3.752810069566529,0.08450704225352113,0.11267605633802817,0.3380281690140845,0.29403419696856564,PARTIAL,1,1,0,1,1,1,0,0,0,0,0,0,0,0,0,0,0,0,0,0,0,0,0,0,0,0,0,0,0,,1,,1,0.30985915492957744,0,0.0,0,PIT_SAFE,PIT_SAFE,PIT_SAFE,PIT_SAFE,PIT_SAFE,PIT_SAFE,PIT_SAFE,PIT_SAFE,PIT_SAFE,PIT_SAFE,PIT_SAFE,PIT_SAFE,PIT_SAFE,PIT_SAFE,PIT_SAFE,PIT_SAFE,PIT_SAFE,PIT_SAFE,PIT_SAFE,PIT_SAFE,PIT_SAFE,PIT_SAFE,PIT_SAFE,PIT_SAFE,PIT_SAFE,PIT_SAFE,PIT_SAFE,PIT_SAFE,PIT_SAFE,PIT_SAFE,PIT_SAFE,PIT_SAFE,PIT_SAFE,MID,3
2026-08-11,forecast_v2_fc1_v1,fc1_pit_features_v1,142,142,ems,forecast_t0_daily,,,3.1,,,,0.07746478873239436,0.09154929577464789,0.6267605633802817,0.09154929577464789,0.0,0.007042253521126761,0.02112676056338028,0.08450704225352113,0.9366197183098591,0.49295774647887325,0.11267605633802817,49.725,0.8098591549295775,0.6338028169014085,1.6371830985915492,7.5154225352112665,0.6830985915492958,0.9295774647887324,3.381156033410098,0.07042253521126761,0.11267605633802817,0.323943661971831,0.36012916967260983,PARTIAL,1,1,0,1,1,1,0,0,0,0,0,0,0,0,0,0,0,0,0,0,0,0,0,0,0,0,0,0,0,,1,4.2,0,0.5140845070422535,0,0.8169014084507042,0,PIT_SAFE,PIT_SAFE,PIT_SAFE,PIT_SAFE,PIT_SAFE,PIT_SAFE,PIT_SAFE,PIT_SAFE,PIT_SAFE,PIT_SAFE,PIT_SAFE,PIT_SAFE,PIT_SAFE,PIT_SAFE,PIT_SAFE,PIT_SAFE,PIT_SAFE,PIT_SAFE,PIT_SAFE,PIT_SAFE,PIT_SAFE,PIT_SAFE,PIT_SAFE,PIT_SAFE,PIT_SAFE,PIT_SAFE,PIT_SAFE,PIT_SAFE,PIT_SAFE,PIT_SAFE,PIT_SAFE,PIT_SAFE,PIT_SAFE,MID,3
2026-08-12,forecast_v2_fc1_v1,fc1_pit_features_v1,142,142,ems,forecast_t0_daily,,,4.2,,,,0.04225352112676056,0.056338028169014086,0.676056338028169,0.06338028169014084,0.0,0.02112676056338028,0.04225352112676056,0.09859154929577464,0.9507042253521126,0.5492957746478874,0.16901408450704225,50.555,0.7887323943661971,0.8169014084507042,2.237887323943662,7.319154929577466,0.7605633802816901,0.9507042253521126,3.464543982761752,0.07042253521126761,0.09859154929577464,0.33098591549295775,0.28416735028712053,PARTIAL,1,1,0,1,1,1,0,0,0,0,0,0,0,0,0,0,0,0,0,0,0,0,0,0,0,0,0,0,0,,1,3.1,0,0.49295774647887325,0,0.8098591549295775,0,PIT_SAFE,PIT_SAFE,PIT_SAFE,PIT_SAFE,PIT_SAFE,PIT_SAFE,PIT_SAFE,PIT_SAFE,PIT_SAFE,PIT_SAFE,PIT_SAFE,PIT_SAFE,PIT_SAFE,PIT_SAFE,PIT_SAFE,PIT_SAFE,PIT_SAFE,PIT_SAFE,PIT_SAFE,PIT_SAFE,PIT_SAFE,PIT_SAFE,PIT_SAFE,PIT_SAFE,PIT_SAFE,PIT_SAFE,PIT_SAFE,PIT_SAFE,PIT_SAFE,PIT_SAFE,PIT_SAFE,PIT_SAFE,PIT_SAFE,MID,3
2026-08-13,forecast_v2_fc1_v1,fc1_pit_features_v1,142,142,ems,mdt0,7.0,8.6,1.7,39.0,-1.5709579052407885,🟡 TRUNG TÍNH,0.33098591549295775,0.1056338028169014,0.39436619718309857,0.06338028169014084,0.0,0.014084507042253521,0.007042253521126761,0.08450704225352113,0.8732394366197183,0.39436619718309857,0.11971830985915492,46.959999999999994,0.5140845070422535,0.8380281690140845,1.828661971830986,3.0620422535211262,0.647887323943662,0.6971830985915493,3.6739368084060215,0.14788732394366197,0.19014084507042253,0.2605633802816901,0.3167946979966862,COMPLETE,0,0,0,0,0,0,0,0,0,0,0,0,0,0,0,0,0,0,0,0,0,0,0,0,0,0,0,0,0,,1,4.2,0,0.5492957746478874,0,0.7887323943661971,0,PIT_SAFE,PIT_SAFE,PIT_SAFE,PIT_SAFE,PIT_SAFE,PIT_SAFE,PIT_SAFE,PIT_SAFE,PIT_SAFE,PIT_SAFE,PIT_SAFE,PIT_SAFE,PIT_SAFE,PIT_SAFE,PIT_SAFE,PIT_SAFE,PIT_SAFE,PIT_SAFE,PIT_SAFE,PIT_SAFE,PIT_SAFE,PIT_SAFE,PIT_SAFE,PIT_SAFE,PIT_SAFE,PIT_SAFE,PIT_SAFE,PIT_SAFE,PIT_SAFE,PIT_SAFE,PIT_SAFE,PIT_SAFE,PIT_SAFE,MID,3
2026-08-14,forecast_v2_fc1_v1,fc1_pit_features_v1,142,142,ems,mdt0,5.6,7.6,1.0,29.0,-1.957359945565884,🔴 MÙA ĐÔNG,0.4084507042253521,0.16901408450704225,0.33098591549295775,0.035211267605633804,0.0,0.0,0.0,0.056338028169014086,0.7535211267605634,0.2887323943661972,0.07746478873239436,44.865,0.3591549295774648,0.8450704225352113,-0.13605633802816916,2.577816901408451,0.39436619718309857,0.6830985915492958,3.3997676094436153,0.2112676056338028,0.30985915492957744,0.14084507042253522,0.47479343791162737,COMPLETE,0,0,0,0,0,0,0,0,0,0,0,0,0,0,0,0,0,0,0,0,0,0,0,0,0,0,0,0,0,7.0,0,1.7,0,0.39436619718309857,0,0.5140845070422535,0,PIT_SAFE,PIT_SAFE,PIT_SAFE,PIT_SAFE,PIT_SAFE,PIT_SAFE,PIT_SAFE,PIT_SAFE,PIT_SAFE,PIT_SAFE,PIT_SAFE,PIT_SAFE,PIT_SAFE,PIT_SAFE,PIT_SAFE,PIT_SAFE,PIT_SAFE,PIT_SAFE,PIT_SAFE,PIT_SAFE,PIT_SAFE,PIT_SAFE,PIT_SAFE,PIT_SAFE,PIT_SAFE,PIT_SAFE,PIT_SAFE,PIT_SAFE,PIT_SAFE,PIT_SAFE,PIT_SAFE,PIT_SAFE,PIT_SAFE,WEAK,4
2026-08-17,forecast_v2_fc1_v1,fc1_pit_features_v1,142,142,ems,mdt0,6.2,7.8,1.4,32.0,-0.0202568569460659,🟡 TRUNG TÍNH,0.29577464788732394,0.176056338028169,0.39436619718309857,0.056338028169014086,0.0,0.0,0.007042253521126761,0.07042253521126761,0.795774647887324,0.31690140845070425,0.09154929577464789,45.925,0.4507042253521127,0.8098591549295775,-1.485211267605634,0.6075352112676055,0.2323943661971831,0.47183098591549294,3.010598234254961,0.20422535211267606,0.31690140845070425,0.16901408450704225,0.5730853620311358,COMPLETE,0,0,0,0,0,0,0,0,0,0,0,0,0,0,0,0,0,0,0,0,0,0,0,0,0,0,0,0,0,5.6,0,1.0,0,0.2887323943661972,0,0.3591549295774648,0,PIT_SAFE,PIT_SAFE,PIT_SAFE,PIT_SAFE,PIT_SAFE,PIT_SAFE,PIT_SAFE,PIT_SAFE,PIT_SAFE,PIT_SAFE,PIT_SAFE,PIT_SAFE,PIT_SAFE,PIT_SAFE,PIT_SAFE,PIT_SAFE,PIT_SAFE,PIT_SAFE,PIT_SAFE,PIT_SAFE,PIT_SAFE,PIT_SAFE,PIT_SAFE,PIT_SAFE,PIT_SAFE,PIT_SAFE,PIT_SAFE,PIT_SAFE,PIT_SAFE,PIT_SAFE,PIT_SAFE,PIT_SAFE,PIT_SAFE,MID,5
2026-08-18,forecast_v2_fc1_v1,fc1_pit_features_v1,142,142,ems,mdt0,5.7,7.6,1.3,30.0,0.2546856368877526,🔴 MÙA ĐÔNG,0.31690140845070425,0.24647887323943662,0.28169014084507044,0.04225352112676056,0.0,0.0,0.014084507042253521,0.09859154929577464,0.6830985915492958,0.2605633802816901,0.09154929577464789,43.53,0.4014084507042254,0.7605633802816901,-2.0033098591549297,-0.6939436619718308,0.24647887323943662,0.31690140845070425,3.704636872516262,0.28169014084507044,0.3591549295774648,0.19014084507042253,0.6043260602625862,COMPLETE,0,0,0,0,0,0,0,0,0,0,0,0,0,0,0,0,0,0,0,0,0,0,0,0,0,0,0,0,0,6.2,0,1.4,0,0.31690140845070425,0,0.4507042253521127,0,PIT_SAFE,PIT_SAFE,PIT_SAFE,PIT_SAFE,PIT_SAFE,PIT_SAFE,PIT_SAFE,PIT_SAFE,PIT_SAFE,PIT_SAFE,PIT_SAFE,PIT_SAFE,PIT_SAFE,PIT_SAFE,PIT_SAFE,PIT_SAFE,PIT_SAFE,PIT_SAFE,PIT_SAFE,PIT_SAFE,PIT_SAFE,PIT_SAFE,PIT_SAFE,PIT_SAFE,PIT_SAFE,PIT_SAFE,PIT_SAFE,PIT_SAFE,PIT_SAFE,PIT_SAFE,PIT_SAFE,PIT_SAFE,PIT_SAFE,WEAK,6
2026-08-19,forecast_v2_fc1_v1,fc1_pit_features_v1,142,142,ems,mdt0,5.0,7.1,1.2,26.0,-0.3077331670534922,🔴 MÙA ĐÔNG,0.4154929577464789,0.20422535211267606,0.2605633802816901,0.04929577464788732,0.0,0.0,0.007042253521126761,0.06338028169014084,0.6619718309859155,0.2676056338028169,0.09154929577464789,44.375,0.323943661971831,0.704225352112676,-2.5380281690140842,-0.6178169014084508,0.18309859154929578,0.34507042253521125,3.674080236991751,0.2887323943661972,0.38028169014084506,0.16901408450704225,0.7069417938931297,COMPLETE,0,0,0,0,0,0,0,0,0,0,0,0,0,0,0,0,0,0,0,0,0,0,0,0,0,0,0,0,0,5.7,0,1.3,0,0.2605633802816901,0,0.4014084507042254,0,PIT_SAFE,PIT_SAFE,PIT_SAFE,PIT_SAFE,PIT_SAFE,PIT_SAFE,PIT_SAFE,PIT_SAFE,PIT_SAFE,PIT_SAFE,PIT_SAFE,PIT_SAFE,PIT_SAFE,PIT_SAFE,PIT_SAFE,PIT_SAFE,PIT_SAFE,PIT_SAFE,PIT_SAFE,PIT_SAFE,PIT_SAFE,PIT_SAFE,PIT_SAFE,PIT_SAFE,PIT_SAFE,PIT_SAFE,PIT_SAFE,PIT_SAFE,PIT_SAFE,PIT_SAFE,PIT_SAFE,PIT_SAFE,PIT_SAFE,WEAK,6
2026-08-20,forecast_v2_fc1_v1,fc1_pit_features_v1,142,142,ems,mdt0,5.3,7.2,1.1,28.0,-0.0760561432621154,🔴 MÙA ĐÔNG,0.4084507042253521,0.11971830985915492,0.3380281690140845,0.04225352112676056,0.0,0.0,0.007042253521126761,0.08450704225352113,0.7394366197183099,0.323943661971831,0.09154929577464789,46.205,0.39436619718309857,0.676056338028169,-1.0108450704225351,0.7981690140845067,0.30985915492957744,0.4788732394366197,3.1492731330589177,0.28169014084507044,0.34507042253521125,0.19718309859154928,0.5656734428664253,COMPLETE,0,0,0,0,0,0,0,0,0,0,0,0,0,0,0,0,0,0,0,0,0,0,0,0,0,0,0,0,0,5.0,0,1.2,0,0.2676056338028169,0,0.323943661971831,0,PIT_SAFE,PIT_SAFE,PIT_SAFE,PIT_SAFE,PIT_SAFE,PIT_SAFE,PIT_SAFE,PIT_SAFE,PIT_SAFE,PIT_SAFE,PIT_SAFE,PIT_SAFE,PIT_SAFE,PIT_SAFE,PIT_SAFE,PIT_SAFE,PIT_SAFE,PIT_SAFE,PIT_SAFE,PIT_SAFE,PIT_SAFE,PIT_SAFE,PIT_SAFE,PIT_SAFE,PIT_SAFE,PIT_SAFE,PIT_SAFE,PIT_SAFE,PIT_SAFE,PIT_SAFE,PIT_SAFE,PIT_SAFE,PIT_SAFE,WEAK,6
2026-08-21,forecast_v2_fc1_v1,fc1_pit_features_v1,142,142,ems,mdt0,9.0,9.6,3.8,61.0,1.9959388988878053,🟡 TRUNG TÍNH,0.056338028169014086,0.07042253521126761,0.6197183098591549,0.04929577464788732,0.0,0.007042253521126761,0.04929577464788732,0.14788732394366197,0.9436619718309859,0.6126760563380281,0.14084507042253522,51.795,0.7816901408450704,0.7183098591549296,1.9901408450704228,2.0550704225352114,0.7676056338028169,0.6690140845070423,2.907533620282252,0.11267605633802817,0.1619718309859155,0.4647887323943662,0.21846656362098632,COMPLETE,0,0,0,0,0,0,0,0,0,0,0,0,0,0,0,0,0,0,0,0,0,0,0,0,0,0,0,0,0,5.3,0,1.1,0,0.323943661971831,0,0.39436619718309857,0,PIT_SAFE,PIT_SAFE,PIT_SAFE,PIT_SAFE,PIT_SAFE,PIT_SAFE,PIT_SAFE,PIT_SAFE,PIT_SAFE,PIT_SAFE,PIT_SAFE,PIT_SAFE,PIT_SAFE,PIT_SAFE,PIT_SAFE,PIT_SAFE,PIT_SAFE,PIT_SAFE,PIT_SAFE,PIT_SAFE,PIT_SAFE,PIT_SAFE,PIT_SAFE,PIT_SAFE,PIT_SAFE,PIT_SAFE,PIT_SAFE,PIT_SAFE,PIT_SAFE,PIT_SAFE,PIT_SAFE,PIT_SAFE,PIT_SAFE,STRONG,7
2026-08-24,forecast_v2_fc1_v1,fc1_pit_features_v1,142,142,ems,mdt0,9.6,10.1,3.6,69.0,0.0693690770556143,🟡 TRUNG TÍNH,0.13380281690140844,0.06338028169014084,0.49295774647887325,0.09859154929577464,0.0,0.04225352112676056,0.04929577464788732,0.11971830985915492,0.9647887323943662,0.6901408450704225,0.2112676056338028,53.775,0.7535211267605634,0.6901408450704225,2.677887323943662,1.1347887323943664,0.823943661971831,0.5211267605633803,3.0638430952052293,0.14084507042253522,0.14084507042253522,0.5774647887323944,0.23771991898684752,COMPLETE,0,0,0,0,0,0,0,0,0,0,0,0,0,0,0,0,0,0,0,0,0,0,0,0,0,0,0,0,0,9.0,0,3.8,0,0.6126760563380281,0,0.7816901408450704,0,PIT_SAFE,PIT_SAFE,PIT_SAFE,PIT_SAFE,PIT_SAFE,PIT_SAFE,PIT_SAFE,PIT_SAFE,PIT_SAFE,PIT_SAFE,PIT_SAFE,PIT_SAFE,PIT_SAFE,PIT_SAFE,PIT_SAFE,PIT_SAFE,PIT_SAFE,PIT_SAFE,PIT_SAFE,PIT_SAFE,PIT_SAFE,PIT_SAFE,PIT_SAFE,PIT_SAFE,PIT_SAFE,PIT_SAFE,PIT_SAFE,PIT_SAFE,PIT_SAFE,PIT_SAFE,PIT_SAFE,PIT_SAFE,PIT_SAFE,STRONG,7
