trade_date,symbol,exchange,foreign_buy_value,foreign_sell_value,foreign_net_value,foreign_buy_volume,foreign_sell_volume,foreign_net_volume,biglot_buy_value,biglot_sell_value,biglot_buy_volume,biglot_sell_volume,open_price,high_price,low_price,close_price,average_price,source,source_scope,source_units,fetched_at,schema_version,row_hash
2025-10-21,TCX,HOSE,255799670000.0,69500950000.0,186298720000.0,5141000.0,1398600.0,3742400.0,0.0,0.0,0.0,0.0,49800.0,51000.0,48450.0,48950.0,49700.0,HSX_FOREIGN_API,HOSE_SYMBOL_LEVEL,VND,2026-08-25T04:29:05Z,ff_hsx_symbol_daily_v1,ea7eed092a177057451fa3096f0f514f9e18e39711736574a0daec5e79ecb9b5
2025-10-22,TCX,HOSE,125338425000.0,2354450.0,125336070550.0,2613700.0,49.0,2613651.0,0.0,0.0,0.0,0.0,49000.0,49000.0,47300.0,48050.0,47950.0,HSX_FOREIGN_API,HOSE_SYMBOL_LEVEL,VND,2026-08-25T04:29:05Z,ff_hsx_symbol_daily_v1,097e78ead8d6eacd0a2b99f957dae7a4441f47c2d5c1f154584bbdc7917072ac
2025-10-23,TCX,HOSE,17594800000.0,0.0,17594800000.0,371900.0,0.0,371900.0,0.0,0.0,0.0,0.0,47600.0,48000.0,46700.0,47900.0,47250.0,HSX_FOREIGN_API,HOSE_SYMBOL_LEVEL,VND,2026-08-25T04:29:05Z,ff_hsx_symbol_daily_v1,684fb42cf680b75a276b2c728a5b2da8ff49d11d7ff35be3bcb696e857860095
2025-10-24,TCX,HOSE,49763995000.0,46786772000.0,2977223000.0,1058500.0,1002010.0,56490.0,0.0,0.0,0.0,0.0,47000.0,47900.0,46500.0,46950.0,46850.0,HSX_FOREIGN_API,HOSE_SYMBOL_LEVEL,VND,2026-08-25T04:29:05Z,ff_hsx_symbol_daily_v1,ed6808a534b8ea1f7088397a6ed4d1969b7d1f435aee74a1ed017cbf870891a8
2025-10-27,TCX,HOSE,238425803550.0,223620898550.0,14804905000.0,5091689.0,4770389.0,321300.0,207673418550.0,207673418550.0,4423289.0,4423289.0,46850.0,46950.0,45550.0,45650.0,46000.0,HSX_FOREIGN_API,HOSE_SYMBOL_LEVEL,VND,2026-08-25T04:29:05Z,ff_hsx_symbol_daily_v1,8d5272444e7515f27739448f7b9af464365ead5d1eae74df4cfecc30aa20de77
2025-10-28,TCX,HOSE,15431755000.0,55280846850.0,-39849091850.0,356000.0,1279544.0,-923544.0,0.0,0.0,0.0,0.0,44600.0,45000.0,42500.0,43900.0,43350.0,HSX_FOREIGN_API,HOSE_SYMBOL_LEVEL,VND,2026-08-25T04:29:05Z,ff_hsx_symbol_daily_v1,05d7ae83b2876aa7eec930c4f91095c1b491ca97adc31dcc5c6f3c751a2447ce
2025-10-29,TCX,HOSE,1923960000.0,7128305000.0,-5204345000.0,43300.0,159900.0,-116600.0,0.0,0.0,0.0,0.0,44900.0,45050.0,43950.0,45050.0,44700.0,HSX_FOREIGN_API,HOSE_SYMBOL_LEVEL,VND,2026-08-25T04:29:05Z,ff_hsx_symbol_daily_v1,77006e711f6683ab1aebf29140a8e8948c18a0a680996d77647e3b904b7a5067
2025-10-30,TCX,HOSE,6726335000.0,285240000.0,6441095000.0,150600.0,6400.0,144200.0,0.0,0.0,0.0,0.0,45000.0,45500.0,43800.0,45500.0,44750.0,HSX_FOREIGN_API,HOSE_SYMBOL_LEVEL,VND,2026-08-25T04:29:05Z,ff_hsx_symbol_daily_v1,986bbd285ddd525a25b0bd82558181533ac55f0cb77679623781508340b445bf
2025-10-31,TCX,HOSE,87540225570.0,34468439120.0,53071786450.0,1916500.0,754830.0,1161670.0,39308941120.0,25701069120.0,860830.0,562830.0,45500.0,46250.0,45000.0,45250.0,45650.0,HSX_FOREIGN_API,HOSE_SYMBOL_LEVEL,VND,2026-08-25T04:29:05Z,ff_hsx_symbol_daily_v1,6024ba289812f5efe00280ec052a615ab85b176ad938222a25b5da3a2712caf0
2025-11-03,TCX,HOSE,16718110000.0,7155950000.0,9562160000.0,381600.0,162300.0,219300.0,0.0,0.0,0.0,0.0,45250.0,46000.0,43400.0,43400.0,44100.0,HSX_FOREIGN_API,HOSE_SYMBOL_LEVEL,VND,2026-08-25T04:29:05Z,ff_hsx_symbol_daily_v1,f3fe1bb3500f9d20271d7fed16ae082dc38faeb96c4df997173d4f31ac3b5d96
2025-11-04,TCX,HOSE,33716755000.0,13710690000.0,20006065000.0,753100.0,313000.0,440100.0,0.0,0.0,0.0,0.0,43000.0,46000.0,42100.0,45950.0,43700.0,HSX_FOREIGN_API,HOSE_SYMBOL_LEVEL,VND,2026-08-25T04:29:05Z,ff_hsx_symbol_daily_v1,ef45281597b66cce529f36eb1ddbe6d935f2d5c6ec9af61d56eedcae84882802
2025-11-05,TCX,HOSE,3627815000.0,7996475000.0,-4368660000.0,80500.0,179000.0,-98500.0,0.0,0.0,0.0,0.0,45800.0,45800.0,43900.0,44950.0,44750.0,HSX_FOREIGN_API,HOSE_SYMBOL_LEVEL,VND,2026-08-25T04:29:05Z,ff_hsx_symbol_daily_v1,b0f717976026bb2cde22b282587d8d9958319f4d09e427fee7435ba891bcff22
2025-11-06,TCX,HOSE,4180005000.0,5161210000.0,-981205000.0,95100.0,117500.0,-22400.0,0.0,0.0,0.0,0.0,44700.0,45000.0,43500.0,43800.0,43900.0,HSX_FOREIGN_API,HOSE_SYMBOL_LEVEL,VND,2026-08-25T04:29:05Z,ff_hsx_symbol_daily_v1,9551bfa8ae31c0568699b50013cae7441a3e2585c32a0bdb33d19718515efe71
2025-11-07,TCX,HOSE,58639360000.0,11301040000.0,47338320000.0,1327600.0,256900.0,1070700.0,12420200000.0,0.0,281000.0,0.0,43500.0,44650.0,43000.0,43300.0,44050.0,HSX_FOREIGN_API,HOSE_SYMBOL_LEVEL,VND,2026-08-25T04:29:05Z,ff_hsx_symbol_daily_v1,3dff1f13181cf50dc2727a2427c0938b5e759a1f59e83a3d02acb2dfa40b7369
2025-11-10,TCX,HOSE,17655095000.0,19573685000.0,-1918590000.0,405300.0,449800.0,-44500.0,0.0,0.0,0.0,0.0,43050.0,43900.0,43050.0,43350.0,43500.0,HSX_FOREIGN_API,HOSE_SYMBOL_LEVEL,VND,2026-08-25T04:29:05Z,ff_hsx_symbol_daily_v1,c2dc99fadba5d82a929f8839745007ddc40868430e8fc6d8cb9fafa29f54e9ac
2025-11-11,TCX,HOSE,13288820000.0,46348135000.0,-33059315000.0,305900.0,1067500.0,-761600.0,0.0,0.0,0.0,0.0,43450.0,43700.0,43250.0,43250.0,43400.0,HSX_FOREIGN_API,HOSE_SYMBOL_LEVEL,VND,2026-08-25T04:29:05Z,ff_hsx_symbol_daily_v1,6c0fc9629037ad6d7a71e259f8b90c2b9ef274e0fcf1e8a07eff3f069e78a919
2025-11-12,TCX,HOSE,51116160000.0,147104660000.0,-95988500000.0,1189600.0,3430300.0,-2240700.0,0.0,0.0,0.0,0.0,43500.0,43500.0,42450.0,43200.0,42900.0,HSX_FOREIGN_API,HOSE_SYMBOL_LEVEL,VND,2026-08-25T04:29:05Z,ff_hsx_symbol_daily_v1,bf6bd209b24c2a532ddd496c31876a6d907fbd082374d386a5a0728d67dcaee1
2025-11-13,TCX,HOSE,53326490000.0,64655700000.0,-11329210000.0,1243700.0,1507700.0,-264000.0,21435500000.0,21435500000.0,500000.0,500000.0,43250.0,43250.0,42700.0,42800.0,42900.0,HSX_FOREIGN_API,HOSE_SYMBOL_LEVEL,VND,2026-08-25T04:29:05Z,ff_hsx_symbol_daily_v1,78a25a3dfd137f0fd9f5ea5c8cc4bd81b64e6b80618ffd114baa1be0828d8f5d
2025-11-14,TCX,HOSE,62023270000.0,29967725000.0,32055545000.0,1421200.0,686400.0,734800.0,0.0,0.0,0.0,0.0,43050.0,44150.0,43000.0,44100.0,43700.0,HSX_FOREIGN_API,HOSE_SYMBOL_LEVEL,VND,2026-08-25T04:29:05Z,ff_hsx_symbol_daily_v1,7e54a78b316bcd7342f494562b1829edabeb0158e951227604ec68248a5b5c00
2025-11-17,TCX,HOSE,74601070000.0,27266780000.0,47334290000.0,1660600.0,608300.0,1052300.0,14793840000.0,2200000000.0,330000.0,50000.0,43800.0,45500.0,43600.0,45100.0,44850.0,HSX_FOREIGN_API,HOSE_SYMBOL_LEVEL,VND,2026-08-25T04:29:05Z,ff_hsx_symbol_daily_v1,cb035b64973219a2429843e997336735d2b42e9468c8c52dbf4c7ba3973e26e9
2025-11-18,TCX,HOSE,85586365000.0,27845540000.0,57740825000.0,1895300.0,617300.0,1278000.0,0.0,0.0,0.0,0.0,45000.0,45450.0,44500.0,45400.0,45100.0,HSX_FOREIGN_API,HOSE_SYMBOL_LEVEL,VND,2026-08-25T04:29:05Z,ff_hsx_symbol_daily_v1,6a667711865c646d1a445fc9ffcb5a803bea2cb6c4b3f85332c63f11419128e2
2025-11-19,TCX,HOSE,47929700000.0,30425890000.0,17503810000.0,1063600.0,677300.0,386300.0,0.0,0.0,0.0,0.0,45300.0,45350.0,44500.0,45000.0,44950.0,HSX_FOREIGN_API,HOSE_SYMBOL_LEVEL,VND,2026-08-25T04:29:05Z,ff_hsx_symbol_daily_v1,544008a23e786606c8900779aa52069d86fef29a0d741a3dc3b988f1e4282852
2025-11-20,TCX,HOSE,13977800000.0,10260725000.0,3717075000.0,312500.0,229800.0,82700.0,0.0,0.0,0.0,0.0,44800.0,45200.0,44050.0,45000.0,44700.0,HSX_FOREIGN_API,HOSE_SYMBOL_LEVEL,VND,2026-08-25T04:29:05Z,ff_hsx_symbol_daily_v1,f1f3332c9ef3e582c160fc875982d013e4b6a00bb48d8aac00d37090637c2340
2025-11-21,TCX,HOSE,33076415000.0,13861015000.0,19215400000.0,741700.0,311400.0,430300.0,0.0,0.0,0.0,0.0,44850.0,44950.0,44100.0,44950.0,44550.0,HSX_FOREIGN_API,HOSE_SYMBOL_LEVEL,VND,2026-08-25T04:29:05Z,ff_hsx_symbol_daily_v1,073433cfb25b57f77c12fa9ded66324414c30e8e9763715c255bc44d83222422
2025-11-24,TCX,HOSE,101337875000.0,49050025000.0,52287850000.0,2212700.0,1069400.0,1143300.0,9217400000.0,9217400000.0,200000.0,200000.0,45000.0,46700.0,44650.0,45700.0,45850.0,HSX_FOREIGN_API,HOSE_SYMBOL_LEVEL,VND,2026-08-25T04:29:05Z,ff_hsx_symbol_daily_v1,41e490cf33def03f834d27033c29a5b438559844f33b6f52d1da9189ecd52995
2025-11-25,TCX,HOSE,15148895000.0,11782417500.0,3366477500.0,333100.0,259250.0,73850.0,0.0,0.0,0.0,0.0,45700.0,45850.0,45000.0,45600.0,45500.0,HSX_FOREIGN_API,HOSE_SYMBOL_LEVEL,VND,2026-08-25T04:29:05Z,ff_hsx_symbol_daily_v1,cff6715af2c1d35eb27d3b9262d58ca1c7ab69188777194de1074e7a1e48d273
2025-11-26,TCX,HOSE,67365080000.0,331995000.0,67033085000.0,1459400.0,7200.0,1452200.0,0.0,0.0,0.0,0.0,45600.0,46500.0,45400.0,46500.0,46100.0,HSX_FOREIGN_API,HOSE_SYMBOL_LEVEL,VND,2026-08-25T04:29:05Z,ff_hsx_symbol_daily_v1,26d3bc219ab30615b0bc46c1b8a822ff6cb66e8b51a3513bce655058c5492a21
2025-11-27,TCX,HOSE,161052550000.0,44623010000.0,116429540000.0,3415900.0,946300.0,2469600.0,0.0,0.0,0.0,0.0,46550.0,47400.0,45950.0,47150.0,47150.0,HSX_FOREIGN_API,HOSE_SYMBOL_LEVEL,VND,2026-08-25T04:29:05Z,ff_hsx_symbol_daily_v1,e7da2c33fada10b5545c08d031c01e9b4a384b892d5603cb9a70b3632033c696
2025-11-28,TCX,HOSE,39731470000.0,18665650000.0,21065820000.0,849600.0,399500.0,450100.0,0.0,0.0,0.0,0.0,47150.0,47200.0,46250.0,47000.0,46700.0,HSX_FOREIGN_API,HOSE_SYMBOL_LEVEL,VND,2026-08-25T04:29:05Z,ff_hsx_symbol_daily_v1,fca65ca80ebe55f80e8d055bc278f7ba1c7bbc19c373688290a4d3f85dc0ac5b
2025-12-01,TCX,HOSE,15096660000.0,2673605000.0,12423055000.0,326100.0,57200.0,268900.0,0.0,0.0,0.0,0.0,47000.0,47050.0,46050.0,46150.0,46300.0,HSX_FOREIGN_API,HOSE_SYMBOL_LEVEL,VND,2026-08-25T04:29:05Z,ff_hsx_symbol_daily_v1,fed6f7ca41d71b566e84963d32a0f60d80dd8147cda57aec754bef0fe062d67b
2025-12-02,TCX,HOSE,74471375000.0,23993390000.0,50477985000.0,1615500.0,519300.0,1096200.0,21960200000.0,4623200000.0,475000.0,100000.0,46150.0,46750.0,45100.0,46750.0,45950.0,HSX_FOREIGN_API,HOSE_SYMBOL_LEVEL,VND,2026-08-25T04:29:05Z,ff_hsx_symbol_daily_v1,1bc1fdf06d63cade79e446aab0be60075bf863c252773a353984f246fdf01a1b
2025-12-03,TCX,HOSE,1469300000.0,10913425000.0,-9444125000.0,31500.0,235100.0,-203600.0,0.0,0.0,0.0,0.0,46200.0,46750.0,46050.0,46700.0,46450.0,HSX_FOREIGN_API,HOSE_SYMBOL_LEVEL,VND,2026-08-25T04:29:05Z,ff_hsx_symbol_daily_v1,934451ad540ad8e52f1c207d2b7e7c2319b682ea6ebb609a4a513b2cc7906f95
2025-12-04,TCX,HOSE,103835385000.0,46836255000.0,56999130000.0,2210100.0,995700.0,1214400.0,0.0,0.0,0.0,0.0,47050.0,47250.0,46700.0,47150.0,47000.0,HSX_FOREIGN_API,HOSE_SYMBOL_LEVEL,VND,2026-08-25T04:29:05Z,ff_hsx_symbol_daily_v1,95d09f47111d7901dd30b075248af3abf3215be30e365f57471d9a5f49a5970b
2025-12-05,TCX,HOSE,44399150000.0,18913580000.0,25485570000.0,947100.0,403600.0,543500.0,0.0,0.0,0.0,0.0,46850.0,47200.0,46350.0,46500.0,46850.0,HSX_FOREIGN_API,HOSE_SYMBOL_LEVEL,VND,2026-08-25T04:29:05Z,ff_hsx_symbol_daily_v1,241fbdf3d153828992ec1ac18902c2d90d6fa5c7f2d1c537a622d4274abcabfb
2025-12-08,TCX,HOSE,9373680000.0,8556985000.0,816695000.0,202400.0,185600.0,16800.0,0.0,0.0,0.0,0.0,46100.0,46450.0,45850.0,46400.0,46100.0,HSX_FOREIGN_API,HOSE_SYMBOL_LEVEL,VND,2026-08-25T04:29:05Z,ff_hsx_symbol_daily_v1,b53a160d06538303ebc83d9f17cae9454e1858ec0dce1cbda3e295b976b76eb9
2025-12-09,TCX,HOSE,14928450000.0,15774568200.0,-846118200.0,326400.0,345379.0,-18979.0,0.0,0.0,0.0,0.0,46100.0,46400.0,45350.0,45600.0,45750.0,HSX_FOREIGN_API,HOSE_SYMBOL_LEVEL,VND,2026-08-25T04:29:05Z,ff_hsx_symbol_daily_v1,adc0f904614a59df54aafee72fc8daad33b95ba4b8fc9521c9bcb106a26be235
2025-12-10,TCX,HOSE,11955595000.0,1101095000.0,10854500000.0,261400.0,24100.0,237300.0,0.0,0.0,0.0,0.0,45500.0,46400.0,45300.0,46000.0,45800.0,HSX_FOREIGN_API,HOSE_SYMBOL_LEVEL,VND,2026-08-25T04:29:05Z,ff_hsx_symbol_daily_v1,ee6e2ce3415210fbfb0621d2eabc813e544e4a4b0a05c49b32fb0cad42ce3c9b
2025-12-11,TCX,HOSE,491245000.0,969290000.0,-478045000.0,10800.0,21300.0,-10500.0,0.0,0.0,0.0,0.0,46050.0,46100.0,44800.0,44800.0,45200.0,HSX_FOREIGN_API,HOSE_SYMBOL_LEVEL,VND,2026-08-25T04:29:05Z,ff_hsx_symbol_daily_v1,5ace8bea95aabcc49d1967c7eae10fcf5537b0ca695f180a7ed39799a1ae02ba
2025-12-12,TCX,HOSE,24703115000.0,8011177150.0,16691937850.0,557800.0,180995.0,376805.0,0.0,0.0,0.0,0.0,44300.0,45000.0,43800.0,43850.0,44250.0,HSX_FOREIGN_API,HOSE_SYMBOL_LEVEL,VND,2026-08-25T04:29:05Z,ff_hsx_symbol_daily_v1,531ed97ac6bfa3e105a8f5ae1f8c17116766d392ed806a8f99c684810c69ae97
2025-12-15,TCX,HOSE,181030097700.0,12073200000.0,168956897700.0,3902002.0,265500.0,3636502.0,0.0,0.0,0.0,0.0,44200.0,46900.0,44200.0,46750.0,46350.0,HSX_FOREIGN_API,HOSE_SYMBOL_LEVEL,VND,2026-08-25T04:29:05Z,ff_hsx_symbol_daily_v1,7d6c5043f9c7ed7a7ea4f72e2fecfd992eec80a04fefa9b21709f48db7b965ad
2025-12-16,TCX,HOSE,165231160000.0,18180605000.0,147050555000.0,3523500.0,386400.0,3137100.0,0.0,0.0,0.0,0.0,46750.0,47200.0,46600.0,47150.0,46900.0,HSX_FOREIGN_API,HOSE_SYMBOL_LEVEL,VND,2026-08-25T04:29:05Z,ff_hsx_symbol_daily_v1,8582b9e2a6ac042e70d95ff570c548e3b14d33c951b26862701733f0f2007dc9
2025-12-17,TCX,HOSE,80551815000.0,28921418200.0,51630396800.0,1706500.0,611250.0,1095250.0,0.0,0.0,0.0,0.0,47000.0,47550.0,46000.0,47450.0,47300.0,HSX_FOREIGN_API,HOSE_SYMBOL_LEVEL,VND,2026-08-25T04:29:05Z,ff_hsx_symbol_daily_v1,526012d14448a0ee246bdecf080f0e2ec85cf7da7410810ca5d0080ec81b565c
2025-12-18,TCX,HOSE,6620660000.0,12691595000.0,-6070935000.0,141300.0,271300.0,-130000.0,0.0,0.0,0.0,0.0,47350.0,47350.0,46500.0,46900.0,46800.0,HSX_FOREIGN_API,HOSE_SYMBOL_LEVEL,VND,2026-08-25T04:29:05Z,ff_hsx_symbol_daily_v1,8c1f7790d20b1f42c6732e515e00739e56c56c4ab10db18a6693c81b409a82eb
2025-12-19,TCX,HOSE,175651130000.0,107693970000.0,67957160000.0,3684400.0,2265400.0,1419000.0,0.0,0.0,0.0,0.0,46750.0,47700.0,46250.0,47700.0,47500.0,HSX_FOREIGN_API,HOSE_SYMBOL_LEVEL,VND,2026-08-25T04:29:05Z,ff_hsx_symbol_daily_v1,dff5696bbc2c8e5fd705c5769e1542ab11fb701abc9db458ed0e26cfb5874da6
2025-12-22,TCX,HOSE,12949740000.0,48882615000.0,-35932875000.0,277800.0,1048200.0,-770400.0,0.0,0.0,0.0,0.0,46550.0,47400.0,46350.0,47400.0,46800.0,HSX_FOREIGN_API,HOSE_SYMBOL_LEVEL,VND,2026-08-25T04:29:05Z,ff_hsx_symbol_daily_v1,f7c47da04ca307cc3bf6b29ff25d0152884bf4a6ae993ccbf868eb9723cfcd69
2025-12-23,TCX,HOSE,54862334400.0,83031254400.0,-28168920000.0,1182000.0,1790900.0,-608900.0,15681794400.0,15681794400.0,338400.0,338400.0,47400.0,47400.0,45850.0,46700.0,46400.0,HSX_FOREIGN_API,HOSE_SYMBOL_LEVEL,VND,2026-08-25T04:29:05Z,ff_hsx_symbol_daily_v1,02b6a1d731fd56f7c439b4c098408f042c647b5dc95126ec61a52afa9b30c994
2025-12-24,TCX,HOSE,11489350000.0,20761338500.0,-9271988500.0,246600.0,446722.0,-200122.0,0.0,0.0,0.0,0.0,46800.0,46800.0,46000.0,46750.0,46500.0,HSX_FOREIGN_API,HOSE_SYMBOL_LEVEL,VND,2026-08-25T04:29:05Z,ff_hsx_symbol_daily_v1,b3fd5bc4e55826d0cc540df8436b13a5433e776f0a40bd4f7d8260b5e3aaac60
2025-12-25,TCX,HOSE,4284730000.0,2919525000.0,1365205000.0,92400.0,62900.0,29500.0,0.0,0.0,0.0,0.0,46750.0,46800.0,45700.0,46450.0,46150.0,HSX_FOREIGN_API,HOSE_SYMBOL_LEVEL,VND,2026-08-25T04:29:05Z,ff_hsx_symbol_daily_v1,5222fc3674a8dabe146ff4e5144a437b592d3d4f64e85116cb75906c4762b092
2025-12-26,TCX,HOSE,3174945000.0,8291888600.0,-5116943600.0,69500.0,183772.0,-114272.0,0.0,0.0,0.0,0.0,45750.0,46450.0,44600.0,46450.0,45450.0,HSX_FOREIGN_API,HOSE_SYMBOL_LEVEL,VND,2026-08-25T04:29:05Z,ff_hsx_symbol_daily_v1,156f0b0ebe074620d4356f971fe78d37e9ea6c1d746ded5c85e43bcba11e556e
2025-12-29,TCX,HOSE,11323310000.0,26224855000.0,-14901545000.0,247300.0,573700.0,-326400.0,0.0,0.0,0.0,0.0,46450.0,46450.0,45500.0,46000.0,45750.0,HSX_FOREIGN_API,HOSE_SYMBOL_LEVEL,VND,2026-08-25T04:29:05Z,ff_hsx_symbol_daily_v1,2e38f92b89947638625f869d797d6d7dcdd7fc0daee11c3d6a14639159ff3180
2025-12-30,TCX,HOSE,10396840000.0,512530000.0,9884310000.0,225700.0,11200.0,214500.0,0.0,0.0,0.0,0.0,45650.0,46450.0,45500.0,46450.0,46050.0,HSX_FOREIGN_API,HOSE_SYMBOL_LEVEL,VND,2026-08-25T04:29:05Z,ff_hsx_symbol_daily_v1,d9b51f59a23d532e2b7e6f268523e151edb59d964ffa822c5c29c40621bd4f8d
2025-12-31,TCX,HOSE,17641782750.0,889780000.0,16752002750.0,382810.0,19300.0,363510.0,0.0,0.0,0.0,0.0,46400.0,47000.0,45750.0,47000.0,46600.0,HSX_FOREIGN_API,HOSE_SYMBOL_LEVEL,VND,2026-08-25T04:29:05Z,ff_hsx_symbol_daily_v1,0a228043599ef32f3f147c2500ab4f6b4db82c1e491113ded45912632e903f09
2026-01-05,TCX,HOSE,2148435000.0,6237580000.0,-4089145000.0,46550.0,135300.0,-88750.0,0.0,0.0,0.0,0.0,46400.0,46850.0,45800.0,45800.0,46050.0,HSX_FOREIGN_API,HOSE_SYMBOL_LEVEL,VND,2026-08-25T04:29:05Z,ff_hsx_symbol_daily_v1,524c0bfcbc8d79458da489d106e0a4a239439cfb7de5b8a471df2d838b18c494
2026-01-06,TCX,HOSE,6713275000.0,15740145000.0,-9026870000.0,142000.0,334800.0,-192800.0,0.0,0.0,0.0,0.0,46000.0,48300.0,45600.0,47550.0,47400.0,HSX_FOREIGN_API,HOSE_SYMBOL_LEVEL,VND,2026-08-25T04:29:05Z,ff_hsx_symbol_daily_v1,3e429e2be6fed10f18f71a8dae115c48064cfa13f67c6a54c566b72fccc5cf54
2026-01-07,TCX,HOSE,61207010000.0,4313835000.0,56893175000.0,1259400.0,88700.0,1170700.0,0.0,0.0,0.0,0.0,48000.0,49500.0,47650.0,48800.0,48650.0,HSX_FOREIGN_API,HOSE_SYMBOL_LEVEL,VND,2026-08-25T04:29:05Z,ff_hsx_symbol_daily_v1,5c614f6f935cca912527bebc7b96ed04e1d1ffed3cb7ce6df629083421b05edc
2026-01-08,TCX,HOSE,184638510000.0,1231755000.0,183406755000.0,3691800.0,24700.0,3667100.0,0.0,0.0,0.0,0.0,48800.0,51000.0,48700.0,50600.0,50000.0,HSX_FOREIGN_API,HOSE_SYMBOL_LEVEL,VND,2026-08-25T04:29:05Z,ff_hsx_symbol_daily_v1,1e258bee2fea9d9b30597d55ff456ccdc9d06d99b317d30b56f947fd8d4746c8
2026-01-09,TCX,HOSE,81832345000.0,957710000.0,80874635000.0,1625500.0,19100.0,1606400.0,0.0,0.0,0.0,0.0,50200.0,51000.0,49800.0,51000.0,50300.0,HSX_FOREIGN_API,HOSE_SYMBOL_LEVEL,VND,2026-08-25T04:29:05Z,ff_hsx_symbol_daily_v1,2ce7104fa08758959830821f93588b44aacc6612c873713732c8f91cdef0b937
2026-01-12,TCX,HOSE,173288190000.0,22332309000.0,150955881000.0,3254700.0,419310.0,2835390.0,0.0,0.0,0.0,0.0,51000.0,54500.0,50200.0,53600.0,53200.0,HSX_FOREIGN_API,HOSE_SYMBOL_LEVEL,VND,2026-08-25T04:29:05Z,ff_hsx_symbol_daily_v1,54cddaac9d52e56b6375d76257efc43d9985669d2e11a1d48837ba7e5c0d0402
2026-01-13,TCX,HOSE,49207720000.0,28048618000.0,21159102000.0,922600.0,525505.0,397095.0,0.0,0.0,0.0,0.0,54000.0,54000.0,52200.0,53400.0,53300.0,HSX_FOREIGN_API,HOSE_SYMBOL_LEVEL,VND,2026-08-25T04:29:05Z,ff_hsx_symbol_daily_v1,b5fec3165334af6ea18ba447f58f4c28e48da4ff6751d93dc6c97549a52c8dc6
2026-01-14,TCX,HOSE,68540794800.0,16096956000.0,52443838800.0,1296434.0,304400.0,992034.0,13168116000.0,5235516000.0,249000.0,99000.0,53600.0,53600.0,52100.0,52800.0,52900.0,HSX_FOREIGN_API,HOSE_SYMBOL_LEVEL,VND,2026-08-25T04:29:05Z,ff_hsx_symbol_daily_v1,a17aaa5d2ca3ebaca4ba2f666d119531cd0d4f5ca521c73d6fecc4eb0ada2bc2
2026-01-15,TCX,HOSE,66283055700.0,9643335000.0,56639720700.0,1298237.0,190200.0,1108037.0,0.0,0.0,0.0,0.0,52000.0,53000.0,49950.0,51300.0,50900.0,HSX_FOREIGN_API,HOSE_SYMBOL_LEVEL,VND,2026-08-25T04:29:05Z,ff_hsx_symbol_daily_v1,3c6a08da05bac80909b3b9f3d52a004eb178dcc1f0a03dbb088c5d0fe2a90a23
2026-01-16,TCX,HOSE,45551483400.0,8244640000.0,37306843400.0,877786.0,159500.0,718286.0,0.0,0.0,0.0,0.0,52000.0,52400.0,51000.0,52000.0,51900.0,HSX_FOREIGN_API,HOSE_SYMBOL_LEVEL,VND,2026-08-25T04:29:05Z,ff_hsx_symbol_daily_v1,6ec7f3660037d4b9301dc8ad71cb29a2d4d3780af8dec77d0617ce4ee157f640
2026-01-19,TCX,HOSE,24800350000.0,27516220000.0,-2715870000.0,477700.0,530900.0,-53200.0,0.0,0.0,0.0,0.0,51100.0,52200.0,51100.0,52000.0,51700.0,HSX_FOREIGN_API,HOSE_SYMBOL_LEVEL,VND,2026-08-25T04:29:05Z,ff_hsx_symbol_daily_v1,af367ecf60d479197ca9edd1af1d60e134c84354b16d24e928b8a4da57b52890
2026-01-20,TCX,HOSE,44406724932.0,20175924932.0,24230800000.0,856494.0,388394.0,468100.0,18742954932.0,18742954932.0,360594.0,360594.0,52000.0,52100.0,51300.0,51800.0,51700.0,HSX_FOREIGN_API,HOSE_SYMBOL_LEVEL,VND,2026-08-25T04:29:05Z,ff_hsx_symbol_daily_v1,5d4fe86aa29c649de7efee8d088a83de6d055edd17bedac3f75b94f284e0c2e8
2026-01-21,TCX,HOSE,77456438500.0,22624987600.0,54831450900.0,1514115.0,440322.0,1073793.0,0.0,0.0,0.0,0.0,51500.0,52500.0,50000.0,52500.0,51100.0,HSX_FOREIGN_API,HOSE_SYMBOL_LEVEL,VND,2026-08-25T04:29:05Z,ff_hsx_symbol_daily_v1,3f66d4f7c521dd62f533614badcf36881f939a1558a7dc388b63b85d2c73f6ef
2026-01-22,TCX,HOSE,43220434000.0,36617674000.0,6602760000.0,825000.0,700937.0,124063.0,10511094000.0,0.0,201000.0,0.0,52500.0,52800.0,51800.0,52700.0,52300.0,HSX_FOREIGN_API,HOSE_SYMBOL_LEVEL,VND,2026-08-25T04:29:05Z,ff_hsx_symbol_daily_v1,06e9c78531ddbf75f0072f2b8185c8f457d4c68b5a9db790d7ec184e7df65716
2026-01-23,TCX,HOSE,215265610000.0,55713800000.0,159551810000.0,3904900.0,1004334.0,2900566.0,0.0,0.0,0.0,0.0,52800.0,56300.0,52400.0,55600.0,55000.0,HSX_FOREIGN_API,HOSE_SYMBOL_LEVEL,VND,2026-08-25T04:29:05Z,ff_hsx_symbol_daily_v1,8f55639918e22b220f0fbb263a4342ac8a580ee3895691f923247d4738c33cb0
2026-01-26,TCX,HOSE,80442750000.0,33285280000.0,47157470000.0,1449800.0,599800.0,850000.0,0.0,0.0,0.0,0.0,55700.0,56500.0,54100.0,55600.0,55500.0,HSX_FOREIGN_API,HOSE_SYMBOL_LEVEL,VND,2026-08-25T04:29:05Z,ff_hsx_symbol_daily_v1,c3a7eb8857a8be4fb52e152f8985014c468051f98948e1c4b0498b6dbc562454
2026-01-27,TCX,HOSE,55262680000.0,33642160000.0,21620520000.0,1016100.0,619900.0,396200.0,0.0,0.0,0.0,0.0,55000.0,55000.0,53500.0,55000.0,54300.0,HSX_FOREIGN_API,HOSE_SYMBOL_LEVEL,VND,2026-08-25T04:29:05Z,ff_hsx_symbol_daily_v1,faabed1dd4ccde89f3313b3be9407a3bf4c426094069bd19aea2f0eeea556fb1
2026-01-28,TCX,HOSE,60431693700.0,29220720000.0,31210973700.0,1106031.0,535500.0,570531.0,0.0,0.0,0.0,0.0,54400.0,55000.0,53900.0,54800.0,54600.0,HSX_FOREIGN_API,HOSE_SYMBOL_LEVEL,VND,2026-08-25T04:29:05Z,ff_hsx_symbol_daily_v1,48826278a11ae96f07131590aca07e51c2028450f0d4fea6aea9b49d5561969a
2026-01-29,TCX,HOSE,55133220000.0,26539150000.0,28594070000.0,1007300.0,486100.0,521200.0,0.0,0.0,0.0,0.0,55000.0,55100.0,53700.0,55000.0,54500.0,HSX_FOREIGN_API,HOSE_SYMBOL_LEVEL,VND,2026-08-25T04:29:05Z,ff_hsx_symbol_daily_v1,6061016daa1c1b0c7450df705bc63a981ceb19147a8bb9fe79d51343eb4cc737
2026-01-30,TCX,HOSE,66476210000.0,34257600000.0,32218610000.0,1187100.0,610300.0,576800.0,0.0,0.0,0.0,0.0,54200.0,56600.0,54200.0,56500.0,56100.0,HSX_FOREIGN_API,HOSE_SYMBOL_LEVEL,VND,2026-08-25T04:29:05Z,ff_hsx_symbol_daily_v1,e5f47eccb0182aa8a43cf17ab2582ed7e99b69e9a043b360c59076373c74f77e
2026-02-02,TCX,HOSE,66462055300.0,36968330000.0,29493725300.0,1199501.0,667300.0,532201.0,0.0,0.0,0.0,0.0,56000.0,56000.0,54800.0,55700.0,55400.0,HSX_FOREIGN_API,HOSE_SYMBOL_LEVEL,VND,2026-08-25T04:29:05Z,ff_hsx_symbol_daily_v1,051f09d8dd8c9ab14ca75b3d2e32640d622c4e1fe0d6cee8263b579b0e055421
2026-02-03,TCX,HOSE,71062020000.0,34059000000.0,37003020000.0,1278000.0,613600.0,664400.0,0.0,0.0,0.0,0.0,55700.0,56400.0,55100.0,55800.0,55600.0,HSX_FOREIGN_API,HOSE_SYMBOL_LEVEL,VND,2026-08-25T04:29:05Z,ff_hsx_symbol_daily_v1,7d31c73cec9304ad9d2c3cfead89f19ba8b8863bc6c5fea2b6860b09a08ed028
2026-02-04,TCX,HOSE,40623340000.0,40595520000.0,27820000.0,728000.0,726700.0,1300.0,0.0,0.0,0.0,0.0,55700.0,56500.0,55300.0,55800.0,55900.0,HSX_FOREIGN_API,HOSE_SYMBOL_LEVEL,VND,2026-08-25T04:29:05Z,ff_hsx_symbol_daily_v1,0389ad8b1e613726b505db79e36cdd39ccc7303ef96a026408664be7be21d71a
2026-02-05,TCX,HOSE,32783420000.0,25018378800.0,7765041200.0,589900.0,449986.0,139914.0,0.0,0.0,0.0,0.0,55800.0,55900.0,55200.0,55800.0,55600.0,HSX_FOREIGN_API,HOSE_SYMBOL_LEVEL,VND,2026-08-25T04:29:05Z,ff_hsx_symbol_daily_v1,b08e6670cb779539e2b58fa9cc6f9e3cc6af6eb6be123ff4ff6ce97d0da44c6a
2026-02-06,TCX,HOSE,82135680000.0,49220249000.0,32915431000.0,1509500.0,904879.0,604621.0,0.0,0.0,0.0,0.0,54200.0,55600.0,53600.0,54900.0,54300.0,HSX_FOREIGN_API,HOSE_SYMBOL_LEVEL,VND,2026-08-25T04:29:05Z,ff_hsx_symbol_daily_v1,361d1236703e1b6d75e8cd780472ebbc21e628110529cd850437b4ee5d678547
2026-02-09,TCX,HOSE,29358561000.0,12130846000.0,17227715000.0,533600.0,220501.0,313099.0,16895861000.0,8085441000.0,307000.0,147000.0,54500.0,55200.0,54200.0,55200.0,55000.0,HSX_FOREIGN_API,HOSE_SYMBOL_LEVEL,VND,2026-08-25T04:29:05Z,ff_hsx_symbol_daily_v1,bcb78c45f59790e1ef4ebfb1bce5835a8f7a834981ca00c70c9a85ee3a6f7040
2026-02-10,TCX,HOSE,10666490000.0,12719656000.0,-2053166000.0,196505.0,234204.0,-37699.0,0.0,0.0,0.0,0.0,55200.0,55200.0,54000.0,54500.0,54300.0,HSX_FOREIGN_API,HOSE_SYMBOL_LEVEL,VND,2026-08-25T04:29:05Z,ff_hsx_symbol_daily_v1,584611139e2d3c88a8f00f8630e5594fcd414ed8b8c15158e794618c6e205d9d
2026-02-11,TCX,HOSE,35058040000.0,5488650000.0,29569390000.0,631300.0,98400.0,532900.0,0.0,0.0,0.0,0.0,54000.0,55900.0,54000.0,55800.0,55500.0,HSX_FOREIGN_API,HOSE_SYMBOL_LEVEL,VND,2026-08-25T04:29:05Z,ff_hsx_symbol_daily_v1,46404d499076ed7246f6625730bb10d49b095dee0ff2cac3ddbb5ad8dce7d9c0
2026-02-12,TCX,HOSE,24506950000.0,4201220000.0,20305730000.0,438100.0,75100.0,363000.0,0.0,0.0,0.0,0.0,55800.0,56100.0,55600.0,56000.0,55900.0,HSX_FOREIGN_API,HOSE_SYMBOL_LEVEL,VND,2026-08-25T04:29:05Z,ff_hsx_symbol_daily_v1,350614674e9dda086bdd3ae1849576fecc26fa073732a4ba08155ca9c82fba1b
2026-02-13,TCX,HOSE,110424696000.0,54169490000.0,56255206000.0,1922901.0,939100.0,983801.0,30185400000.0,30185400000.0,525000.0,525000.0,56100.0,58200.0,55700.0,58200.0,57300.0,HSX_FOREIGN_API,HOSE_SYMBOL_LEVEL,VND,2026-08-25T04:29:05Z,ff_hsx_symbol_daily_v1,dd5ddf1e43ba4324d91538165fcf979fbdff5aa5f36dd1f1961a20451fc16d09
2026-02-23,TCX,HOSE,90207820000.0,23176230000.0,67031590000.0,1503600.0,389500.0,1114100.0,0.0,0.0,0.0,0.0,58200.0,61700.0,57300.0,61500.0,60200.0,HSX_FOREIGN_API,HOSE_SYMBOL_LEVEL,VND,2026-08-25T04:29:05Z,ff_hsx_symbol_daily_v1,cc8cc95c18c37860e001fdb43646df1650ad4267c6906b1db6a9680ec4fa4b24
2026-02-24,TCX,HOSE,73196780000.0,70941467300.0,2255312700.0,1161300.0,1125969.0,35331.0,6345800000.0,6345800000.0,100000.0,100000.0,61600.0,64800.0,60900.0,62900.0,63300.0,HSX_FOREIGN_API,HOSE_SYMBOL_LEVEL,VND,2026-08-25T04:29:05Z,ff_hsx_symbol_daily_v1,9e9e7f2e4d1ae299ae872a88ef63a6543225e6e9c638638b7304904306a09a6e
2026-02-25,TCX,HOSE,6504380000.0,28775080000.0,-22270700000.0,105200.0,466000.0,-360800.0,0.0,0.0,0.0,0.0,62400.0,62800.0,61000.0,62000.0,61700.0,HSX_FOREIGN_API,HOSE_SYMBOL_LEVEL,VND,2026-08-25T04:29:05Z,ff_hsx_symbol_daily_v1,0de89998bde892a8d5a3e4c252e40066610b33e6337df25e2afaa5da7b2ad9c0
2026-02-26,TCX,HOSE,31007200000.0,27601590000.0,3405610000.0,497100.0,442500.0,54600.0,0.0,0.0,0.0,0.0,62000.0,63000.0,61000.0,63000.0,62300.0,HSX_FOREIGN_API,HOSE_SYMBOL_LEVEL,VND,2026-08-25T04:29:05Z,ff_hsx_symbol_daily_v1,ca052284ff81bb5812adaea530789793dd5140f349d39c656d22a8a3f292836d
2026-02-27,TCX,HOSE,57343830000.0,38762810000.0,18581020000.0,906400.0,613700.0,292700.0,19050000000.0,6350000000.0,300000.0,100000.0,63100.0,63500.0,62100.0,63500.0,63100.0,HSX_FOREIGN_API,HOSE_SYMBOL_LEVEL,VND,2026-08-25T04:29:05Z,ff_hsx_symbol_daily_v1,abf5a40ce036ed2c049615d8d4b8dd46055572ec02d9406713fe8bbeb13650c7
2026-03-02,TCX,HOSE,31531950000.0,35384300000.0,-3852350000.0,507200.0,566800.0,-59600.0,0.0,0.0,0.0,0.0,61300.0,62800.0,61300.0,62400.0,62200.0,HSX_FOREIGN_API,HOSE_SYMBOL_LEVEL,VND,2026-08-25T04:29:05Z,ff_hsx_symbol_daily_v1,f044b9d308b05c06aeedf535cce183806c5a875c1796787486e934eccb3ecc73
2026-03-03,TCX,HOSE,25504637500.0,10651180000.0,14853457500.0,412015.0,171300.0,240715.0,0.0,0.0,0.0,0.0,63000.0,63000.0,61000.0,61800.0,61800.0,HSX_FOREIGN_API,HOSE_SYMBOL_LEVEL,VND,2026-08-25T04:29:05Z,ff_hsx_symbol_daily_v1,029d383acfbeb6e13bc2cfa7f3adb375b25ecdb22be080beda3010b280031a69
2026-03-04,TCX,HOSE,68469850000.0,24362310000.0,44107540000.0,1149900.0,410300.0,739600.0,0.0,0.0,0.0,0.0,60500.0,62000.0,58000.0,62000.0,59600.0,HSX_FOREIGN_API,HOSE_SYMBOL_LEVEL,VND,2026-08-25T04:29:05Z,ff_hsx_symbol_daily_v1,574491389468ab5542ba8fb3c9d3a03b42a2f860011312f3bd8ae017a84ee780
2026-03-05,TCX,HOSE,72633470000.0,41804370000.0,30829100000.0,1211500.0,688800.0,522700.0,0.0,0.0,0.0,0.0,62000.0,62900.0,58700.0,60000.0,60200.0,HSX_FOREIGN_API,HOSE_SYMBOL_LEVEL,VND,2026-08-25T04:29:05Z,ff_hsx_symbol_daily_v1,ff5b799be0dd2b1c15dd81b41a8003ee0b598cc12ba95ec3e9765c5bc0db3299
2026-03-06,TCX,HOSE,25652868800.0,69347246000.0,-43694377200.0,455096.0,1228600.0,-773504.0,3426736000.0,3426736000.0,61000.0,61000.0,59900.0,59900.0,55800.0,55800.0,56400.0,HSX_FOREIGN_API,HOSE_SYMBOL_LEVEL,VND,2026-08-25T04:29:05Z,ff_hsx_symbol_daily_v1,535e10327b332256cdaae92be55df022615e21f5c89811b9b0a61784b4a6ce7f
2026-03-09,TCX,HOSE,5699660000.0,6207940000.0,-508280000.0,109800.0,119600.0,-9800.0,51900000.0,51900000.0,1000.0,1000.0,51900.0,52100.0,51900.0,51900.0,51900.0,HSX_FOREIGN_API,HOSE_SYMBOL_LEVEL,VND,2026-08-25T04:29:05Z,ff_hsx_symbol_daily_v1,d655011df31e4770b8b45f2b6a97ff855e6b684686b0ee23cdeda6718a6ce506
2026-03-10,TCX,HOSE,27588400000.0,29506533600.0,-1918133600.0,530300.0,566315.0,-36015.0,0.0,0.0,0.0,0.0,52500.0,53900.0,50300.0,52800.0,52000.0,HSX_FOREIGN_API,HOSE_SYMBOL_LEVEL,VND,2026-08-25T04:29:05Z,ff_hsx_symbol_daily_v1,90a3ef3cb38be2ead1a939df0706de24009bbc301a5998417e20be389c25248b
2026-03-11,TCX,HOSE,30352830000.0,25699300000.0,4653530000.0,559500.0,477600.0,81900.0,0.0,0.0,0.0,0.0,52900.0,56000.0,52000.0,55600.0,54000.0,HSX_FOREIGN_API,HOSE_SYMBOL_LEVEL,VND,2026-08-25T04:29:05Z,ff_hsx_symbol_daily_v1,daa4a20966aea23361f018297e9afbdf072e39446156a736b77fef8e377aa3db
2026-03-12,TCX,HOSE,9969180000.0,58938960000.0,-48969780000.0,187600.0,1112000.0,-924400.0,0.0,0.0,0.0,0.0,54800.0,54800.0,52400.0,53100.0,53000.0,HSX_FOREIGN_API,HOSE_SYMBOL_LEVEL,VND,2026-08-25T04:29:05Z,ff_hsx_symbol_daily_v1,a9f032eccf5ad3d301303b1e3ea299f76719d92cca82c9f6f0084ca5004a1aaa
2026-03-13,TCX,HOSE,13265980000.0,78171785000.0,-64905805000.0,267200.0,1531600.0,-1264400.0,0.0,0.0,0.0,0.0,52000.0,52000.0,49450.0,49450.0,50700.0,HSX_FOREIGN_API,HOSE_SYMBOL_LEVEL,VND,2026-08-25T04:29:05Z,ff_hsx_symbol_daily_v1,f485d5601c22ffb9b78bac9c0f16294173a09b38e985564997077c9ab8d5fff8
2026-03-16,TCX,HOSE,49419085000.0,15439210000.0,33979875000.0,967700.0,302600.0,665100.0,0.0,0.0,0.0,0.0,49700.0,52000.0,49700.0,50700.0,51000.0,HSX_FOREIGN_API,HOSE_SYMBOL_LEVEL,VND,2026-08-25T04:29:05Z,ff_hsx_symbol_daily_v1,dc4c5cf2d19a102f428b027fe3e90204e374e7bd08695b03904852792cb5e382
2026-03-17,TCX,HOSE,85380630000.0,59596290000.0,25784340000.0,1576400.0,1100100.0,476300.0,0.0,0.0,0.0,0.0,54200.0,54200.0,53800.0,54200.0,54200.0,HSX_FOREIGN_API,HOSE_SYMBOL_LEVEL,VND,2026-08-25T04:29:05Z,ff_hsx_symbol_daily_v1,e6c1df0cbf118b271efe3e670cc49a68391fd7e236e29590826fbeffa17fbd4f
2026-03-18,TCX,HOSE,31982500000.0,68173983500.0,-36191483500.0,610000.0,1299868.0,-689868.0,26210000000.0,26210000000.0,500000.0,500000.0,54200.0,54200.0,51800.0,52600.0,52500.0,HSX_FOREIGN_API,HOSE_SYMBOL_LEVEL,VND,2026-08-25T04:29:05Z,ff_hsx_symbol_daily_v1,54fbf6c4ecdaa6e61d1f7e789e164f0b935cf16bc1e0088bee92340759416fe5
2026-03-19,TCX,HOSE,103077930000.0,104994293200.0,-1916363200.0,2023700.0,2063909.0,-40209.0,67192290000.0,67192290000.0,1320000.0,1320000.0,51100.0,52400.0,49900.0,52400.0,50900.0,HSX_FOREIGN_API,HOSE_SYMBOL_LEVEL,VND,2026-08-25T04:29:05Z,ff_hsx_symbol_daily_v1,2974f7a942115ffccd2cce9122cdff497bf994c5a9fa8ac4093b0a9f88820972
2026-03-20,TCX,HOSE,110381015000.0,163916075000.0,-53535060000.0,2243800.0,3340000.0,-1096200.0,34558300000.0,17279150000.0,700000.0,350000.0,51600.0,51700.0,48850.0,48850.0,49350.0,HSX_FOREIGN_API,HOSE_SYMBOL_LEVEL,VND,2026-08-25T04:29:05Z,ff_hsx_symbol_daily_v1,af6dd283e593951d41bd5d4c0798c2a4c1a0d4095a3e18171b030e9b27e38970
2026-03-23,TCX,HOSE,137158925000.0,44046520800.0,93112404200.0,2765300.0,905600.0,1859700.0,39308800000.0,24091380800.0,800000.0,490300.0,49150.0,50800.0,46050.0,50800.0,49150.0,HSX_FOREIGN_API,HOSE_SYMBOL_LEVEL,VND,2026-08-25T04:29:05Z,ff_hsx_symbol_daily_v1,767d0cfaaff07d5bb1a1e78eb52a4218c41371dd3b008872ccf7097615a99453
2026-03-24,TCX,HOSE,106155807000.0,66756120000.0,39399687000.0,2086980.0,1318900.0,768080.0,0.0,0.0,0.0,0.0,51000.0,51800.0,49700.0,50600.0,50700.0,HSX_FOREIGN_API,HOSE_SYMBOL_LEVEL,VND,2026-08-25T04:29:05Z,ff_hsx_symbol_daily_v1,c8d3ea9695b623d499d47aeb185181fb9b7d3a00ef8287c40e6e9d723039d6db
2026-03-25,TCX,HOSE,72133370000.0,72864970000.0,-731600000.0,1377200.0,1414400.0,-37200.0,0.0,0.0,0.0,0.0,50800.0,53000.0,50300.0,53000.0,52000.0,HSX_FOREIGN_API,HOSE_SYMBOL_LEVEL,VND,2026-08-25T04:29:05Z,ff_hsx_symbol_daily_v1,ca29295012cb990824cf0b4259ebf987c4bff9a912fe9321e3966c0039858d3c
2026-03-26,TCX,HOSE,44690860000.0,43227810000.0,1463050000.0,862000.0,835100.0,26900.0,0.0,0.0,0.0,0.0,53200.0,53200.0,51400.0,52300.0,51800.0,HSX_FOREIGN_API,HOSE_SYMBOL_LEVEL,VND,2026-08-25T04:29:05Z,ff_hsx_symbol_daily_v1,2fbef9e539ea0c60b284ef07e674f8b245eab610daf6978cc03e90f4c9094494
2026-03-27,TCX,HOSE,55472750000.0,49329828800.0,6142921200.0,1060200.0,942812.0,117388.0,0.0,0.0,0.0,0.0,51000.0,53000.0,51000.0,52600.0,52300.0,HSX_FOREIGN_API,HOSE_SYMBOL_LEVEL,VND,2026-08-25T04:29:05Z,ff_hsx_symbol_daily_v1,49820afd5ef6508406f354fb2f55296d61112abff092e216f3232b81f6300802
2026-03-30,TCX,HOSE,47025690000.0,106071360000.0,-59045670000.0,917000.0,2109500.0,-1192500.0,0.0,0.0,0.0,0.0,50700.0,52400.0,49300.0,52400.0,50700.0,HSX_FOREIGN_API,HOSE_SYMBOL_LEVEL,VND,2026-08-25T04:29:05Z,ff_hsx_symbol_daily_v1,78b3c65deceda0db327c3f3d536e9e6653f7068c3b3d26aada5a206987dd621a
2026-03-31,TCX,HOSE,32685670000.0,84517160000.0,-51831490000.0,637500.0,1649400.0,-1011900.0,0.0,0.0,0.0,0.0,52000.0,52000.0,50700.0,51200.0,51200.0,HSX_FOREIGN_API,HOSE_SYMBOL_LEVEL,VND,2026-08-25T04:29:05Z,ff_hsx_symbol_daily_v1,6a33667432abd246a63187c1e38e8ecfd545b76181c361c56701cbeb6730019a
2026-04-01,TCX,HOSE,32765280000.0,24146570000.0,8618710000.0,628100.0,463400.0,164700.0,16920150000.0,16920150000.0,325000.0,325000.0,52400.0,52800.0,51900.0,51900.0,52300.0,HSX_FOREIGN_API,HOSE_SYMBOL_LEVEL,VND,2026-08-25T04:29:05Z,ff_hsx_symbol_daily_v1,8028411cb6d5e7be4ec791a3908184c8a8971de5920695fb1d2c4742e5354dd7
2026-04-02,TCX,HOSE,811670000.0,8192810000.0,-7381140000.0,15900.0,160400.0,-144500.0,0.0,0.0,0.0,0.0,51000.0,51600.0,50900.0,51000.0,51100.0,HSX_FOREIGN_API,HOSE_SYMBOL_LEVEL,VND,2026-08-25T04:29:05Z,ff_hsx_symbol_daily_v1,4514b2d5bcbdacbb9fe8f69dc6ee49747c07c30eb73369117e689b7a95fb93f8
2026-04-03,TCX,HOSE,11246590000.0,38159090000.0,-26912500000.0,221500.0,754900.0,-533400.0,0.0,0.0,0.0,0.0,51300.0,51800.0,50100.0,50200.0,50600.0,HSX_FOREIGN_API,HOSE_SYMBOL_LEVEL,VND,2026-08-25T04:29:05Z,ff_hsx_symbol_daily_v1,fc8cc41e0c0de4d7005bb2be9b54cb6ad31366480277c41083534273df35d047
2026-04-06,TCX,HOSE,5686115000.0,16646505000.0,-10960390000.0,115400.0,336800.0,-221400.0,0.0,0.0,0.0,0.0,50400.0,50500.0,49000.0,49000.0,49350.0,HSX_FOREIGN_API,HOSE_SYMBOL_LEVEL,VND,2026-08-25T04:29:05Z,ff_hsx_symbol_daily_v1,810f65d616ac6fffb695bfdaff0af2eb375ea9871329f01741692b9de6ea5bce
2026-04-07,TCX,HOSE,23352365000.0,64586197300.0,-41233832300.0,488600.0,1350174.0,-861574.0,0.0,0.0,0.0,0.0,48700.0,49000.0,47000.0,48000.0,47850.0,HSX_FOREIGN_API,HOSE_SYMBOL_LEVEL,VND,2026-08-25T04:29:05Z,ff_hsx_symbol_daily_v1,db935db6f0b680446c2b07341d6bb676069dc41424cca193d1e90068241aa63f
2026-04-08,TCX,HOSE,37116605000.0,1740120000.0,35376485000.0,731000.0,34200.0,696800.0,0.0,0.0,0.0,0.0,49950.0,51300.0,49450.0,51300.0,50800.0,HSX_FOREIGN_API,HOSE_SYMBOL_LEVEL,VND,2026-08-25T04:29:05Z,ff_hsx_symbol_daily_v1,66a46d2f2093aaa47a86d9271a19bde90919e496a747b8508c39198d430d0c4b
2026-04-09,TCX,HOSE,67037860000.0,2254000000.0,64783860000.0,1287400.0,43500.0,1243900.0,0.0,0.0,0.0,0.0,51200.0,52900.0,51000.0,51700.0,52100.0,HSX_FOREIGN_API,HOSE_SYMBOL_LEVEL,VND,2026-08-25T04:29:05Z,ff_hsx_symbol_daily_v1,03efadbc1418f588b93e34e2ab42104e4761024858da0cc3a6b13ee5b252a482
2026-04-10,TCX,HOSE,28297260000.0,31185180000.0,-2887920000.0,544100.0,600300.0,-56200.0,0.0,0.0,0.0,0.0,52100.0,52700.0,51400.0,51600.0,52000.0,HSX_FOREIGN_API,HOSE_SYMBOL_LEVEL,VND,2026-08-25T04:29:05Z,ff_hsx_symbol_daily_v1,35136befa8eee5e12be24eb33b563d1412b91be72115ef6981d6cfe80ed40b9b
2026-04-13,TCX,HOSE,40736950000.0,38696427500.0,2040522500.0,788800.0,748956.0,39844.0,36172500000.0,36172500000.0,700000.0,700000.0,50900.0,52100.0,50900.0,51500.0,51600.0,HSX_FOREIGN_API,HOSE_SYMBOL_LEVEL,VND,2026-08-25T04:29:05Z,ff_hsx_symbol_daily_v1,e477efb55176b146b1c0511573dcd22471b0479c57fa1d40f60304e3f2a386a9
2026-04-14,TCX,HOSE,20845610000.0,4589988000.0,16255622000.0,399300.0,88049.0,311251.0,0.0,0.0,0.0,0.0,52200.0,52600.0,51700.0,52500.0,52200.0,HSX_FOREIGN_API,HOSE_SYMBOL_LEVEL,VND,2026-08-25T04:29:05Z,ff_hsx_symbol_daily_v1,e4898e39f7b450f87c7bc97ef44d5f89ad8a72b45c5865bbad565edd05002b02
2026-04-15,TCX,HOSE,7288840000.0,3253450000.0,4035390000.0,138500.0,62000.0,76500.0,0.0,0.0,0.0,0.0,52800.0,53200.0,52000.0,52000.0,52600.0,HSX_FOREIGN_API,HOSE_SYMBOL_LEVEL,VND,2026-08-25T04:29:05Z,ff_hsx_symbol_daily_v1,0060d74d0baf0ec9b47eb79ddd54427689ecd12c18504215e3095e2220f69109
2026-04-16,TCX,HOSE,30062350000.0,25827769300.0,4234580700.0,586300.0,503596.0,82704.0,27280960000.0,20358160000.0,532000.0,397000.0,52300.0,52300.0,51000.0,51000.0,51300.0,HSX_FOREIGN_API,HOSE_SYMBOL_LEVEL,VND,2026-08-25T04:29:05Z,ff_hsx_symbol_daily_v1,23a17de343156b11eea3727d2e6dd1985633c6055f180a8f0e1650bad611c67d
2026-04-17,TCX,HOSE,11450590000.0,4124550000.0,7326040000.0,222700.0,80100.0,142600.0,0.0,0.0,0.0,0.0,51400.0,52000.0,50900.0,51600.0,51400.0,HSX_FOREIGN_API,HOSE_SYMBOL_LEVEL,VND,2026-08-25T04:29:05Z,ff_hsx_symbol_daily_v1,73f47cbc2917b260d8a18ddad0cfd61abb5fb96683051bb86cda5d47a288f907
2026-04-20,TCX,HOSE,10020345600.0,25092820000.0,-15072474400.0,195404.0,488400.0,-292996.0,0.0,0.0,0.0,0.0,51200.0,52000.0,51000.0,51500.0,51400.0,HSX_FOREIGN_API,HOSE_SYMBOL_LEVEL,VND,2026-08-25T04:29:05Z,ff_hsx_symbol_daily_v1,3b3aa2ff4223df84aeb073ed343d0fd8665a5121c8b6b4dac1fc665b1347e1a0
2026-04-21,TCX,HOSE,16368460000.0,33400211500.0,-17031751500.0,320000.0,652501.0,-332501.0,0.0,0.0,0.0,0.0,51300.0,51700.0,50500.0,51000.0,51200.0,HSX_FOREIGN_API,HOSE_SYMBOL_LEVEL,VND,2026-08-25T04:29:05Z,ff_hsx_symbol_daily_v1,82e7f3e111e6f9e1b4b7c8bf1f0d090c301913573055de48ec947ddd2999671d
2026-04-22,TCX,HOSE,16249180000.0,11964810000.0,4284370000.0,321200.0,236400.0,84800.0,0.0,0.0,0.0,0.0,51000.0,51400.0,50300.0,50800.0,50600.0,HSX_FOREIGN_API,HOSE_SYMBOL_LEVEL,VND,2026-08-25T04:29:05Z,ff_hsx_symbol_daily_v1,afea5c248c69feefa65bf4bf8358f6995b4f3fbf10b54bcc434165350d368f71
2026-04-23,TCX,HOSE,17745920000.0,17947560000.0,-201640000.0,348900.0,353000.0,-4100.0,0.0,0.0,0.0,0.0,50600.0,51500.0,50400.0,50400.0,50900.0,HSX_FOREIGN_API,HOSE_SYMBOL_LEVEL,VND,2026-08-25T04:29:05Z,ff_hsx_symbol_daily_v1,51b26fdc4a61f257e2ec3ac56d8e29e53d73553959317ba220f020a0bc8c5413
2026-04-24,TCX,HOSE,22459560000.0,22030150000.0,429410000.0,445100.0,436300.0,8800.0,0.0,0.0,0.0,0.0,50400.0,51100.0,50200.0,50300.0,50500.0,HSX_FOREIGN_API,HOSE_SYMBOL_LEVEL,VND,2026-08-25T04:29:05Z,ff_hsx_symbol_daily_v1,5b21be591b2345978d92aa016423974a75d822428fc2ed47c611aa394d5aabb2
2026-04-28,TCX,HOSE,13534870000.0,21896209000.0,-8361339000.0,263900.0,426415.0,-162515.0,0.0,0.0,0.0,0.0,50300.0,52100.0,50200.0,51100.0,51400.0,HSX_FOREIGN_API,HOSE_SYMBOL_LEVEL,VND,2026-08-25T04:29:05Z,ff_hsx_symbol_daily_v1,a4394b3e110dacd9d34986eae57d14f12cdb4b7af869f6e7b87c5fffba51d2f1
2026-04-29,TCX,HOSE,9699225000.0,24799600000.0,-15100375000.0,191250.0,489100.0,-297850.0,0.0,0.0,0.0,0.0,51100.0,51900.0,50400.0,50600.0,50800.0,HSX_FOREIGN_API,HOSE_SYMBOL_LEVEL,VND,2026-08-25T04:29:05Z,ff_hsx_symbol_daily_v1,aa47a81fad554479a17a3d06756a0ae1419238c1b93bd2e255691a851b8dfc60
2026-05-04,TCX,HOSE,14574425000.0,44070580000.0,-29496155000.0,290500.0,880800.0,-590300.0,0.0,0.0,0.0,0.0,50600.0,50900.0,49700.0,49750.0,50000.0,HSX_FOREIGN_API,HOSE_SYMBOL_LEVEL,VND,2026-08-25T04:29:05Z,ff_hsx_symbol_daily_v1,6af5d5e647b878ce77ffa9d81b43146006fb280b477718463c97fc5dec1b8ea4
2026-05-05,TCX,HOSE,5131960000.0,16202435000.0,-11070475000.0,103800.0,327400.0,-223600.0,0.0,0.0,0.0,0.0,49800.0,49900.0,49150.0,49900.0,49500.0,HSX_FOREIGN_API,HOSE_SYMBOL_LEVEL,VND,2026-08-25T04:29:05Z,ff_hsx_symbol_daily_v1,18111d2f304d3978a816dc4540dcd3f7a154c2f815ffeef4695282c6cf713bfc
2026-05-06,TCX,HOSE,3758430000.0,10629440000.0,-6871010000.0,74000.0,210000.0,-136000.0,0.0,0.0,0.0,0.0,49800.0,51700.0,49600.0,51200.0,50800.0,HSX_FOREIGN_API,HOSE_SYMBOL_LEVEL,VND,2026-08-25T04:29:05Z,ff_hsx_symbol_daily_v1,5dabcb539cebd6ae14a1798ca29c42128bbac37f31a7e787e5d9dfcb36e1423f
2026-05-07,TCX,HOSE,30393440000.0,13530447500.0,16862992500.0,589600.0,262880.0,326720.0,0.0,0.0,0.0,0.0,51300.0,51900.0,51200.0,51500.0,51500.0,HSX_FOREIGN_API,HOSE_SYMBOL_LEVEL,VND,2026-08-25T04:29:05Z,ff_hsx_symbol_daily_v1,1e4880b7777105382cf1cf3f57b6496b9d7f923862fcd6bc06d8ec125b37cb7e
2026-05-08,TCX,HOSE,6274350000.0,2499140000.0,3775210000.0,122700.0,49000.0,73700.0,0.0,0.0,0.0,0.0,51600.0,51600.0,50700.0,50900.0,51200.0,HSX_FOREIGN_API,HOSE_SYMBOL_LEVEL,VND,2026-08-25T04:29:05Z,ff_hsx_symbol_daily_v1,0d06c9c1f5f30bcd18b126c3499b1a4f064ba7849092e2829616e3b55dc3f36d
2026-05-11,TCX,HOSE,5407410000.0,10955830000.0,-5548420000.0,105700.0,215100.0,-109400.0,0.0,0.0,0.0,0.0,51000.0,51500.0,50300.0,50300.0,50900.0,HSX_FOREIGN_API,HOSE_SYMBOL_LEVEL,VND,2026-08-25T04:29:05Z,ff_hsx_symbol_daily_v1,c15f2974d227a34120edbfc4c0ac53e6477035566b26476d88023f126b8d255b
2026-05-12,TCX,HOSE,2274188400.0,4762828400.0,-2488640000.0,45000.0,94300.0,-49300.0,1368658400.0,1368658400.0,27100.0,27100.0,50300.0,50900.0,50200.0,50400.0,50500.0,HSX_FOREIGN_API,HOSE_SYMBOL_LEVEL,VND,2026-08-25T04:29:05Z,ff_hsx_symbol_daily_v1,f163a545086bf67b0f384c68d2fdaf1046d6ae118480f10c2a4f862bddcb3d96
2026-05-13,TCX,HOSE,64805000.0,31016625000.0,-30951820000.0,1300.0,620100.0,-618800.0,0.0,0.0,0.0,0.0,50500.0,50800.0,49600.0,49950.0,50000.0,HSX_FOREIGN_API,HOSE_SYMBOL_LEVEL,VND,2026-08-25T04:29:05Z,ff_hsx_symbol_daily_v1,2bb08cef2b30ea65ae5b51641ac6e826f74a93bf01083bfdb6e6aa427406dd04
2026-05-14,TCX,HOSE,14688530000.0,15409067700.0,-720537700.0,288600.0,302211.0,-13611.0,0.0,0.0,0.0,0.0,50000.0,51300.0,50000.0,51000.0,50900.0,HSX_FOREIGN_API,HOSE_SYMBOL_LEVEL,VND,2026-08-25T04:29:05Z,ff_hsx_symbol_daily_v1,e3ec3725ecea268e890f279b8d4744759317c70f75bf1fab31f9284ec52d7eb8
2026-05-15,TCX,HOSE,23481790000.0,24185180000.0,-703390000.0,456300.0,472200.0,-15900.0,0.0,0.0,0.0,0.0,51200.0,51900.0,50700.0,51200.0,51400.0,HSX_FOREIGN_API,HOSE_SYMBOL_LEVEL,VND,2026-08-25T04:29:05Z,ff_hsx_symbol_daily_v1,44e4eda74b1bf37b4fdb853e462ef25d2cc22b87a25428719ed3ff6252a9fcfb
2026-05-18,TCX,HOSE,21518000000.0,44368600000.0,-22850600000.0,423300.0,877200.0,-453900.0,0.0,0.0,0.0,0.0,50200.0,51800.0,50200.0,50500.0,50800.0,HSX_FOREIGN_API,HOSE_SYMBOL_LEVEL,VND,2026-08-25T04:29:05Z,ff_hsx_symbol_daily_v1,6f37c62c07322a3d62674e31e951031690c25f0dfca3220ec9979f1667b5f3b8
2026-05-19,TCX,HOSE,1717280000.0,17858850000.0,-16141570000.0,33400.0,350400.0,-317000.0,0.0,0.0,0.0,0.0,51000.0,51600.0,50400.0,50800.0,51000.0,HSX_FOREIGN_API,HOSE_SYMBOL_LEVEL,VND,2026-08-25T04:29:05Z,ff_hsx_symbol_daily_v1,398a4c5b5c5fa07242f7cc1de587518c5bb22cf09ecea4c79f511e3137fa8c6e
2026-05-20,TCX,HOSE,8423770000.0,27996335000.0,-19572565000.0,168100.0,558400.0,-390300.0,0.0,0.0,0.0,0.0,50800.0,50800.0,49800.0,50200.0,50100.0,HSX_FOREIGN_API,HOSE_SYMBOL_LEVEL,VND,2026-08-25T04:29:05Z,ff_hsx_symbol_daily_v1,309402d02750eec57bc65d52f7889e0f9e705a9ea0ac002710bb41834537dbe2
2026-05-21,TCX,HOSE,9426100000.0,34240740000.0,-24814640000.0,187500.0,681600.0,-494100.0,0.0,0.0,0.0,0.0,50600.0,51000.0,50000.0,50200.0,50300.0,HSX_FOREIGN_API,HOSE_SYMBOL_LEVEL,VND,2026-08-25T04:29:05Z,ff_hsx_symbol_daily_v1,f5663f24e5a62c00d39ac95feb78382b1b53ff42c954ef2eedfd147a712c7ed3
2026-05-22,TCX,HOSE,33592010000.0,48678823600.0,-15086813600.0,659200.0,959189.0,-299989.0,21425400000.0,8348017200.0,420000.0,163600.0,50000.0,51700.0,50000.0,51000.0,51000.0,HSX_FOREIGN_API,HOSE_SYMBOL_LEVEL,VND,2026-08-25T04:29:05Z,ff_hsx_symbol_daily_v1,ed594f8b3035c50b1696b26fec9c34db2172348b10fec21fc3fac74c7e180f00
2026-05-25,TCX,HOSE,8838220000.0,34216120000.0,-25377900000.0,204700.0,792300.0,-587600.0,8638000000.0,8638000000.0,200000.0,200000.0,43050.0,43700.0,42500.0,43400.0,43200.0,HSX_FOREIGN_API,HOSE_SYMBOL_LEVEL,VND,2026-08-25T04:29:05Z,ff_hsx_symbol_daily_v1,a844bf48d9656b69699bf8b5c3d2f815546a1cb5a286bea5ff8a6d82d8005550
2026-05-26,TCX,HOSE,2803320000.0,31260415000.0,-28457095000.0,64700.0,724500.0,-659800.0,0.0,0.0,0.0,0.0,43500.0,43500.0,42700.0,43350.0,43200.0,HSX_FOREIGN_API,HOSE_SYMBOL_LEVEL,VND,2026-08-25T04:29:05Z,ff_hsx_symbol_daily_v1,f1dc6379ac886bb7a63f798c5809b325cfc387e356e5e4e09567bf76d757c608
2026-05-27,TCX,HOSE,3428019600.0,18268645000.0,-14840625400.0,78921.0,421700.0,-342779.0,0.0,8664400000.0,0.0,200000.0,43800.0,43800.0,42900.0,43000.0,43350.0,HSX_FOREIGN_API,HOSE_SYMBOL_LEVEL,VND,2026-08-25T04:29:05Z,ff_hsx_symbol_daily_v1,bd5d39f30dab3d7f76ff9ae5c45b20690f0e316eaec7384977fb64635d9ca269
2026-05-28,TCX,HOSE,804800000.0,34880985000.0,-34076185000.0,19100.0,826600.0,-807500.0,0.0,0.0,0.0,0.0,42900.0,43300.0,41800.0,41800.0,42200.0,HSX_FOREIGN_API,HOSE_SYMBOL_LEVEL,VND,2026-08-25T04:29:05Z,ff_hsx_symbol_daily_v1,fe44e5381a474e5d6e04d50636d7773ad34c3618ddcef3e0d33d5e5ad3341e2f
2026-05-29,TCX,HOSE,2851800000.0,11777730000.0,-8925930000.0,67900.0,279600.0,-211700.0,0.0,0.0,0.0,0.0,41800.0,42450.0,41750.0,42000.0,42100.0,HSX_FOREIGN_API,HOSE_SYMBOL_LEVEL,VND,2026-08-25T04:29:05Z,ff_hsx_symbol_daily_v1,11d5014982c68e900b370a472a497fef01614f1baf20e78d84a13406821a7b43
2026-06-01,TCX,HOSE,332145000.0,28619129050.0,-28286984050.0,8000.0,689175.0,-681175.0,0.0,0.0,0.0,0.0,41900.0,41950.0,41250.0,41500.0,41500.0,HSX_FOREIGN_API,HOSE_SYMBOL_LEVEL,VND,2026-08-25T04:29:05Z,ff_hsx_symbol_daily_v1,3cf44d85f5f7b579967d9298cdf9e5f65b3d6ed6c97c725b9210e39dbe46db87
2026-06-02,TCX,HOSE,32430000.0,55461601500.0,-55429171500.0,800.0,1360970.0,-1360170.0,0.0,0.0,0.0,0.0,41250.0,41400.0,40100.0,40300.0,40700.0,HSX_FOREIGN_API,HOSE_SYMBOL_LEVEL,VND,2026-08-25T04:29:05Z,ff_hsx_symbol_daily_v1,ea22a1035b48d48f3028d7e214577a6e2cdb5230112c5cf91c145617107de394
2026-06-03,TCX,HOSE,1074865000.0,26259890000.0,-25185025000.0,26700.0,651900.0,-625200.0,0.0,0.0,0.0,0.0,40000.0,41000.0,39700.0,40300.0,40300.0,HSX_FOREIGN_API,HOSE_SYMBOL_LEVEL,VND,2026-08-25T04:29:05Z,ff_hsx_symbol_daily_v1,579af4c875f6c4811fa93c5c226d4aac5754fa13b153b8acffaad327c95a7702
2026-06-04,TCX,HOSE,293075000.0,22434100000.0,-22141025000.0,7300.0,560400.0,-553100.0,0.0,8013400000.0,0.0,200000.0,40000.0,40900.0,39850.0,40300.0,40050.0,HSX_FOREIGN_API,HOSE_SYMBOL_LEVEL,VND,2026-08-25T04:29:05Z,ff_hsx_symbol_daily_v1,f3cd7ea3dcb7383e129d29d79a4ae85eb1502e7c493fd634648f4fc7eff7ef55
2026-06-05,TCX,HOSE,1281520000.0,16242260000.0,-14960740000.0,32000.0,405900.0,-373900.0,0.0,0.0,0.0,0.0,40000.0,40500.0,39800.0,39800.0,39950.0,HSX_FOREIGN_API,HOSE_SYMBOL_LEVEL,VND,2026-08-25T04:29:05Z,ff_hsx_symbol_daily_v1,fb2b505dac9609902345e1ffec4803ea9bc1bdf55efec11c79025f4d7c146b29
2026-06-08,TCX,HOSE,4163225000.0,12949115000.0,-8785890000.0,107000.0,332600.0,-225600.0,0.0,0.0,0.0,0.0,39500.0,39700.0,38500.0,39000.0,38900.0,HSX_FOREIGN_API,HOSE_SYMBOL_LEVEL,VND,2026-08-25T04:29:05Z,ff_hsx_symbol_daily_v1,48280f58947a46bb30af220f2869f512782b7238d684fdd085c80d45258c0695
2026-06-09,TCX,HOSE,625505000.0,23578678600.0,-22953173600.0,16400.0,614200.0,-597800.0,0.0,0.0,0.0,0.0,39300.0,39450.0,38000.0,38500.0,38500.0,HSX_FOREIGN_API,HOSE_SYMBOL_LEVEL,VND,2026-08-25T04:29:05Z,ff_hsx_symbol_daily_v1,60409ca19099d73acdf32d92935043abe1d550addbe2f56faf88c588e4f6dd0c
2026-06-10,TCX,HOSE,820225000.0,16860895000.0,-16040670000.0,21500.0,439300.0,-417800.0,0.0,0.0,0.0,0.0,38700.0,39000.0,38050.0,38400.0,38400.0,HSX_FOREIGN_API,HOSE_SYMBOL_LEVEL,VND,2026-08-25T04:29:05Z,ff_hsx_symbol_daily_v1,5b409648bf8d79b0fb48f5df86efc176caf0f4f536842e6cd9d62db9e57e46ad
2026-06-11,TCX,HOSE,50230000.0,4558570000.0,-4508340000.0,1300.0,118200.0,-116900.0,0.0,0.0,0.0,0.0,38400.0,39200.0,38200.0,38400.0,38600.0,HSX_FOREIGN_API,HOSE_SYMBOL_LEVEL,VND,2026-08-25T04:29:05Z,ff_hsx_symbol_daily_v1,6f8b0600c706b0c3a88569c503b65feade4fd20a1b99cd2ed49efaf1cf34d920
2026-06-12,TCX,HOSE,30620000.0,16758880000.0,-16728260000.0,800.0,437400.0,-436600.0,0.0,0.0,0.0,0.0,38850.0,38850.0,38100.0,38100.0,38300.0,HSX_FOREIGN_API,HOSE_SYMBOL_LEVEL,VND,2026-08-25T04:29:05Z,ff_hsx_symbol_daily_v1,9b2207858db47676f28d8ad5fee2b43055fea46961c6c317a12cee8744a960b6
2026-06-15,TCX,HOSE,25417985000.0,1266740000.0,24151245000.0,638800.0,31700.0,607100.0,0.0,0.0,0.0,0.0,38900.0,40750.0,38550.0,40750.0,40000.0,HSX_FOREIGN_API,HOSE_SYMBOL_LEVEL,VND,2026-08-25T04:29:05Z,ff_hsx_symbol_daily_v1,deea181f08737bccf5138168fe374d861fdd5e546648d2a775692e365f13b236
2026-06-16,TCX,HOSE,74471705000.0,8520595000.0,65951110000.0,1742800.0,200000.0,1542800.0,0.0,0.0,0.0,0.0,41100.0,43600.0,40800.0,43500.0,42700.0,HSX_FOREIGN_API,HOSE_SYMBOL_LEVEL,VND,2026-08-25T04:29:05Z,ff_hsx_symbol_daily_v1,c90a1a0534d90456842f298fb4a7a6cbf5d4637d8f6a20ff0ef2c14d22e9f429
2026-06-17,TCX,HOSE,19706962200.0,9706105000.0,10000857200.0,460183.0,227000.0,233183.0,0.0,0.0,0.0,0.0,43000.0,43800.0,42400.0,43000.0,42900.0,HSX_FOREIGN_API,HOSE_SYMBOL_LEVEL,VND,2026-08-25T04:29:05Z,ff_hsx_symbol_daily_v1,38932b8d8116b5b52cdc3a6bd7710e02515e7cc4fcb86ecdb529af48762117c9
2026-06-18,TCX,HOSE,4778685000.0,39615330000.0,-34836645000.0,111700.0,933900.0,-822200.0,0.0,0.0,0.0,0.0,42650.0,43500.0,42050.0,42050.0,42600.0,HSX_FOREIGN_API,HOSE_SYMBOL_LEVEL,VND,2026-08-25T04:29:05Z,ff_hsx_symbol_daily_v1,ed513d7da6a9e8915b5f369bdda50556efb3402b2fac1cfe18abbc9955716962
2026-06-19,TCX,HOSE,90661775000.0,35185290000.0,55476485000.0,2114000.0,822300.0,1291700.0,28050645000.0,2890535000.0,653100.0,67300.0,42000.0,43400.0,41900.0,42950.0,42750.0,HSX_FOREIGN_API,HOSE_SYMBOL_LEVEL,VND,2026-08-25T04:29:05Z,ff_hsx_symbol_daily_v1,663106e1d93318d23e3f1c3fca6312a77c232fcf44cbd36e8d0de0242fc68cfc
2026-06-22,TCX,HOSE,6837711000.0,10161875000.0,-3324164000.0,159660.0,237200.0,-77540.0,0.0,0.0,0.0,0.0,42850.0,43300.0,42200.0,43150.0,42900.0,HSX_FOREIGN_API,HOSE_SYMBOL_LEVEL,VND,2026-08-25T04:29:05Z,ff_hsx_symbol_daily_v1,e6bb4f0607d57b92b679cba3e44124cf857df3af1c793c02db3cc195bf2207ae
2026-06-23,TCX,HOSE,15038545000.0,25116420000.0,-10077875000.0,343900.0,564400.0,-220500.0,0.0,0.0,0.0,0.0,43200.0,46000.0,43050.0,43400.0,44600.0,HSX_FOREIGN_API,HOSE_SYMBOL_LEVEL,VND,2026-08-25T04:29:05Z,ff_hsx_symbol_daily_v1,f48f3df6afd5a0ba40279619ec312ff3c86899579d925d9f2ddf5d3acde7ece7
2026-06-24,TCX,HOSE,24823965000.0,24469390000.0,354575000.0,564000.0,555900.0,8100.0,0.0,0.0,0.0,0.0,43950.0,44750.0,43400.0,44300.0,44050.0,HSX_FOREIGN_API,HOSE_SYMBOL_LEVEL,VND,2026-08-25T04:29:05Z,ff_hsx_symbol_daily_v1,6f4c8a30e83e3c9fb6c74d58527ac709442738898cf473c30afa5474489063ea
2026-06-25,TCX,HOSE,26481475000.0,25477918000.0,1003557000.0,585300.0,564860.0,20440.0,0.0,0.0,0.0,0.0,44500.0,46300.0,44300.0,45000.0,45300.0,HSX_FOREIGN_API,HOSE_SYMBOL_LEVEL,VND,2026-08-25T04:29:05Z,ff_hsx_symbol_daily_v1,b9300c8e3afe6dcb64d484383a11d66c2c5e56ba1fc1f579e2faaf7407f6ed88
2026-06-26,TCX,HOSE,29833435200.0,27950499000.0,1882936200.0,667658.0,626537.0,41121.0,0.0,0.0,0.0,0.0,45250.0,45250.0,43900.0,45000.0,44550.0,HSX_FOREIGN_API,HOSE_SYMBOL_LEVEL,VND,2026-08-25T04:29:05Z,ff_hsx_symbol_daily_v1,b0ca8a974eb1920a50384009b32c5cdc83de18a598b6f952c1fc5f070156f324
2026-06-29,TCX,HOSE,8895450000.0,47724570000.0,-38829120000.0,200300.0,1072000.0,-871700.0,0.0,0.0,0.0,0.0,44750.0,45100.0,43700.0,44400.0,44450.0,HSX_FOREIGN_API,HOSE_SYMBOL_LEVEL,VND,2026-08-25T04:29:05Z,ff_hsx_symbol_daily_v1,f9977271121a46a61e5a92d2318fd59dc868758c643fa5640a9266ef3ae68111
2026-06-30,TCX,HOSE,23245270000.0,23352585000.0,-107315000.0,517800.0,519700.0,-1900.0,0.0,0.0,0.0,0.0,44150.0,45500.0,44100.0,44400.0,44850.0,HSX_FOREIGN_API,HOSE_SYMBOL_LEVEL,VND,2026-08-25T04:29:05Z,ff_hsx_symbol_daily_v1,cd2443ed94e25418722a11590de4d5ef1cb9ef7e57bb384679c4e8dad56ce6e4
2026-07-01,TCX,HOSE,310785000.0,16318565000.0,-16007780000.0,6900.0,363100.0,-356200.0,0.0,0.0,0.0,0.0,44400.0,45150.0,44200.0,44850.0,44900.0,HSX_FOREIGN_API,HOSE_SYMBOL_LEVEL,VND,2026-08-25T04:29:05Z,ff_hsx_symbol_daily_v1,d329897b16c5b6de7308090460aa76f73c8e6df5a741200f9cbaff0a17798cc9
2026-07-02,TCX,HOSE,9525580000.0,51764940750.0,-42239360750.0,210100.0,1144600.0,-934500.0,0.0,0.0,0.0,0.0,45000.0,46200.0,44800.0,45000.0,45300.0,HSX_FOREIGN_API,HOSE_SYMBOL_LEVEL,VND,2026-08-25T04:29:05Z,ff_hsx_symbol_daily_v1,b813c23e15d1cbcbca9dfa08fa07235c37ddf65ade2e9e43ee1f7847e6129db4
2026-07-03,TCX,HOSE,81005000.0,33526275000.0,-33445270000.0,1800.0,743000.0,-741200.0,0.0,0.0,0.0,0.0,45000.0,45900.0,44700.0,45000.0,45100.0,HSX_FOREIGN_API,HOSE_SYMBOL_LEVEL,VND,2026-08-25T04:29:05Z,ff_hsx_symbol_daily_v1,1891d4cf5bd28c4ddc84c962dc6f759d370cac8879f0e961f1cee9c643683ad5
2026-07-06,TCX,HOSE,11913995000.0,29167865000.0,-17253870000.0,276100.0,664900.0,-388800.0,0.0,0.0,0.0,0.0,44800.0,44950.0,42100.0,43500.0,43850.0,HSX_FOREIGN_API,HOSE_SYMBOL_LEVEL,VND,2026-08-25T04:29:05Z,ff_hsx_symbol_daily_v1,17880312144a82c3c52f6d3560d792855380463970c42b852eaa1aa75b00f1e5
2026-07-07,TCX,HOSE,18768655000.0,29390620500.0,-10621965500.0,429100.0,672135.0,-243035.0,0.0,0.0,0.0,0.0,43700.0,44850.0,43000.0,44750.0,43900.0,HSX_FOREIGN_API,HOSE_SYMBOL_LEVEL,VND,2026-08-25T04:29:05Z,ff_hsx_symbol_daily_v1,69abf7ede8cd9351c16a7ef4067754847b8f72c4dd8d00d76772143c06c29de1
2026-07-08,TCX,HOSE,13431496000.0,33861751400.0,-20430255400.0,298860.0,754692.0,-455832.0,0.0,0.0,0.0,0.0,44900.0,45200.0,44300.0,44300.0,44800.0,HSX_FOREIGN_API,HOSE_SYMBOL_LEVEL,VND,2026-08-25T04:29:05Z,ff_hsx_symbol_daily_v1,5f752ba992ec01260c22962aa3c1908f1627b8e7deab2f1d357c00a9c1c72d63
2026-07-09,TCX,HOSE,1524412000.0,13463590000.0,-11939178000.0,35060.0,308600.0,-273540.0,0.0,0.0,0.0,0.0,44000.0,44300.0,43300.0,43650.0,43600.0,HSX_FOREIGN_API,HOSE_SYMBOL_LEVEL,VND,2026-08-25T04:29:05Z,ff_hsx_symbol_daily_v1,d675608bb06bcc86f1e4de770e14d1072163d1e38b9ba38a96efaee9c67b4740
2026-07-10,TCX,HOSE,14971085088.0,34896533838.0,-19925448750.0,336654.0,803561.0,-466907.0,14958335088.0,14958335088.0,336354.0,336354.0,43650.0,43650.0,42200.0,42200.0,42600.0,HSX_FOREIGN_API,HOSE_SYMBOL_LEVEL,VND,2026-08-25T04:29:05Z,ff_hsx_symbol_daily_v1,98dabcaed7b3c03a5ff1f3a8e39d66076f09049b69fb0f9f626aa6e56614b002
2026-07-13,TCX,HOSE,29743580000.0,30819581100.0,-1076001100.0,722000.0,750547.0,-28547.0,0.0,0.0,0.0,0.0,41900.0,41900.0,40300.0,41750.0,41050.0,HSX_FOREIGN_API,HOSE_SYMBOL_LEVEL,VND,2026-08-25T04:29:05Z,ff_hsx_symbol_daily_v1,c2d6a2ec7dc71f6b938daaa7c4901f0b6287f5ab7f60d34859d758b47cc276d2
2026-07-14,TCX,HOSE,9570131200.0,14230490000.0,-4660358800.0,229280.0,345900.0,-116620.0,0.0,0.0,0.0,0.0,41100.0,41950.0,40650.0,41950.0,41250.0,HSX_FOREIGN_API,HOSE_SYMBOL_LEVEL,VND,2026-08-25T04:29:05Z,ff_hsx_symbol_daily_v1,be2568e32dae2d42067980be6311d6302546f8257b3ab72373ee1c01eee4f035
2026-07-15,TCX,HOSE,22764010000.0,26505035000.0,-3741025000.0,535400.0,625500.0,-90100.0,0.0,0.0,0.0,0.0,41950.0,42950.0,41700.0,42800.0,42400.0,HSX_FOREIGN_API,HOSE_SYMBOL_LEVEL,VND,2026-08-25T04:29:05Z,ff_hsx_symbol_daily_v1,425e382844268c5cc9041f63304516f9c5d2dd941e769c70558bb05f136aad1d
2026-07-16,TCX,HOSE,60151142500.0,43203175000.0,16947967500.0,1405150.0,1008000.0,397150.0,0.0,0.0,0.0,0.0,42500.0,43500.0,41650.0,43500.0,42800.0,HSX_FOREIGN_API,HOSE_SYMBOL_LEVEL,VND,2026-08-25T04:29:05Z,ff_hsx_symbol_daily_v1,99c0d632649b5bd5a4686eff5d006eaa680f7f63e994c032bd95c4c29861cb08
2026-07-17,TCX,HOSE,14693210000.0,14201315000.0,491895000.0,340700.0,329300.0,11400.0,0.0,0.0,0.0,0.0,43450.0,43500.0,42800.0,43100.0,43100.0,HSX_FOREIGN_API,HOSE_SYMBOL_LEVEL,VND,2026-08-25T04:29:05Z,ff_hsx_symbol_daily_v1,17a436a53d589fe9cabec6e3fff8d0c089751ba0e9349096483553156388ef7b
2026-07-20,TCX,HOSE,16446855000.0,17742856000.0,-1296001000.0,393500.0,425820.0,-32320.0,0.0,0.0,0.0,0.0,43000.0,43100.0,40850.0,41800.0,41650.0,HSX_FOREIGN_API,HOSE_SYMBOL_LEVEL,VND,2026-08-25T04:29:05Z,ff_hsx_symbol_daily_v1,445d5ddf6075844d4b8b3c1b6321d9de172d3948c8dc046468fb57102d42137b
2026-07-21,TCX,HOSE,22282410000.0,24144915000.0,-1862505000.0,537600.0,584600.0,-47000.0,0.0,0.0,0.0,0.0,41100.0,41950.0,40800.0,41400.0,41300.0,HSX_FOREIGN_API,HOSE_SYMBOL_LEVEL,VND,2026-08-25T04:29:05Z,ff_hsx_symbol_daily_v1,0da503c1c6b253b5d60e89b99221c1a8b147f0a862cc8ea58ef25a105fee7ffa
2026-07-22,TCX,HOSE,24602250000.0,8645250000.0,15957000000.0,601500.0,210700.0,390800.0,0.0,0.0,0.0,0.0,41400.0,41700.0,40400.0,40550.0,40900.0,HSX_FOREIGN_API,HOSE_SYMBOL_LEVEL,VND,2026-08-25T04:29:05Z,ff_hsx_symbol_daily_v1,585c1bcc6e7fa6271313abff4ed4b43169b1443a0825a87aaf0fb271f0777652
2026-07-23,TCX,HOSE,14489450000.0,17007839550.0,-2518389550.0,361000.0,420468.0,-59468.0,0.0,0.0,0.0,0.0,40600.0,41450.0,39350.0,41100.0,40350.0,HSX_FOREIGN_API,HOSE_SYMBOL_LEVEL,VND,2026-08-25T04:29:05Z,ff_hsx_symbol_daily_v1,fd31d817aac785a67f669d6ec7aef662e98ddd9132073b442923a19c8d321278
2026-07-24,TCX,HOSE,958980000.0,10062546050.0,-9103566050.0,24400.0,252600.0,-228200.0,0.0,0.0,0.0,0.0,40050.0,40550.0,39200.0,39200.0,39750.0,HSX_FOREIGN_API,HOSE_SYMBOL_LEVEL,VND,2026-08-25T04:29:05Z,ff_hsx_symbol_daily_v1,40b152a1f21752610a28473331cde1e9a0430f9451bd9b8ec6ed22d9b37148ab
2026-07-27,TCX,HOSE,1324415000.0,9568830000.0,-8244415000.0,34800.0,244400.0,-209600.0,0.0,0.0,0.0,0.0,39500.0,39950.0,37500.0,37500.0,38800.0,HSX_FOREIGN_API,HOSE_SYMBOL_LEVEL,VND,2026-08-25T04:29:05Z,ff_hsx_symbol_daily_v1,7d0494c55db6fb24a635f7e618e6b629cca759187aaa2bf3c5a3b7da82872483
2026-07-28,TCX,HOSE,18668195000.0,41327385000.0,-22659190000.0,492800.0,1093400.0,-600600.0,0.0,0.0,0.0,0.0,37200.0,38900.0,36500.0,38100.0,37850.0,HSX_FOREIGN_API,HOSE_SYMBOL_LEVEL,VND,2026-08-25T04:29:05Z,ff_hsx_symbol_daily_v1,84f5f92ad35b5f84d67284d79efb6866fb45f172df7508f7f6293167b8e701c9
2026-07-29,TCX,HOSE,2652255000.0,14573745000.0,-11921490000.0,69100.0,380800.0,-311700.0,0.0,0.0,0.0,0.0,38250.0,38700.0,38000.0,38650.0,38300.0,HSX_FOREIGN_API,HOSE_SYMBOL_LEVEL,VND,2026-08-25T04:29:05Z,ff_hsx_symbol_daily_v1,d20532fb065e492caee9d1221069802cab314aaa801952fbc96beed0d0db4af4
2026-07-30,TCX,HOSE,27952285000.0,13474836600.0,14477448400.0,694000.0,332266.0,361734.0,0.0,0.0,0.0,0.0,38550.0,41000.0,38550.0,40600.0,40300.0,HSX_FOREIGN_API,HOSE_SYMBOL_LEVEL,VND,2026-08-25T04:29:05Z,ff_hsx_symbol_daily_v1,d3fc7c31d691e64ebf7cb2a0515131331bf016630077e947075632d319c0cbfb
2026-07-31,TCX,HOSE,14294095000.0,23169700000.0,-8875605000.0,351900.0,568100.0,-216200.0,0.0,0.0,0.0,0.0,40950.0,41000.0,40200.0,41000.0,40800.0,HSX_FOREIGN_API,HOSE_SYMBOL_LEVEL,VND,2026-08-25T04:29:05Z,ff_hsx_symbol_daily_v1,2c0434b7fa1b744840e4c94dd690721579caf8e9fe925af53266956b6574d5df
2026-08-03,TCX,HOSE,5326510000.0,55756132000.0,-50429622000.0,130100.0,1361207.0,-1231107.0,0.0,0.0,0.0,0.0,40600.0,41400.0,40600.0,40900.0,40950.0,HSX_FOREIGN_API,HOSE_SYMBOL_LEVEL,VND,2026-08-25T04:29:05Z,ff_hsx_symbol_daily_v1,c38d9d08244baf45e52cfd2fca5ee39cb6c0ae15c1444155726ccc74eb523e97
2026-08-04,TCX,HOSE,3668200000.0,24933794800.0,-21265594800.0,90800.0,619240.0,-528440.0,0.0,0.0,0.0,0.0,41000.0,41000.0,39800.0,40650.0,40300.0,HSX_FOREIGN_API,HOSE_SYMBOL_LEVEL,VND,2026-08-25T04:29:05Z,ff_hsx_symbol_daily_v1,91f0040aebe37384cc1e9674800ac4d673be953a1f44984646453dbb1036596d
2026-08-05,TCX,HOSE,442630000.0,67094800000.0,-66652170000.0,10900.0,1670500.0,-1659600.0,0.0,0.0,0.0,0.0,40950.0,40950.0,39600.0,39600.0,40200.0,HSX_FOREIGN_API,HOSE_SYMBOL_LEVEL,VND,2026-08-25T04:29:05Z,ff_hsx_symbol_daily_v1,f4f04b414673ad85d8901af181409bdbe8b28555e7fcdee4ce66ce822d35ad2e
2026-08-06,TCX,HOSE,4620669000.0,15334240000.0,-10713571000.0,117087.0,388100.0,-271013.0,0.0,0.0,0.0,0.0,39600.0,39900.0,39250.0,39400.0,39500.0,HSX_FOREIGN_API,HOSE_SYMBOL_LEVEL,VND,2026-08-25T04:29:05Z,ff_hsx_symbol_daily_v1,2f1037a596ada986537d9c0644639b7405c562be6290a312872807827ff21b4f
2026-08-07,TCX,HOSE,102480000.0,28036840000.0,-27934360000.0,2600.0,711700.0,-709100.0,0.0,0.0,0.0,0.0,39400.0,40000.0,39250.0,39300.0,39450.0,HSX_FOREIGN_API,HOSE_SYMBOL_LEVEL,VND,2026-08-25T04:29:05Z,ff_hsx_symbol_daily_v1,67be7526b39f768f60c0b5e01b88dcb1df6cfce2c051c277169d97f377059d3c
2026-08-10,TCX,HOSE,3613430000.0,36576536800.0,-32963106800.0,90400.0,916241.0,-825841.0,0.0,0.0,0.0,0.0,39600.0,40350.0,39400.0,40000.0,39950.0,HSX_FOREIGN_API,HOSE_SYMBOL_LEVEL,VND,2026-08-25T04:29:05Z,ff_hsx_symbol_daily_v1,269119b59fd382f283d9fe226f004cf4244db892069fab61b19158fc5c133fc2
2026-08-11,TCX,HOSE,6124135000.0,36285005000.0,-30160870000.0,150400.0,892500.0,-742100.0,0.0,0.0,0.0,0.0,40050.0,40900.0,39900.0,40800.0,40650.0,HSX_FOREIGN_API,HOSE_SYMBOL_LEVEL,VND,2026-08-25T04:29:05Z,ff_hsx_symbol_daily_v1,0ab91ca61975525daf01ab12876f039a06d70ea7e3c1da2c22c490ca0c0765d9
2026-08-12,TCX,HOSE,455472500.0,12426587000.0,-11971114500.0,11210.0,304607.0,-293397.0,0.0,0.0,0.0,0.0,40800.0,41000.0,40300.0,40500.0,40800.0,HSX_FOREIGN_API,HOSE_SYMBOL_LEVEL,VND,2026-08-25T04:29:05Z,ff_hsx_symbol_daily_v1,25a43faba7a65990d5eb5316a0b53c1657c96325f2dbacfdd51d0b82eefe9160
2026-08-13,TCX,HOSE,29678645000.0,20636545000.0,9042100000.0,731800.0,510220.0,221580.0,0.0,0.0,0.0,0.0,40800.0,40800.0,40000.0,40000.0,40450.0,HSX_FOREIGN_API,HOSE_SYMBOL_LEVEL,VND,2026-08-25T04:29:05Z,ff_hsx_symbol_daily_v1,a464d6fee8eae138b532a57a7d3b88e6a4d37b6c068ebbdc77d92b709471e768
2026-08-14,TCX,HOSE,2048940000.0,13476300000.0,-11427360000.0,51600.0,341300.0,-289700.0,0.0,0.0,0.0,0.0,39800.0,40000.0,39000.0,39150.0,39450.0,HSX_FOREIGN_API,HOSE_SYMBOL_LEVEL,VND,2026-08-25T04:29:05Z,ff_hsx_symbol_daily_v1,9b3762edada4532844c7b9d2067144e39358970351c8d644ccca5ef00fe82b21
2026-08-17,TCX,HOSE,1365090000.0,9525345400.0,-8160255400.0,34900.0,243560.0,-208660.0,0.0,0.0,0.0,0.0,39150.0,39500.0,38800.0,39200.0,39100.0,HSX_FOREIGN_API,HOSE_SYMBOL_LEVEL,VND,2026-08-25T04:29:05Z,ff_hsx_symbol_daily_v1,8140fdd677cfd634e8fb459a2af62bad055fcfe8f7951ac8cb017f3064c42722
2026-08-18,TCX,HOSE,17415420000.0,11714520000.0,5700900000.0,437700.0,295000.0,142700.0,0.0,0.0,0.0,0.0,39400.0,40200.0,39250.0,39800.0,39750.0,HSX_FOREIGN_API,HOSE_SYMBOL_LEVEL,VND,2026-08-25T04:29:05Z,ff_hsx_symbol_daily_v1,577bfcb0a114e60af2c313d2a590f2025174f43abf2380f2ba073944b87c0052
2026-08-19,TCX,HOSE,592705000.0,12700960000.0,-12108255000.0,15000.0,322100.0,-307100.0,0.0,0.0,0.0,0.0,39750.0,39850.0,39200.0,39450.0,39450.0,HSX_FOREIGN_API,HOSE_SYMBOL_LEVEL,VND,2026-08-25T04:29:05Z,ff_hsx_symbol_daily_v1,2a6d1977a8c970ef711147b6c9096572851469ceff9ee605a5fd30dda30bbfd5
2026-08-20,TCX,HOSE,1542650000.0,7328755000.0,-5786105000.0,38800.0,184600.0,-145800.0,0.0,0.0,0.0,0.0,39900.0,40000.0,39500.0,39500.0,39700.0,HSX_FOREIGN_API,HOSE_SYMBOL_LEVEL,VND,2026-08-25T04:29:05Z,ff_hsx_symbol_daily_v1,f7dd08f4863daa0d88f75b77f342553d4d62260eb84c7d826b37320e4581822e
2026-08-21,TCX,HOSE,50522950000.0,61242508400.0,-10719558400.0,1234400.0,1505100.0,-270700.0,0.0,0.0,0.0,0.0,39300.0,41300.0,39300.0,41000.0,40700.0,HSX_FOREIGN_API,HOSE_SYMBOL_LEVEL,VND,2026-08-25T04:29:05Z,ff_hsx_symbol_daily_v1,03279a95c1d061f0dda1d2593472573cb6ba245bd5524cd50d44db6696990701
2026-08-24,TCX,HOSE,23527255000.0,36846193500.0,-13318938500.0,570700.0,894870.0,-324170.0,16500000000.0,16500000000.0,400000.0,400000.0,41400.0,41550.0,40750.0,40800.0,41050.0,HSX_FOREIGN_API,HOSE_SYMBOL_LEVEL,VND,2026-08-25T04:29:05Z,ff_hsx_symbol_daily_v1,ef2fb61315b06335ee26e57f753879676ffa62ab825a25ec8e29a9ef9d0e3e3e
