trade_date,n_rows,n_symbols,fc_nuniq,fc_values,fc_present,real_nuniq,real_present,live_nonnull,regime,breadth_nonnull,breadth_median,n_groups,n_times,times_sample,tech_fields,has_t3_label,has_t5_label,has_t10_label,approx_142
2026-07-02,109,109,5,"[1.4, 2.3, 2.5, 2.7, 3.0]",True,3,True,0,[],0,,4,7,"['08:30:05', '09:37:46', '09:38:30', '10:15:35', '11:10:51']",4,False,False,False,False
2026-07-03,97,97,5,"[1.0, 1.4, 1.6, 1.7, 1.9]",True,6,True,0,[],0,,4,8,"['07:16:19', '09:37:34', '09:49:20', '13:26:41', '14:10:02']",4,False,False,False,False
2026-07-04,56,56,1,[1.7],True,1,True,0,[],0,,4,1,['23:06:29'],4,False,False,False,False
2026-07-05,56,56,1,[1.7],True,1,True,0,[],0,,4,1,['15:31:27'],4,False,False,False,False
2026-07-06,80,80,4,"[0.0, 0.9, 1.5, 1.7]",True,6,True,0,[],0,,4,8,"['08:08:35', '09:38:48', '10:07:46', '10:08:34', '10:10:07']",4,False,False,False,False
2026-07-07,38,38,1,[0.9],True,1,True,0,[],0,,3,2,"['21:43:21', '21:46:31']",4,False,False,False,False
2026-07-08,64,64,4,"[0.3, 0.6, 0.9, 1.2]",True,4,True,0,[],0,,4,4,"['15:13:35', '15:32:02', '20:27:55', '21:56:32']",4,False,False,False,False
2026-07-09,84,84,4,"[0.0, 0.2, 0.3, 1.2]",True,7,True,0,[],0,,3,7,"['06:26:55', '09:46:37', '10:20:49', '12:35:39', '15:10:06']",4,False,False,False,False
2026-07-10,66,66,3,"[0.0, 0.1, 0.2]",True,6,True,0,[],0,,3,7,"['09:38:55', '09:39:36', '10:20:35', '13:30:37', '13:55:05']",4,False,False,False,False
2026-07-11,27,27,1,[0.0],True,1,True,0,[],0,,3,1,['13:55:18'],4,False,False,False,False
2026-07-12,27,27,1,[0.0],True,1,True,0,[],0,,3,1,['22:02:54'],4,False,False,False,False
2026-07-13,34,34,1,[0.0],True,3,True,0,[],0,,3,3,"['10:30:50', '15:32:11', '22:10:50']",4,False,False,False,False
2026-07-14,48,48,1,[0.0],True,4,True,0,[],0,,3,4,"['06:10:24', '12:23:32', '14:23:49', '22:31:27']",4,False,False,False,False
2026-07-15,52,52,1,[0.0],True,8,True,0,[],0,,2,9,"['09:36:00', '09:36:44', '09:56:48', '09:57:48', '10:45:40']",4,False,False,False,False
2026-07-16,51,51,1,[0.0],True,4,True,0,[],0,,3,6,"['10:29:31', '13:14:32', '14:55:25', '15:11:58', '15:20:58']",4,False,False,False,False
2026-07-17,73,73,1,[0.0],True,5,True,0,[],0,,3,14,"['09:20:38', '09:37:20', '09:38:49', '09:46:55', '09:49:55']",4,False,False,False,False
2026-07-18,24,24,1,[0.0],True,1,True,0,[],0,,3,1,['21:44:45'],4,False,False,False,False
2026-07-20,28,28,1,[0.0],True,2,True,0,[],0,,3,3,"['12:17:15', '15:22:58', '21:46:59']",4,False,False,False,False
2026-07-21,17,17,1,[0.0],True,2,True,0,[],0,,3,2,"['14:10:55', '17:37:44']",4,False,False,False,False
2026-07-22,17,17,1,[0.0],True,2,True,0,[],0,,3,3,"['08:14:16', '12:26:05', '23:59:07']",4,False,False,False,False
2026-07-23,38,38,1,[0.0],True,5,True,0,[],0,,2,6,"['00:37:48', '09:42:31', '14:09:20', '15:15:58', '15:18:17']",4,False,False,False,False
2026-07-24,22,22,1,[0.0],True,3,True,0,[],0,,2,4,"['09:53:34', '10:04:21', '10:05:55', '19:43:50']",4,False,False,False,False
2026-07-26,7,7,1,[0.0],True,1,True,0,[],0,,2,1,['10:17:15'],4,False,False,False,False
2026-07-27,13,13,1,[0.0],True,2,True,0,[],0,,2,2,"['09:00:16', '19:20:23']",4,False,False,False,False
2026-07-28,31,31,1,[0.0],True,2,True,0,[],0,,2,3,"['12:01:46', '15:16:50', '15:26:49']",4,False,False,False,False
2026-07-29,71,71,1,[0.0],True,4,True,0,[],0,,2,4,"['07:49:55', '10:00:20', '11:52:18', '20:00:30']",4,False,False,False,False
2026-07-30,106,106,1,[0.0],True,2,True,0,[],0,,3,3,"['12:35:35', '18:22:43', '22:33:48']",4,False,False,False,False
2026-07-31,106,106,1,[0.0],True,4,True,0,[],0,,3,4,"['10:20:55', '10:22:22', '14:28:15', '22:16:39']",4,False,False,False,False
2026-08-01,49,49,1,[0.0],True,1,True,0,[],0,,3,1,['14:05:13'],4,False,False,False,False
2026-08-02,49,49,1,[0.0],True,1,True,0,[],0,,3,1,['22:42:58'],4,False,False,False,False
2026-08-03,116,116,1,[1.0],True,1,True,0,[],0,,3,1,['23:30:20'],4,False,False,False,False
2026-08-04,133,133,4,"[0.7, 0.8, 1.0, 1.3]",True,3,True,0,[],0,,3,4,"['07:07:38', '10:06:22', '11:29:59', '16:30:55']",4,False,False,False,True
2026-08-05,120,120,3,"[0.0, 1.4, 1.7]",True,3,True,0,[],0,,3,3,"['11:11:24', '11:14:47', '16:22:29']",4,False,False,False,False
2026-08-06,2001,102,1,[0.0],True,6,True,0,[],0,,3,31,"['07:54:31', '14:10:01', '18:15:40', '19:17:08', '19:31:27']",4,False,False,False,False
2026-08-07,2338,109,5,"[0.0, 0.4, 1.6, 1.7, 1.8]",True,3,True,0,[],0,,3,29,"['07:12:32', '07:12:51', '07:13:50', '07:15:14', '07:18:30']",4,False,False,False,False
2026-08-09,1879,89,1,[1.6],True,1,True,0,[],0,,3,22,"['09:10:12', '09:10:48', '09:11:07', '09:12:31', '09:14:38']",4,False,False,False,False
2026-08-10,6456,124,8,"[3.5, 3.6, 3.7, 3.8, 3.9, 4.0, 4.1, 4.2]",True,10,True,0,[],0,,4,65,"['12:18:57', '12:19:48', '12:20:38', '12:21:32', '12:22:24']",4,False,False,False,False
2026-08-11,5407,123,4,"[2.7, 3.9, 4.0, 4.2]",True,3,True,0,[],0,,4,53,"['10:19:54', '10:20:23', '10:21:07', '10:22:59', '10:24:23']",4,False,False,False,False
2026-08-12,2508,131,7,"[1.8, 2.1, 2.2, 2.9, 3.1, 3.8, 4.0]",True,7,True,0,[],0,,4,25,"['09:30:31', '09:31:14', '09:31:54', '09:32:46', '09:35:35']",4,False,False,False,True
2026-08-19,1517,41,1,[1.2],True,1,True,0,[],0,,3,37,"['22:23:39', '22:26:07', '22:27:11', '22:29:44', '22:32:20']",4,False,False,False,False
2026-08-20,5224,68,3,"[0.9, 1.1, 1.2]",True,3,True,0,[],0,,3,110,"['12:13:44', '12:14:14', '12:15:53', '12:17:31', '12:18:45']",4,False,False,False,False
2026-08-21,2558,116,2,"[1.2, 3.8]",True,2,True,0,[],0,,3,26,"['12:51:11', '12:52:42', '16:17:25', '16:17:58', '16:18:58']",4,False,False,False,False
2026-08-24,1546,91,1,[3.6],True,1,True,0,[],0,,3,17,"['18:10:26', '18:12:29', '18:14:24', '18:14:46', '18:17:55']",4,False,False,False,False
