trade_date,is_weekday,sources,FC,FC_source,REAL,LIVE,regime,breadth,n_groups_8,VNINDEX_OHLCV,VNINDEX_technicals,stock_universe_count,n_ems,n_ph,n_el_ph,dna_142,sector_info,turnover,foreign_flow,outcome_T3,outcome_T5,outcome_T10,el_stock_outcome_T3,PIT_class,leakage_class,completeness_tier,class_A_market_core,class_B_rich,class_C_full_142,class_D_outcome_T3
2026-06-25,True,buy_elite|hist_core,1.2,hist_core,5.0,,🔴 MÙA ĐÔNG,,0,False,False,0,0,0,0,0,False,False,False,False,False,False,False,NOT_PROVABLY_PIT_SAFE,HIGH_ELITE_SUBSET,ELITE_SUBSET_ONLY,True,False,False,False
2026-06-29,True,buy_elite|hist_core,1.3,hist_core,6.0,,🟡 TRUNG TÍNH,,0,False,False,0,0,0,0,0,False,False,False,False,False,False,False,NOT_PROVABLY_PIT_SAFE,HIGH_ELITE_SUBSET,ELITE_SUBSET_ONLY,True,False,False,False
2026-06-30,True,buy_elite|hist_core,1.5,hist_core,6.5,,🟡 TRUNG TÍNH,,0,False,False,0,0,0,0,0,False,False,False,False,False,False,False,NOT_PROVABLY_PIT_SAFE,HIGH_ELITE_SUBSET,ELITE_SUBSET_ONLY,True,False,False,False
2026-07-01,True,buy_elite|hist_core,2.3,hist_core,7.7,,🟡 TRUNG TÍNH,,0,False,False,0,0,0,0,0,False,False,False,False,False,False,False,NOT_PROVABLY_PIT_SAFE,HIGH_ELITE_SUBSET,ELITE_SUBSET_ONLY,True,False,False,False
2026-07-02,True,root_pattern_history|buy_elite|hist_core,1.4,hist_core,6.9,,,,4,False,False,109,0,109,0,0,False,False,False,False,False,False,False,LEAKAGE_RISK_SOURCE,MEDIUM_INTRADAY_MULTI_FC,MARKET_CORE_PARTIAL_UNIVERSE,True,True,False,False
2026-07-03,True,root_pattern_history|buy_elite|hist_core,1.7,hist_core,6.2,,,,4,False,False,97,0,97,0,0,False,False,False,False,False,False,False,LEAKAGE_RISK_SOURCE,MEDIUM_INTRADAY_MULTI_FC,MARKET_CORE_PARTIAL_UNIVERSE,True,True,False,False
2026-07-04,False,root_pattern_history,1.7,root_ph_last_scan,6.2,,,,4,False,False,56,0,56,0,0,False,False,False,False,False,False,False,LEAKAGE_RISK_SOURCE,MEDIUM_INTRADAY_MULTI_FC,MARKET_CORE_PARTIAL_UNIVERSE,True,True,False,False
2026-07-05,False,root_pattern_history,1.7,root_ph_last_scan,6.2,,,,4,False,False,56,0,56,0,0,False,False,False,False,False,False,False,LEAKAGE_RISK_SOURCE,MEDIUM_INTRADAY_MULTI_FC,MARKET_CORE_PARTIAL_UNIVERSE,True,True,False,False
2026-07-06,True,root_pattern_history|buy_elite|hist_core,0.0,hist_core,3.8,,,,4,False,False,80,0,80,0,0,False,False,False,False,False,False,False,LEAKAGE_RISK_SOURCE,MEDIUM_INTRADAY_MULTI_FC,MARKET_CORE_PARTIAL_UNIVERSE,True,True,False,False
2026-07-07,True,root_pattern_history|buy_elite|hist_core,0.9,hist_core,5.2,,,,3,False,False,38,0,38,0,0,False,False,False,False,False,False,False,LEAKAGE_RISK_SOURCE,MEDIUM_INTRADAY_MULTI_FC,MARKET_CORE_PARTIAL_UNIVERSE,True,False,False,False
2026-07-08,True,root_pattern_history|buy_elite|hist_core,1.2,hist_core,6.0,,,,4,False,False,64,0,64,0,0,False,False,False,False,False,False,False,LEAKAGE_RISK_SOURCE,MEDIUM_INTRADAY_MULTI_FC,MARKET_CORE_PARTIAL_UNIVERSE,True,True,False,False
2026-07-09,True,root_pattern_history|buy_elite|hist_core,0.0,hist_core,4.4,,,,3,False,False,84,0,84,0,0,False,False,False,False,False,False,False,LEAKAGE_RISK_SOURCE,MEDIUM_INTRADAY_MULTI_FC,MARKET_CORE_PARTIAL_UNIVERSE,True,True,False,False
2026-07-10,True,root_pattern_history|buy_elite|hist_core,0.0,hist_core,3.5,,,,3,False,False,66,0,66,0,0,False,False,False,False,False,False,False,LEAKAGE_RISK_SOURCE,MEDIUM_INTRADAY_MULTI_FC,MARKET_CORE_PARTIAL_UNIVERSE,True,True,False,False
2026-07-11,False,root_pattern_history,0.0,root_ph_last_scan,3.5,,,,3,False,False,27,0,27,0,0,False,False,False,False,False,False,False,LEAKAGE_RISK_SOURCE,MEDIUM_INTRADAY_MULTI_FC,MARKET_CORE_PARTIAL_UNIVERSE,True,False,False,False
2026-07-12,False,root_pattern_history,0.0,root_ph_last_scan,3.5,,,,3,False,False,27,0,27,0,0,False,False,False,False,False,False,False,LEAKAGE_RISK_SOURCE,MEDIUM_INTRADAY_MULTI_FC,MARKET_CORE_PARTIAL_UNIVERSE,True,False,False,False
2026-07-13,True,root_pattern_history|buy_elite|hist_core,0.0,hist_core,1.8,,,,3,False,False,34,0,34,0,0,False,False,False,False,False,False,False,LEAKAGE_RISK_SOURCE,MEDIUM_INTRADAY_MULTI_FC,MARKET_CORE_PARTIAL_UNIVERSE,True,False,False,False
2026-07-14,True,root_pattern_history|buy_elite|hist_core,0.0,hist_core,3.1,,,,3,False,False,48,0,48,0,0,False,False,False,False,False,False,False,LEAKAGE_RISK_SOURCE,MEDIUM_INTRADAY_MULTI_FC,MARKET_CORE_PARTIAL_UNIVERSE,True,False,False,False
2026-07-15,True,root_pattern_history|buy_elite|hist_core,0.0,hist_core,1.8,,,,2,False,False,52,0,52,0,0,False,False,False,False,False,False,False,LEAKAGE_RISK_SOURCE,MEDIUM_INTRADAY_MULTI_FC,MARKET_CORE_PARTIAL_UNIVERSE,True,True,False,False
2026-07-16,True,root_pattern_history|buy_elite|hist_core,0.0,hist_core,2.7,,,,3,False,False,51,0,51,0,0,False,False,False,False,False,False,False,LEAKAGE_RISK_SOURCE,MEDIUM_INTRADAY_MULTI_FC,MARKET_CORE_PARTIAL_UNIVERSE,True,True,False,False
2026-07-17,True,root_pattern_history|buy_elite|hist_core,0.0,hist_core,2.0,,,,3,False,False,73,0,73,0,0,False,False,False,False,False,False,False,LEAKAGE_RISK_SOURCE,MEDIUM_INTRADAY_MULTI_FC,MARKET_CORE_PARTIAL_UNIVERSE,True,True,False,False
2026-07-18,False,root_pattern_history,0.0,root_ph_last_scan,2.0,,,,3,False,False,24,0,24,0,0,False,False,False,False,False,False,False,LEAKAGE_RISK_SOURCE,MEDIUM_INTRADAY_MULTI_FC,MARKET_CORE_PARTIAL_UNIVERSE,True,False,False,False
2026-07-20,True,root_pattern_history|buy_elite|hist_core,0.0,hist_core,1.1,,,,3,False,False,28,0,28,0,0,False,False,False,False,False,False,False,LEAKAGE_RISK_SOURCE,MEDIUM_INTRADAY_MULTI_FC,MARKET_CORE_PARTIAL_UNIVERSE,True,False,False,False
2026-07-21,True,root_pattern_history|buy_elite|hist_core,0.0,hist_core,1.1,,,,3,False,False,17,0,17,0,0,False,False,False,False,False,False,False,LEAKAGE_RISK_SOURCE,MEDIUM_INTRADAY_MULTI_FC,MARKET_CORE_PARTIAL_UNIVERSE,True,False,False,False
2026-07-22,True,root_pattern_history|hist_core,0.0,hist_core,0.6,,,,3,False,False,17,0,17,0,0,False,False,False,False,False,False,False,LEAKAGE_RISK_SOURCE,MEDIUM_INTRADAY_MULTI_FC,MARKET_CORE_PARTIAL_UNIVERSE,True,False,False,False
2026-07-23,True,root_pattern_history|el_pattern_history|buy_elite|el_observations|hist_core,0.0,hist_core,1.1,,,,4,False,False,142,0,38,142,0,False,False,False,False,False,False,True,LEAKAGE_RISK_SOURCE,MEDIUM_INTRADAY_MULTI_FC,MARKET_CORE_PARTIAL_UNIVERSE,True,True,False,False
2026-07-24,True,root_pattern_history|el_pattern_history|buy_elite|el_observations|hist_core,0.0,hist_core,1.1,,,,5,False,False,142,0,22,142,0,False,False,False,False,False,False,True,LEAKAGE_RISK_SOURCE,MEDIUM_INTRADAY_MULTI_FC,MARKET_CORE_PARTIAL_UNIVERSE,True,True,False,False
2026-07-26,False,root_pattern_history|el_pattern_history|el_observations,0.0,root_ph_last_scan,1.1,,,,2,False,False,142,0,7,142,0,False,False,False,False,False,False,True,LEAKAGE_RISK_SOURCE,MEDIUM_INTRADAY_MULTI_FC,MARKET_CORE_PARTIAL_UNIVERSE,True,True,False,False
2026-07-27,True,root_pattern_history|el_pattern_history|buy_elite|el_observations|hist_core,0.0,hist_core,0.5,,,,4,False,False,142,0,13,142,0,False,False,False,False,False,False,True,LEAKAGE_RISK_SOURCE,MEDIUM_INTRADAY_MULTI_FC,MARKET_CORE_PARTIAL_UNIVERSE,True,True,False,False
2026-07-28,True,root_pattern_history|el_pattern_history|buy_elite|el_observations|hist_core,0.0,hist_core,1.2,,,,5,False,False,142,0,31,142,0,False,False,False,False,False,False,True,LEAKAGE_RISK_SOURCE,MEDIUM_INTRADAY_MULTI_FC,MARKET_CORE_PARTIAL_UNIVERSE,True,True,False,False
2026-07-29,True,root_pattern_history|el_pattern_history|buy_elite|el_observations|hist_core,0.0,hist_core,2.1,,,,5,False,False,142,0,71,142,0,False,False,False,False,False,False,True,LEAKAGE_RISK_SOURCE,MEDIUM_INTRADAY_MULTI_FC,MARKET_CORE_PARTIAL_UNIVERSE,True,True,False,False
2026-07-30,True,root_pattern_history|el_pattern_history|buy_elite|el_observations|hist_core,0.0,hist_core,4.3,,,,7,False,False,142,0,106,142,0,False,False,False,False,False,False,True,LEAKAGE_RISK_SOURCE,MEDIUM_INTRADAY_MULTI_FC,MARKET_CORE_PARTIAL_UNIVERSE,True,True,False,False
2026-07-31,True,root_pattern_history|el_pattern_history|ems|buy_elite|el_observations|forecast_t0|hist_core|p0|mdrr,0.0,hist_core,3.0,,,,6,True,True,142,142,106,142,True,False,True,True,True,True,True,True,PIT_SAFE,LOW,PARTIAL,True,True,True,True
2026-08-01,False,root_pattern_history|el_pattern_history|el_observations,0.0,root_ph_last_scan,3.0,,,,3,False,False,142,0,49,142,0,False,False,False,False,False,False,True,LEAKAGE_RISK_SOURCE,MEDIUM_INTRADAY_MULTI_FC,MARKET_CORE_PARTIAL_UNIVERSE,True,True,False,False
2026-08-02,False,root_pattern_history|el_pattern_history|el_observations,0.0,root_ph_last_scan,3.0,,,,3,False,False,142,0,49,142,0,False,False,False,False,False,False,True,LEAKAGE_RISK_SOURCE,MEDIUM_INTRADAY_MULTI_FC,MARKET_CORE_PARTIAL_UNIVERSE,True,True,False,False
2026-08-03,True,root_pattern_history|el_pattern_history|ems|buy_elite|el_observations|forecast_t0|hist_core|p0|mdrr,0.7,hist_core,5.8,,,,7,True,True,142,142,116,142,True,False,True,True,True,True,True,True,PIT_SAFE,LOW,PARTIAL,True,True,True,True
2026-08-04,True,root_pattern_history|el_pattern_history|ems|buy_elite|el_observations|forecast_t0|hist_core|p0|mdrr,1.7,hist_core,6.5,,,,7,True,True,142,142,133,142,True,False,True,True,True,True,True,True,PIT_SAFE,LOW,PARTIAL,True,True,True,True
2026-08-05,True,root_pattern_history|el_pattern_history|ems|buy_elite|el_observations|forecast_t0|hist_core|p0|mdrr,0.0,hist_core,5.2,,,,6,True,True,142,142,120,142,True,False,True,True,True,True,True,True,PIT_SAFE,LOW,PARTIAL,True,True,True,True
2026-08-06,True,root_pattern_history|el_pattern_history|ems|buy_elite|el_observations|forecast_t0|hist_core|p0|mdrr,0.4,hist_core,4.4,,,,6,True,True,142,142,102,142,True,False,True,True,True,True,True,True,PIT_SAFE,LOW,PARTIAL,True,True,True,True
2026-08-07,True,root_pattern_history|el_pattern_history|ems|buy_elite|el_observations|forecast_t0|hist_core|p0|mdrr,4.1,hist_core,6.7,,,,7,True,True,142,142,109,142,True,False,True,True,True,True,True,True,PIT_SAFE,LOW,PARTIAL,True,True,True,True
2026-08-08,False,el_pattern_history|el_observations,,,,,,,0,False,False,142,0,0,142,0,False,False,False,False,False,False,True,UNRECOVERABLE,N/A,SPARSE,False,False,False,False
2026-08-09,False,root_pattern_history,1.6,root_ph_last_scan,6.8,,,,3,False,False,89,0,89,0,0,False,False,False,False,False,False,False,LEAKAGE_RISK_SOURCE,MEDIUM_INTRADAY_MULTI_FC,MARKET_CORE_PARTIAL_UNIVERSE,True,True,False,False
2026-08-10,True,root_pattern_history|el_pattern_history|ems|buy_elite|el_observations|forecast_t0|hist_core|p0|mdrr,4.2,hist_core,9.1,,,,8,True,True,142,142,124,142,True,False,True,True,True,True,True,True,PIT_SAFE,LOW,PARTIAL,True,True,True,True
2026-08-11,True,root_pattern_history|el_pattern_history|ems|buy_elite|el_observations|forecast_t0|hist_core|p0|mdrr,3.1,hist_core,8.5,,,,8,True,True,142,142,123,142,True,False,True,True,True,True,False,True,PIT_SAFE,LOW,PARTIAL,True,True,True,True
2026-08-12,True,root_pattern_history|el_pattern_history|ems|buy_elite|el_observations|forecast_t0|hist_core|p0|mdrr,4.2,hist_core,9.0,,,,8,True,True,142,142,131,142,True,False,True,True,True,True,False,True,PIT_SAFE,LOW,PARTIAL,True,True,True,True
2026-08-13,True,el_pattern_history|ems|buy_elite|mdt0|el_observations|t0_freeze|forecast_t0|hist_core|p0|mdrr,1.7,hist_core,7.0,8.6,🟡 TRUNG TÍNH,39.0,7,True,True,142,142,0,142,True,False,True,True,True,True,False,True,PIT_SAFE,LOW,COMPLETE,True,True,True,True
2026-08-14,True,el_pattern_history|ems|buy_elite|mdt0|el_observations|t0_freeze|forecast_t0|hist_core|p0|mdrr,1.0,hist_core,5.6,7.6,🔴 MÙA ĐÔNG,29.0,5,True,True,142,142,0,142,True,False,True,True,True,True,False,True,PIT_SAFE,LOW,COMPLETE,True,True,True,True
2026-08-17,True,el_pattern_history|ems|buy_elite|mdt0|el_observations|t0_freeze|forecast_t0|hist_core|p0|mdrr,1.4,hist_core,6.2,7.8,🟡 TRUNG TÍNH,32.0,6,True,True,142,142,0,142,True,False,True,True,True,True,False,True,PIT_SAFE,LOW,COMPLETE,True,True,True,True
2026-08-18,True,el_pattern_history|ems|buy_elite|mdt0|el_observations|t0_freeze|forecast_t0|hist_core|p0|mdrr,1.3,hist_core,5.7,7.6,🔴 MÙA ĐÔNG,30.0,6,True,True,142,142,0,142,True,False,True,True,True,False,False,True,PIT_SAFE,LOW,COMPLETE,True,True,True,True
2026-08-19,True,root_pattern_history|el_pattern_history|ems|buy_elite|mdt0|el_observations|t0_freeze|forecast_t0|hist_core|p0|mdrr,1.2,hist_core,5.0,7.1,🔴 MÙA ĐÔNG,26.0,6,True,True,142,142,41,142,True,False,True,True,True,False,False,True,PIT_SAFE,LOW,COMPLETE,True,True,True,True
2026-08-20,True,root_pattern_history|el_pattern_history|ems|buy_elite|mdt0|el_observations|t0_freeze|forecast_t0|hist_core|p0|mdrr,1.1,hist_core,5.3,7.2,🔴 MÙA ĐÔNG,28.0,6,True,True,142,142,68,142,True,False,True,True,False,False,False,False,PIT_SAFE,LOW,COMPLETE,True,True,True,False
2026-08-21,True,root_pattern_history|el_pattern_history|ems|buy_elite|mdt0|el_observations|t0_freeze|forecast_t0|hist_core|p0|mdrr,3.8,hist_core,9.0,9.6,🟡 TRUNG TÍNH,61.0,7,True,True,142,142,116,142,True,False,True,True,False,False,False,False,PIT_SAFE,LOW,COMPLETE,True,True,True,False
2026-08-24,True,root_pattern_history|el_pattern_history|ems|buy_elite|mdt0|el_observations|t0_freeze|forecast_t0|hist_core|p0|mdrr,3.6,hist_core,9.6,10.1,🟡 TRUNG TÍNH,69.0,7,True,True,142,142,91,142,True,False,True,True,False,False,False,False,PIT_SAFE,LOW,COMPLETE,True,True,True,False
