trade_date,n_universe,pct_DANG_HOI,pct_TRUNG_TINH,pct_YEU,pct_YEU_DAN,pct_RAT_YEU,pct_weak3,pct_weak2,dominant_state,dominant_share,hhi,entropy_log2,market_real,market_regime,vnindex_return,pct_DANG_HOI_chg_d1,pct_TRUNG_TINH_chg_d1,pct_YEU_chg_d1,pct_YEU_DAN_chg_d1,pct_RAT_YEU_chg_d1,pct_weak3_chg_d1,pct_weak2_chg_d1,pct_DANG_HOI_chg_d2,pct_TRUNG_TINH_chg_d2,pct_YEU_chg_d2,pct_YEU_DAN_chg_d2,pct_RAT_YEU_chg_d2,pct_weak3_chg_d2,pct_weak2_chg_d2,pct_DANG_HOI_chg_d3,pct_TRUNG_TINH_chg_d3,pct_YEU_chg_d3,pct_YEU_DAN_chg_d3,pct_RAT_YEU_chg_d3,pct_weak3_chg_d3,pct_weak2_chg_d3,episode_id,iso_week,uni_T3_mean,uni_T3_median,yeudan_T3_n,yeudan_T3_mean,yeudan_T3_median,ratyeu_T3_n,ratyeu_T3_mean,ratyeu_T3_median,uni_T5_mean,uni_T5_median,yeudan_T5_n,yeudan_T5_mean,yeudan_T5_median,ratyeu_T5_n,ratyeu_T5_mean,ratyeu_T5_median,uni_T10_mean,uni_T10_median,yeudan_T10_n,yeudan_T10_mean,yeudan_T10_median,ratyeu_T10_n,ratyeu_T10_mean,ratyeu_T10_median,blind_forward,DANG_HOI_T3_n,DANG_HOI_T3_mean,DANG_HOI_T3_median,DANG_HOI_T3_winrate,DANG_HOI_T3_beats_uni_median,TRUNG_TINH_T3_n,TRUNG_TINH_T3_mean,TRUNG_TINH_T3_median,TRUNG_TINH_T3_winrate,TRUNG_TINH_T3_beats_uni_median,YEU_T3_n,YEU_T3_mean,YEU_T3_median,YEU_T3_winrate,YEU_T3_beats_uni_median,YEU_DAN_T3_n,YEU_DAN_T3_mean,YEU_DAN_T3_median,YEU_DAN_T3_winrate,YEU_DAN_T3_beats_uni_median,RAT_YEU_T3_n,RAT_YEU_T3_mean,RAT_YEU_T3_median,RAT_YEU_T3_winrate,RAT_YEU_T3_beats_uni_median,DANG_HOI_T5_n,DANG_HOI_T5_mean,DANG_HOI_T5_median,DANG_HOI_T5_winrate,DANG_HOI_T5_beats_uni_median,TRUNG_TINH_T5_n,TRUNG_TINH_T5_mean,TRUNG_TINH_T5_median,TRUNG_TINH_T5_winrate,TRUNG_TINH_T5_beats_uni_median,YEU_T5_n,YEU_T5_mean,YEU_T5_median,YEU_T5_winrate,YEU_T5_beats_uni_median,YEU_DAN_T5_n,YEU_DAN_T5_mean,YEU_DAN_T5_median,YEU_DAN_T5_winrate,YEU_DAN_T5_beats_uni_median,RAT_YEU_T5_n,RAT_YEU_T5_mean,RAT_YEU_T5_median,RAT_YEU_T5_winrate,RAT_YEU_T5_beats_uni_median,DANG_HOI_T10_n,DANG_HOI_T10_mean,DANG_HOI_T10_median,DANG_HOI_T10_winrate,DANG_HOI_T10_beats_uni_median,TRUNG_TINH_T10_n,TRUNG_TINH_T10_mean,TRUNG_TINH_T10_median,TRUNG_TINH_T10_winrate,TRUNG_TINH_T10_beats_uni_median,YEU_T10_n,YEU_T10_mean,YEU_T10_median,YEU_T10_winrate,YEU_T10_beats_uni_median,YEU_DAN_T10_n,YEU_DAN_T10_mean,YEU_DAN_T10_median,YEU_DAN_T10_winrate,YEU_DAN_T10_beats_uni_median,RAT_YEU_T10_n,RAT_YEU_T10_mean,RAT_YEU_T10_median,RAT_YEU_T10_winrate,RAT_YEU_T10_beats_uni_median
2026-07-23,142,2.8169014084507045,2.8169014084507045,1.4084507042253522,38.732394366197184,54.22535211267606,94.36619718309859,55.633802816901415,⛔ RẤT YẾU,54.22535211267606,0.4458440785558421,1.38554044431198,,🔴 Forecast rủi ro,,,,,,,,,,,,,,,,,,,,,,,1,2026-W30,-2.0114472342889,-1.8683510638297873,55.0,-1.8156640376480326,-1.619433198380571,77.0,-2.2245580094933923,-2.0689655172413834,0.9737198532092796,0.7012045231071795,55.0,1.1168923565664393,0.638569604086836,77.0,1.0189650328499542,0.7220216606498298,2.8968335001252865,1.7849390790958708,55.0,2.4572686621343305,1.5625,77.0,3.497947821098805,2.2222222222222143,False,4.0,-0.3899427136377087,-1.1498472744360888,0.25,1.0,4.0,-2.399405510097699,-1.9846234895130155,0.5,0.0,2.0,-1.6578127862245828,-1.6578127862245828,0.0,1.0,55.0,-1.8156640376480326,-1.619433198380571,0.2545454545454545,1.0,77.0,-2.2245580094933923,-2.0689655172413834,0.2857142857142857,0.0,4.0,0.9549665594301315,0.6946076127819556,0.5,0.0,4.0,-1.4295249047990677,-0.9960159362549792,0.25,0.0,2.0,0.1385326982963897,0.1385326982963897,0.5,0.0,55.0,1.1168923565664393,0.638569604086836,0.5454545454545454,0.0,77.0,1.0189650328499542,0.7220216606498298,0.5714285714285714,1.0,4.0,3.098482377123185,3.425876878306522,0.75,1.0,4.0,-2.046156468831281,-1.1539556061468392,0.0,0.0,2.0,1.3246473713134255,1.3246473713134255,1.0,0.0,55.0,2.4572686621343305,1.5625,0.7090909090909091,0.0,77.0,3.497947821098805,2.2222222222222143,0.6753246753246753,1.0
2026-07-24,142,2.112676056338028,8.450704225352112,3.5211267605633805,28.87323943661972,57.04225352112676,89.43661971830986,60.563380281690144,⛔ RẤT YẾU,57.04225352112676,0.41757587780202343,1.5682572574747513,,🔴 Forecast rủi ro,,-0.7042253521126765,5.633802816901408,2.112676056338028,-9.859154929577464,2.816901408450697,-4.929577464788736,4.9295774647887285,,,,,,,,,,,,,,,1,2026-W30,1.032236009678953,0.10309278350515425,41.0,0.6873053979960371,0.0,81.0,1.484209404427005,1.2552301255230214,1.2849424978153678,0.7971290650406471,41.0,0.7765627356386748,0.4692632566869914,81.0,1.9487763089296313,1.2422360248447228,4.963856683532874,3.900076050656354,41.0,2.9626654149588934,2.631578947368429,81.0,6.668688585893503,5.283018867924527,False,3.0,1.0182907345167802,0.0,0.3333333333333333,0.0,12.0,-0.2626769226783909,-0.2347417840375565,0.25,0.0,5.0,-0.34514376668464786,0.538599640933568,0.6,1.0,41.0,0.6873053979960371,0.0,0.4634146341463415,0.0,81.0,1.484209404427005,1.2552301255230214,0.5555555555555556,1.0,3.0,0.26282961524290993,0.3861003861003853,0.6666666666666666,0.0,12.0,-0.42093034881568187,-1.3227820531436008,0.4166666666666667,0.0,5.0,-0.593088630928813,-1.1450381679389277,0.2,0.0,41.0,0.7765627356386748,0.4692632566869914,0.5121951219512195,0.0,81.0,1.9487763089296313,1.2422360248447228,0.6296296296296297,1.0,3.0,4.925311992981162,5.263157894736836,1.0,1.0,12.0,1.3085742082497511,0.8216145833333299,0.6666666666666666,0.0,5.0,2.5511530226078354,0.9009009009008916,0.8,0.0,41.0,2.9626654149588934,2.631578947368429,0.7073170731707317,0.0,81.0,6.668688585893503,5.283018867924527,0.9135802469135802,1.0
2026-07-27,142,2.112676056338028,5.633802816901409,2.8169014084507045,38.028169014084504,51.40845070422535,92.25352112676056,54.225352112676056,⛔ RẤT YẾU,51.40845070422535,0.4133108510216227,1.5203386306509357,,🔴 Forecast rủi ro,,0.0,-2.816901408450703,-0.704225352112676,9.154929577464785,-5.633802816901408,2.816901408450704,-6.338028169014088,-0.7042253521126765,2.8169014084507045,1.4084507042253522,-0.7042253521126796,-2.816901408450711,-2.1126760563380316,-1.4084507042253591,,,,,,,,1,2026-W31,3.6778499481872804,3.385855324723941,54.0,3.616473347870516,3.2623434633484933,73.0,4.156953852796903,4.072398190045257,5.819549696887685,5.749075886062194,54.0,5.389397942093706,5.076889673466689,73.0,6.954743566725651,6.372549019607843,7.818877556899366,7.57273109564951,54.0,6.216704781085163,6.214244851258577,73.0,9.878640120328503,8.823529411764696,False,3.0,-0.11212681313963808,-1.379310344827589,0.3333333333333333,0.0,8.0,1.9782848762197354,2.3988970588235343,0.75,0.0,4.0,2.004400508268284,2.258241231494029,1.0,0.0,54.0,3.616473347870516,3.2623434633484933,0.8518518518518519,0.0,73.0,4.156953852796903,4.072398190045257,0.9452054794520548,1.0,3.0,-0.3061993136344772,-0.2758620689655155,0.3333333333333333,0.0,8.0,1.588500497345606,0.6112132352941169,0.75,0.0,4.0,3.9657204190392763,3.087774294670853,1.0,0.0,54.0,5.389397942093706,5.076889673466689,0.8703703703703703,0.0,73.0,6.954743566725651,6.372549019607843,0.958904109589041,1.0,3.0,1.5693404813479732,3.0344827586206824,0.6666666666666666,0.0,8.0,5.347588114560425,5.240432405566597,0.75,0.0,4.0,1.4872749391508124,1.9287612971823467,0.75,0.0,54.0,6.216704781085163,6.214244851258577,0.8888888888888888,0.0,73.0,9.878640120328503,8.823529411764696,0.9452054794520548,1.0
2026-07-28,142,2.112676056338028,7.042253521126761,7.042253521126761,44.36619718309859,39.436619718309856,90.8450704225352,46.478873239436616,⚠️ YẾU DẦN,44.36619718309859,0.362725649672684,1.706268526436856,,🔴 Forecast rủi ro,,0.0,1.408450704225352,4.225352112676056,6.338028169014088,-11.971830985915496,-1.4084507042253591,-7.74647887323944,0.0,-1.4084507042253511,3.5211267605633805,15.492957746478872,-17.605633802816904,1.408450704225345,-14.084507042253527,-0.7042253521126765,4.225352112676056,5.633802816901409,5.633802816901408,-14.788732394366207,-3.5211267605633907,-9.154929577464799,1,2026-W31,2.8219428306611047,2.1615217754046396,63.0,3.472281746823162,2.3121387283236983,56.0,2.7104661034941517,2.520737070645218,6.294108829482976,5.451694195633716,63.0,6.186138299640286,5.202312138728327,56.0,7.780379881677204,6.997432174978313,7.009213810156804,6.068955967875944,63.0,7.5139147730680165,6.024096385542177,56.0,8.85176412341688,7.5302353411687335,False,3.0,0.5587932198288977,0.995024875621886,0.6666666666666666,0.0,10.0,1.6420311011016107,1.134599190599872,0.7,0.0,10.0,1.207933943784235,1.7176341329426803,0.8,0.0,63.0,3.472281746823162,2.3121387283236983,0.9206349206349206,1.0,56.0,2.7104661034941517,2.520737070645218,0.8928571428571429,1.0,3.0,1.5797272535097846,-0.9280742459396808,0.3333333333333333,0.0,10.0,4.439312651236922,3.577811492913307,0.9,0.0,10.0,1.9203159262422673,2.840320764271509,0.7,0.0,63.0,6.186138299640286,5.202312138728327,0.9047619047619048,0.0,56.0,7.780379881677204,6.997432174978313,1.0,1.0,3.0,2.1257158818665784,2.9850746268656803,0.6666666666666666,0.0,10.0,-1.376553973300234,2.4157671336582753,0.6,0.0,10.0,3.3621331515038335,3.7492831359848937,0.9,0.0,63.0,7.5139147730680165,6.024096385542177,0.9206349206349206,0.0,56.0,8.85176412341688,7.5302353411687335,0.9642857142857143,1.0
2026-07-29,142,10.56338028169014,28.169014084507044,14.084507042253522,38.732394366197184,8.450704225352112,61.267605633802816,22.535211267605632,⚠️ YẾU DẦN,38.732394366197184,0.26750644713350524,2.0869768457027127,,🔴 Forecast rủi ro,,8.450704225352112,21.126760563380284,7.042253521126761,-5.633802816901408,-30.985915492957744,-29.577464788732385,-23.943661971830984,8.450704225352112,22.535211267605636,11.267605633802818,0.7042253521126796,-42.95774647887324,-30.985915492957744,-31.690140845070424,8.450704225352112,19.71830985915493,10.563380281690142,9.859154929577464,-48.59154929577465,-28.16901408450704,-38.02816901408451,1,2026-W31,2.5669184253522705,2.1839542122703115,55.0,2.8379669860706334,2.9787234042553123,12.0,3.5420205166745866,3.4941594718131075,2.211677138323639,1.5686515748031482,55.0,2.632557742591028,1.5748031496062964,12.0,5.485439923550703,5.533811698195256,4.433257709131399,3.8113652868554837,55.0,5.365473576792768,5.142857142857138,12.0,8.505003163233956,6.124586012078703,False,15.0,1.316165267804636,0.6561679790026309,0.5333333333333333,0.0,40.0,2.1060529249238344,1.9730538922155705,0.775,0.0,20.0,3.0962694976009852,2.472424910911253,0.85,1.0,55.0,2.8379669860706334,2.9787234042553123,0.8363636363636363,1.0,12.0,3.5420205166745866,3.4941594718131075,0.8333333333333334,1.0,15.0,-1.8291142894086692,-0.0908265213442338,0.4666666666666667,0.0,40.0,1.85374391538124,1.1657007376185469,0.7,0.0,20.0,2.8364578221361105,2.721094005895841,0.7,1.0,55.0,2.632557742591028,1.5748031496062964,0.8,1.0,12.0,5.485439923550703,5.533811698195256,0.75,1.0,15.0,0.11728856946209912,1.3123359580052396,0.6666666666666666,0.0,40.0,3.780550938594498,2.2157712614155223,0.8,0.0,20.0,3.9690071964268796,3.76739047882072,0.95,0.0,55.0,5.365473576792768,5.142857142857138,0.9090909090909091,1.0,12.0,8.505003163233956,6.124586012078703,0.8333333333333334,1.0
2026-07-30,142,12.676056338028168,38.732394366197184,17.6056338028169,28.87323943661972,2.112676056338028,48.591549295774655,19.718309859154928,🟡 TRUNG TÍNH,38.732394366197184,0.28089664749057724,1.9839417765068588,,🔴 Forecast rủi ro,,2.112676056338028,10.56338028169014,3.5211267605633783,-9.859154929577464,-6.338028169014084,-12.676056338028161,-2.816901408450704,10.56338028169014,31.690140845070424,10.56338028169014,-15.492957746478872,-37.323943661971825,-42.253521126760546,-26.76056338028169,10.56338028169014,33.098591549295776,14.788732394366196,-9.154929577464785,-49.29577464788733,-43.661971830985905,-34.50704225352113,1,2026-W31,3.126987741089167,2.5807525807525766,41.0,4.192671297908016,3.009259259259256,3.0,9.221586728327432,1.8382352941176403,1.9325393470334737,1.7858767858767943,41.0,2.6046503037716446,1.9891500904159145,3.0,7.214318303716219,1.5243902439024293,2.915741408347212,2.115308933490756,41.0,3.33607119265649,2.164502164502169,3.0,5.348107143053464,1.2195121951219523,False,18.0,1.8623417062857364,1.7517534782108712,0.6666666666666666,0.0,55.0,2.2526475235432146,2.0325203252032464,0.8545454545454545,0.0,25.0,3.482008453097229,3.255813953488373,0.88,1.0,41.0,4.192671297908016,3.009259259259256,0.926829268292683,1.0,3.0,9.221586728327432,1.8382352941176403,1.0,0.0,18.0,-0.7983695222618645,3.1301567656765723,0.6111111111111112,1.0,55.0,1.6741805737794142,1.3986013986013957,0.7454545454545455,0.0,25.0,2.73110759023252,2.3809523809523725,0.8,1.0,41.0,2.6046503037716446,1.9891500904159145,0.8536585365853658,1.0,3.0,7.214318303716219,1.5243902439024293,0.6666666666666666,0.0,18.0,0.5730694281875306,3.0988086685823757,0.7222222222222222,1.0,55.0,2.786739864910371,1.6528925619834656,0.6909090909090909,0.0,25.0,3.905043895191267,3.237410071942448,0.92,1.0,41.0,3.33607119265649,2.164502164502169,0.8536585365853658,1.0,3.0,5.348107143053464,1.2195121951219523,0.6666666666666666,0.0
2026-07-31,142,17.6056338028169,24.647887323943664,21.830985915492956,34.50704225352113,1.4084507042253522,57.74647887323943,23.239436619718308,⚠️ YẾU DẦN,34.50704225352113,0.25867883356476884,2.034802201750596,,🔴 Forecast rủi ro,,4.929577464788732,-14.08450704225352,4.225352112676056,5.633802816901408,-0.7042253521126758,9.154929577464777,3.52112676056338,7.04225352112676,-3.52112676056338,7.746478873239434,-4.225352112676056,-7.04225352112676,-3.5211267605633836,0.704225352112676,15.492957746478872,17.605633802816904,14.788732394366196,-9.859154929577464,-38.028169014084504,-33.09859154929577,-23.239436619718308,1,2026-W31,1.9637962973240455,1.6730618957091714,49.0,2.6281162466015795,1.7857142857142794,2.0,10.301204819277112,10.301204819277112,3.678322862577894,3.3835016835016885,49.0,4.377238874286114,3.913043478260869,2.0,7.671978235522736,7.671978235522736,2.1833724051244383,1.7870449222908258,49.0,3.3131068306081732,2.1739130434782705,2.0,8.56976292265838,8.56976292265838,False,25.0,-0.9590592626688281,0.8036739380022917,0.6,0.0,35.0,2.6835168932210203,2.4193548387096757,0.8571428571428571,1.0,31.0,1.9203986710312209,1.454545454545464,0.7419354838709677,0.0,49.0,2.6281162466015795,1.7857142857142794,0.8163265306122449,1.0,2.0,10.301204819277112,10.301204819277112,1.0,1.0,25.0,-0.036018896045984336,1.806239737274229,0.68,0.0,35.0,4.349341382564357,3.0241935483871,0.9428571428571428,0.0,31.0,4.55376481246429,3.6184210526315703,0.9032258064516129,1.0,49.0,4.377238874286114,3.913043478260869,0.8979591836734694,1.0,2.0,7.671978235522736,7.671978235522736,0.5,1.0,25.0,-0.9856175508310102,1.1494252873563315,0.56,0.0,35.0,2.3460095603405358,1.8433179723502224,0.6571428571428571,1.0,31.0,2.3576524239164356,1.1730205278592365,0.6774193548387096,0.0,49.0,3.3131068306081732,2.1739130434782705,0.8163265306122449,1.0,2.0,8.56976292265838,8.56976292265838,0.5,1.0
2026-08-03,142,45.07042253521127,35.91549295774648,11.267605633802818,7.042253521126761,0.7042253521126761,19.014084507042256,11.971830985915494,🌱 ĐANG HỒI,45.07042253521127,0.3498313826621703,1.72359941957919,,🔴 Forecast rủi ro,,27.46478873239437,11.267605633802816,-10.563380281690138,-27.464788732394368,-0.7042253521126761,-38.73239436619718,-11.267605633802814,32.3943661971831,-2.816901408450704,-6.338028169014082,-21.83098591549296,-1.408450704225352,-29.5774647887324,-7.746478873239434,34.507042253521135,7.746478873239436,-2.816901408450704,-31.690140845070424,-7.746478873239436,-42.25352112676056,-10.563380281690138,1,2026-W32,-0.12530428651999503,-0.19985414983147987,10.0,-0.5965079726993383,-0.5998474633828577,1.0,-4.895104895104896,-4.895104895104896,1.9082136364903342,1.8686428363847707,10.0,0.4180823605167405,0.7769743813501262,1.0,-5.594405594405593,-5.594405594405593,-0.18688091520107025,-0.1547987616099089,10.0,-1.0092238835385234,-0.9712837837837829,1.0,-8.391608391608397,-8.391608391608397,False,64.0,-0.31409244144877935,0.0,0.46875,1.0,51.0,-0.01635874682351277,-0.4237288135593209,0.39215686274509803,0.0,16.0,0.8751992673112516,-0.15923566878980885,0.4375,1.0,10.0,-0.5965079726993383,-0.5998474633828577,0.3,0.0,1.0,-4.895104895104896,-4.895104895104896,0.0,0.0,64.0,1.3786913869376058,1.9455776590822984,0.71875,1.0,51.0,2.464253050065059,2.0576131687242816,0.8627450980392157,1.0,16.0,3.6541727533463044,2.1829521829521803,0.9375,1.0,10.0,0.4180823605167405,0.7769743813501262,0.6,0.0,1.0,-5.594405594405593,-5.594405594405593,0.0,0.0,64.0,-1.3760738353566653,-1.4233675121424705,0.359375,0.0,51.0,1.0329314897581547,0.8333333333333304,0.6078431372549019,1.0,16.0,1.7084985471001464,0.0,0.4375,1.0,10.0,-1.0092238835385234,-0.9712837837837829,0.2,0.0,1.0,-8.391608391608397,-8.391608391608397,0.0,0.0
2026-08-04,142,50.0,26.056338028169012,13.380281690140844,9.859154929577464,0.7042253521126761,23.943661971830984,14.08450704225352,🌱 ĐANG HỒI,50.0,0.3455663558817695,1.7737230936079345,,🔴 Forecast rủi ro,,4.9295774647887285,-9.859154929577468,2.1126760563380262,2.816901408450703,0.0,4.9295774647887285,2.1126760563380262,32.3943661971831,1.4084507042253485,-8.450704225352112,-24.647887323943664,-0.7042253521126761,-33.80281690140845,-9.154929577464788,37.32394366197183,-12.676056338028172,-4.225352112676056,-19.014084507042256,-1.408450704225352,-24.64788732394367,-5.633802816901408,1,2026-W32,0.333631905243334,-0.06993006993006864,14.0,1.439175848830023,0.3812858671335462,1.0,-5.633802816901412,-5.633802816901412,0.6976472221006754,0.6767880007316651,14.0,1.8842048345655276,1.6194922672891798,1.0,-3.521126760563376,-3.521126760563376,-1.3548280818141354,-2.0764382901561023,14.0,1.3098974233859901,1.3014936732946458,1.0,-7.042253521126762,-7.042253521126762,False,71.0,-0.3516286208675522,-0.2976190476190465,0.4084507042253521,0.0,37.0,0.528147182175595,-0.4081632653061273,0.40540540540540543,0.0,19.0,2.015013569417563,0.8438818565400741,0.6842105263157895,1.0,14.0,1.439175848830023,0.3812858671335462,0.5,1.0,1.0,-5.633802816901412,-5.633802816901412,0.0,0.0,71.0,0.2782632210957353,0.7042253521126751,0.5915492957746479,1.0,37.0,0.6715899525358868,0.4115226337448652,0.5405405405405406,0.0,19.0,1.6632972459640452,0.9146341463414532,0.5789473684210527,1.0,14.0,1.8842048345655276,1.6194922672891798,0.7857142857142857,1.0,1.0,-3.521126760563376,-3.521126760563376,0.0,0.0,71.0,-2.2559675347421178,-3.076923076923077,0.3380281690140845,0.0,37.0,-1.5257271607978105,-2.159244264507421,0.24324324324324326,0.0,19.0,0.6812474680171058,-2.061855670103097,0.3684210526315789,1.0,14.0,1.3098974233859901,1.3014936732946458,0.5,1.0,1.0,-7.042253521126762,-7.042253521126762,0.0,0.0
2026-08-05,142,40.845070422535215,21.12676056338028,25.352112676056336,11.971830985915492,0.7042253521126761,38.028169014084504,26.056338028169012,🌱 ĐANG HỒI,40.845070422535215,0.2901210077365603,1.9203542748650078,,🔴 Forecast rủi ro,,-9.154929577464785,-4.929577464788732,11.971830985915492,2.112676056338028,0.0,14.08450704225352,11.971830985915492,-4.225352112676056,-14.7887323943662,14.084507042253518,4.929577464788731,0.0,19.01408450704225,14.084507042253518,23.239436619718315,-3.5211267605633836,3.52112676056338,-22.535211267605636,-0.7042253521126761,-19.718309859154928,2.816901408450704,1,2026-W32,2.2376414017026613,2.064741658614222,17.0,1.896435747461762,1.650165016501659,1.0,-3.57142857142857,-3.57142857142857,2.154550976335446,1.742074471969557,17.0,2.4265361843623245,1.7543859649122862,1.0,-2.857142857142858,-2.857142857142858,-0.6832302377854963,-1.5383478646372128,17.0,0.3745284119427859,-0.0731528895391409,1.0,-7.857142857142863,-7.857142857142863,False,58.0,1.7733112192496208,1.6620879120879062,0.7931034482758621,0.0,30.0,2.3951767074267862,2.140567765567758,0.8666666666666667,1.0,36.0,3.17693744352986,2.4701700939324667,0.9444444444444444,1.0,17.0,1.896435747461762,1.650165016501659,0.7647058823529411,0.0,1.0,-3.57142857142857,-3.57142857142857,0.0,0.0,58.0,1.5751471298066146,1.1569896745638797,0.7068965517241379,0.0,30.0,2.7364103011562735,2.3611111111111027,0.7666666666666667,1.0,36.0,2.6139284388651323,1.7566695569760649,0.9166666666666666,1.0,17.0,2.4265361843623245,1.7543859649122862,0.8235294117647058,1.0,1.0,-2.857142857142858,-2.857142857142858,0.0,0.0,58.0,-1.3485167262854998,-1.9697752518729017,0.3275862068965517,0.0,30.0,-0.41138365723594245,-1.3988753244256469,0.4,1.0,36.0,-0.13814039082743587,-1.64678006262165,0.3055555555555556,0.0,17.0,0.3745284119427859,-0.0731528895391409,0.47058823529411764,1.0,1.0,-7.857142857142863,-7.857142857142863,0.0,0.0
2026-08-06,142,29.577464788732392,29.577464788732392,10.56338028169014,28.169014084507044,2.112676056338028,40.845070422535215,12.676056338028168,🌱 ĐANG HỒI,29.577464788732392,0.26591946042451897,2.0146060367919945,,🔴 Forecast rủi ro,,-11.267605633802823,8.450704225352112,-14.788732394366196,16.19718309859155,1.408450704225352,2.816901408450711,-13.380281690140844,-20.422535211267608,3.52112676056338,-2.816901408450704,18.30985915492958,1.408450704225352,16.90140845070423,-1.408450704225352,-15.49295774647888,-6.338028169014088,-0.7042253521126778,21.126760563380284,1.408450704225352,21.83098591549296,0.7042253521126742,1,2026-W32,1.8255709449121253,1.6180700836820106,40.0,2.3176951459675825,2.3268398268398216,3.0,2.575296576310771,1.818181818181808,0.9626155348144699,0.3773638642059707,40.0,1.4415779095921133,0.7142857142857117,3.0,2.9785174257790885,3.6363636363636376,-0.8769867713073234,-1.5743814455804916,40.0,-0.1635635573007382,-0.9819021948402007,3.0,-0.8536173089925603,0.0,False,42.0,1.8211666978214525,0.9803032404690493,0.6904761904761905,0.0,42.0,1.1734019162459046,1.475388431910174,0.7619047619047619,0.0,15.0,2.2016997879371476,1.1914217633042012,0.6666666666666666,0.0,40.0,2.3176951459675825,2.3268398268398216,0.925,1.0,3.0,2.575296576310771,1.818181818181808,1.0,1.0,42.0,0.750652189055628,-0.2683002826556257,0.47619047619047616,0.0,42.0,0.4348499717182315,0.0,0.47619047619047616,0.0,15.0,1.3534431020087228,0.3043478260869481,0.5333333333333333,0.0,40.0,1.4415779095921133,0.7142857142857117,0.625,1.0,3.0,2.9785174257790885,3.6363636363636376,0.6666666666666666,1.0,42.0,-0.747827627318574,-1.7847492738285564,0.3333333333333333,0.0,42.0,-1.5447794781667579,-1.6890417855344841,0.2857142857142857,0.0,15.0,-1.2759485917499183,-2.1739130434782594,0.3333333333333333,0.0,40.0,-0.1635635573007382,-0.9819021948402007,0.375,1.0,3.0,-0.8536173089925603,0.0,0.3333333333333333,1.0
2026-08-07,142,50.0,30.985915492957744,9.15492957746479,9.15492957746479,0.7042253521126761,19.014084507042256,9.859154929577466,🌱 ĐANG HỒI,50.0,0.3628248363419957,1.705673391500866,,🟠 Forecast yếu,,20.422535211267608,1.408450704225352,-1.4084507042253502,-19.014084507042256,-1.408450704225352,-21.83098591549296,-2.8169014084507022,9.154929577464785,9.859154929577464,-16.197183098591545,-2.8169014084507022,0.0,-19.01408450704225,-16.197183098591545,0.0,4.929577464788732,-4.225352112676054,-0.7042253521126742,0.0,-4.9295774647887285,-4.225352112676054,1,2026-W32,0.492414679664471,0.1665263649261339,13.0,1.119441462209035,0.6042296072507503,1.0,1.49253731343284,1.49253731343284,-1.4436127013141482,-1.9584576846092048,13.0,-1.7773728827627706,-1.4705882352941124,1.0,-2.238805970149249,-2.238805970149249,0.15250532195605773,0.0,13.0,-1.5585318190843558,-2.42741551642075,1.0,-3.731343283582089,-3.731343283582089,False,71.0,0.10328588008723905,0.0,0.4507042253521127,0.0,44.0,0.7943977219843809,0.10266940451745254,0.5,0.0,13.0,0.8916008412844517,0.4132231404958775,0.6153846153846154,1.0,13.0,1.119441462209035,0.6042296072507503,0.6923076923076923,1.0,1.0,1.49253731343284,1.49253731343284,1.0,1.0,71.0,-2.0675908623123354,-2.3060796645702264,0.19718309859154928,0.0,44.0,-0.4516343555543617,-0.8316331823368717,0.3409090909090909,1.0,13.0,-0.9982682516904628,-1.348314606741574,0.3076923076923077,1.0,13.0,-1.7773728827627706,-1.4705882352941124,0.15384615384615385,1.0,1.0,-2.238805970149249,-2.238805970149249,0.0,0.0,71.0,-0.39511225055563043,-0.1270648030495591,0.43661971830985913,0.0,44.0,1.229943732876032,0.4788431907075896,0.5454545454545454,1.0,13.0,1.5064198609494819,0.3773584905660376,0.5384615384615384,1.0,13.0,-1.5585318190843558,-2.42741551642075,0.3076923076923077,0.0,1.0,-3.731343283582089,-3.731343283582089,0.0,0.0
2026-08-10,142,52.112676056338024,29.577464788732392,8.450704225352112,9.15492957746479,0.7042253521126761,18.30985915492958,9.154929577464788,🌱 ĐANG HỒI,52.112676056338024,0.3746280499900813,1.6771967874079334,,🟠 Forecast yếu,,2.1126760563380245,-1.408450704225352,-0.7042253521126778,0.0,0.0,-0.704225352112676,-0.7042253521126778,22.535211267605632,0.0,-2.112676056338028,-19.014084507042256,-1.408450704225352,-22.535211267605636,-3.52112676056338,11.267605633802809,8.450704225352112,-16.901408450704224,-2.8169014084507022,0.0,-19.718309859154925,-16.901408450704224,1,2026-W33,-1.034422456528459,-1.2715517241379315,13.0,-0.2830740979469226,-0.7032348804500654,1.0,0.0,0.0,-2.0620445890356573,-2.1486591277219413,13.0,-1.6792307977051526,-2.510460251046021,1.0,-2.9629629629629672,-2.9629629629629672,0.43419525554979416,0.0,13.0,0.8599440893706555,0.0,1.0,-3.703703703703709,-3.703703703703709,False,74.0,-1.0006324079862368,-0.9756097560975618,0.25675675675675674,1.0,42.0,-1.321252015281028,-1.7431731626286362,0.19047619047619047,0.0,12.0,-1.1390535600788725,-1.4973302641849542,0.16666666666666666,0.0,13.0,-0.2830740979469226,-0.7032348804500654,0.3076923076923077,1.0,1.0,0.0,0.0,0.0,1.0,74.0,-2.2192230597661693,-2.0685883486303625,0.20270270270270271,1.0,42.0,-1.7309363676048921,-1.5957178205322387,0.2619047619047619,1.0,12.0,-2.591294537319282,-3.0834464043419274,0.16666666666666666,0.0,13.0,-1.6792307977051526,-2.510460251046021,0.23076923076923078,0.0,1.0,-2.9629629629629672,-2.9629629629629672,0.0,0.0,74.0,0.05860183980059825,-0.2364066193853431,0.4189189189189189,0.0,42.0,1.1841785004050818,0.6593665158371009,0.5714285714285714,1.0,12.0,0.009010305641520574,0.0,0.4166666666666667,0.0,13.0,0.8599440893706555,0.0,0.46153846153846156,0.0,1.0,-3.703703703703709,-3.703703703703709,0.0,0.0
2026-08-11,142,58.45070422535211,22.535211267605636,7.042253521126761,11.971830985915492,0.0,19.014084507042252,7.042253521126761,🌱 ĐANG HỒI,58.45070422535211,0.4117238643126364,1.5734483726601458,,🔴 Forecast rủi ro,,6.338028169014088,-7.0422535211267565,-1.4084507042253511,2.8169014084507022,-0.7042253521126761,0.7042253521126725,-2.112676056338027,8.450704225352112,-8.450704225352109,-2.112676056338029,2.8169014084507022,-0.7042253521126761,-3.552713678800501e-15,-2.816901408450705,28.87323943661972,-7.0422535211267565,-3.521126760563379,-16.19718309859155,-2.112676056338028,-21.830985915492963,-5.633802816901407,1,2026-W33,-1.8123857223849589,-2.182688932350435,17.0,-1.3642031964484973,-1.2658227848101222,0.0,,,-2.0664775674741946,-2.4549983927997454,17.0,-2.351761017925851,-2.8028028028028062,0.0,,,-0.005352099562406489,-0.6212432546617297,17.0,1.6177282285593304,-0.887573964497046,0.0,,,False,83.0,-2.000895166544152,-2.1914648212226107,0.13253012048192772,0.0,32.0,-1.2941360991655062,-1.478242320819112,0.25,1.0,10.0,-2.668066424257883,-2.916814368427273,0.0,0.0,17.0,-1.3642031964484973,-1.2658227848101222,0.11764705882352941,1.0,0.0,,,,,83.0,-1.8789873686305605,-2.0689655172413834,0.2891566265060241,1.0,32.0,-1.6609935468153885,-2.637450328968799,0.1875,0.0,10.0,-4.435213218216726,-3.368847539015607,0.0,0.0,17.0,-2.351761017925851,-2.8028028028028062,0.058823529411764705,0.0,0.0,,,,,83.0,-0.32358147575366847,-0.5681818181818232,0.39759036144578314,1.0,32.0,0.4905717858175914,0.06802721088435824,0.5,1.0,10.0,-1.7102412681978787,-2.0030508574982955,0.3,0.0,17.0,1.6177282285593304,-0.887573964497046,0.35294117647058826,0.0,0.0,,,,
2026-08-12,142,56.33802816901409,21.830985915492956,14.084507042253522,7.746478873239436,0.0,21.83098591549296,14.084507042253522,🌱 ĐANG HỒI,56.33802816901409,0.390894663757191,1.6298411834783466,,🔴 Forecast rủi ro,,-2.1126760563380245,-0.7042253521126796,7.042253521126761,-4.225352112676056,0.0,2.8169014084507076,7.042253521126761,4.225352112676063,-7.746478873239436,5.63380281690141,-1.4084507042253538,-0.7042253521126761,3.52112676056338,4.929577464788734,6.338028169014088,-9.154929577464788,4.929577464788732,-1.4084507042253538,-0.7042253521126761,2.816901408450704,4.225352112676056,1,2026-W33,-1.9741530634792883,-2.257900101936799,11.0,-1.9010162059289575,-2.1008403361344574,0.0,,,-2.77563223044622,-2.9614167908327382,11.0,-3.5078141287546147,-3.1152647975077885,0.0,,,0.4835998265312377,0.0,11.0,0.2490903711794049,-2.320675105485237,0.0,,,False,80.0,-1.9263036547368007,-2.1712938711367205,0.25,1.0,31.0,-1.927947413923536,-2.4271844660194164,0.16129032258064516,0.0,20.0,-2.2773947269133368,-2.596671782371879,0.05,0.0,11.0,-1.9010162059289575,-2.1008403361344574,0.18181818181818182,1.0,0.0,,,,,80.0,-2.5564132212802138,-2.4724938875305638,0.225,1.0,31.0,-2.557473954342144,-2.73972602739726,0.0967741935483871,1.0,20.0,-3.587953551001946,-3.259201085210439,0.05,0.0,11.0,-3.5078141287546147,-3.1152647975077885,0.09090909090909091,0.0,0.0,,,,,80.0,0.5429133984951591,0.718756448173874,0.5875,1.0,31.0,0.2924526987805038,-0.7532956685499026,0.45161290322580644,0.0,20.0,0.6716037871326993,-0.34816887845686145,0.3,0.0,11.0,0.2490903711794049,-2.320675105485237,0.2727272727272727,0.0,0.0,,,,
2026-08-13,142,41.54929577464789,14.084507042253522,20.422535211267608,23.943661971830984,0.0,44.36619718309859,20.422535211267608,🌱 ĐANG HỒI,41.54929577464789,0.29150962110692324,1.8865803077349144,7.0,🟡 TRUNG TÍNH,-1.5709579052407885,-14.7887323943662,-7.746478873239434,6.338028169014086,16.197183098591548,0.0,22.535211267605632,6.338028169014086,-16.901408450704224,-8.450704225352114,13.380281690140848,11.971830985915492,0.0,25.35211267605634,13.380281690140848,-10.563380281690137,-15.49295774647887,11.971830985915496,14.788732394366194,-0.7042253521126761,26.056338028169012,11.26760563380282,1,2026-W33,-1.2328706044455373,-1.2043776509399362,34.0,-1.3413010897870696,-1.5131398223605927,0.0,,,-1.8100185467725292,-1.8927633150226888,34.0,-2.0692553997759795,-2.6361498583720833,0.0,,,1.2016175149724273,0.8831468840034273,34.0,3.158789889822683,1.7925861426468348,0.0,,,False,59.0,-1.2025117859123198,-1.1600928074245953,0.3559322033898305,1.0,20.0,-1.049877470658057,-1.0164082205002645,0.35,1.0,29.0,-1.2937118619488943,-1.1111111111111072,0.2413793103448276,1.0,34.0,-1.3413010897870696,-1.5131398223605927,0.14705882352941177,0.0,0.0,,,,,59.0,-1.8722969965292882,-1.8867924528301885,0.3050847457627119,1.0,20.0,-0.9961690873008722,-1.162378131556213,0.35,1.0,29.0,-1.9406567416576008,-1.834862385321101,0.13793103448275862,1.0,34.0,-2.0692553997759795,-2.6361498583720833,0.14705882352941177,0.0,0.0,,,,,59.0,0.024532922204826155,-0.1158748551564281,0.4406779661016949,0.0,20.0,0.24148404139114338,1.7659528040150918,0.7,1.0,29.0,1.9639209529036488,1.3698630136986356,0.7241379310344828,1.0,34.0,3.158789889822683,1.7925861426468348,0.6764705882352942,1.0,0.0,,,,
2026-08-14,142,25.352112676056336,13.380281690140844,14.788732394366196,45.07042253521127,1.4084507042253522,61.26760563380282,16.197183098591548,⚠️ YẾU DẦN,45.07042253521127,0.3073794881967864,1.9027993118588697,5.6,🔴 MÙA ĐÔNG,-1.957359945565884,-16.19718309859155,-0.7042253521126778,-5.633802816901412,21.126760563380287,1.4084507042253522,16.90140845070423,-4.22535211267606,-30.98591549295775,-8.450704225352112,0.7042253521126742,37.32394366197184,1.4084507042253522,39.43661971830986,2.1126760563380262,-33.098591549295776,-9.154929577464792,7.746478873239435,33.098591549295776,1.4084507042253522,42.253521126760575,9.154929577464788,1,2026-W33,-0.865305013076865,-0.7678637087878415,64.0,-0.6050118297771045,-0.662318840579712,2.0,-0.8631591778275549,-0.8631591778275549,1.6523498210931666,1.8309033014915377,64.0,2.0927337999837476,2.3281553612436,2.0,0.3843458121924106,0.3843458121924106,2.2096597468091996,1.9624403815580282,64.0,2.2680735630537683,2.410092807424591,2.0,8.764912922247103,8.764912922247103,False,36.0,-0.45267095926938566,-0.32661290322580355,0.4166666666666667,1.0,19.0,-0.8559226784301018,-1.6877637130801704,0.15789473684210525,0.0,21.0,-2.374645284364535,-1.49253731343284,0.14285714285714285,0.0,64.0,-0.6050118297771045,-0.662318840579712,0.34375,1.0,2.0,-0.8631591778275549,-0.8631591778275549,0.0,0.0,36.0,1.2679494658932553,1.3502024291497938,0.6111111111111112,0.0,19.0,1.9087818369702194,1.067615658362997,0.6842105263157895,0.0,21.0,0.8579516236806486,1.2765957446808418,0.7142857142857143,0.0,64.0,2.0927337999837476,2.3281553612436,0.84375,1.0,2.0,0.3843458121924106,0.3843458121924106,0.5,0.0,36.0,1.7940570175835246,0.9527036566426728,0.6111111111111112,0.0,19.0,1.3691329143022977,1.7123287671232834,0.6842105263157895,0.0,21.0,2.8802653410581134,1.6666666666666607,0.6190476190476191,0.0,64.0,2.2680735630537683,2.410092807424591,0.765625,1.0,2.0,8.764912922247103,8.764912922247103,1.0,1.0
2026-08-17,142,28.87323943661972,14.084507042253522,4.225352112676056,52.112676056338024,0.7042253521126761,57.04225352112676,4.929577464788732,⚠️ YẾU DẦN,52.112676056338024,0.3766117833763142,1.6489899494486406,6.2,🟡 TRUNG TÍNH,-0.0202568569460659,3.5211267605633836,0.7042253521126778,-10.56338028169014,7.042253521126753,-0.7042253521126761,-4.225352112676063,-11.267605633802816,-12.676056338028168,0.0,-16.19718309859155,28.16901408450704,0.7042253521126761,12.676056338028168,-15.492957746478876,-27.464788732394368,-7.746478873239434,-9.859154929577466,44.36619718309859,0.7042253521126761,35.2112676056338,-9.15492957746479,1,2026-W34,-0.7770499511320276,-0.7984827234476577,74.0,-0.6941996885728083,-0.8244414663522659,1.0,-1.526717557251911,-1.526717557251911,2.5757142074021577,2.433333333333343,74.0,2.7084782526235425,2.7357517229994572,1.0,-0.7633587786259555,-0.7633587786259555,1.4500616571711773,0.98060396562486,74.0,2.4832995296485185,1.578053235083532,1.0,0.0,0.0,False,41.0,-1.1315508040969433,-1.2631578947368438,0.36585365853658536,0.0,20.0,0.11057776585996722,-0.11574074074073845,0.45,1.0,6.0,-2.2102618163888086,-1.6425120772946833,0.16666666666666666,0.0,74.0,-0.6941996885728083,-0.8244414663522659,0.2702702702702703,0.0,1.0,-1.526717557251911,-1.526717557251911,0.0,0.0,41.0,1.9579572832814376,1.7699115044247815,0.7073170731707317,0.0,20.0,3.101003618347581,2.168260166980873,0.95,0.0,6.0,3.965177425683286,2.059692671394797,0.6666666666666666,0.0,74.0,2.7084782526235425,2.7357517229994572,0.8648648648648649,1.0,1.0,-0.7633587786259555,-0.7633587786259555,0.0,0.0,41.0,0.1928671797390612,0.0,0.4878048780487805,0.0,20.0,1.2997361551936126,1.230059698571151,0.6,1.0,6.0,-1.959614558142832,-0.9338061465721079,0.5,0.0,74.0,2.4832995296485185,1.578053235083532,0.6351351351351351,1.0,1.0,0.0,0.0,0.0,0.0
2026-08-18,142,25.352112676056336,20.422535211267608,4.225352112676056,49.29577464788733,0.7042253521126761,54.22535211267606,4.929577464788732,⚠️ YẾU DẦN,49.29577464788733,0.35082324935528664,1.7162377173842778,5.7,🔴 MÙA ĐÔNG,0.2546856368877526,-3.5211267605633836,6.338028169014086,0.0,-2.816901408450697,0.0,-2.816901408450697,0.0,0.0,7.042253521126764,-10.56338028169014,4.225352112676056,-0.7042253521126761,-7.04225352112676,-11.267605633802816,-16.19718309859155,6.338028169014086,-16.19718309859155,25.352112676056343,0.7042253521126761,9.859154929577471,-15.492957746478876,1,2026-W34,1.9271475834691216,1.8605053651782666,70.0,2.2975645656902914,1.8846054500839537,1.0,2.35294117647058,2.35294117647058,2.150384737651751,1.7391356949283843,70.0,2.491567041751333,2.315608919382506,1.0,1.4705882352941124,1.4705882352941124,1.4985845814507794,0.6246044496373115,70.0,1.8532853716680393,0.8303902144887632,1.0,0.2941176470588225,0.2941176470588225,False,36.0,0.45185788624029566,0.2787990196078449,0.5277777777777778,0.0,29.0,2.306252173732896,2.28013029315961,0.896551724137931,1.0,6.0,4.554049855819948,2.4923555700302136,1.0,1.0,70.0,2.2975645656902914,1.8846054500839537,0.8714285714285714,1.0,1.0,2.35294117647058,2.35294117647058,1.0,1.0,36.0,0.2285321303910163,0.0,0.4722222222222222,0.0,29.0,2.8231257413532953,1.944444444444437,0.7931034482758621,1.0,6.0,6.562758065889841,2.511839539418703,0.8333333333333334,1.0,70.0,2.491567041751333,2.315608919382506,0.8142857142857143,1.0,1.0,1.4705882352941124,1.4705882352941124,1.0,0.0,36.0,0.08105314056655447,-1.2714460784313708,0.3888888888888889,0.0,29.0,2.0381528357150427,1.388888888888884,0.6206896551724138,1.0,6.0,3.4584286010094814,1.7087335269153514,0.6666666666666666,1.0,70.0,1.8532853716680393,0.8303902144887632,0.6,1.0,1.0,0.2941176470588225,0.2941176470588225,1.0,0.0
2026-08-19,142,17.6056338028169,16.901408450704224,3.5211267605633805,59.154929577464785,2.8169014084507045,65.49295774647888,6.338028169014085,⚠️ YẾU DẦN,59.154929577464785,0.41152549097401303,1.6377766353530727,5.0,🔴 MÙA ĐÔNG,-0.3077331670534922,-7.746478873239436,-3.5211267605633836,-0.7042253521126756,9.859154929577457,2.1126760563380285,11.267605633802816,1.408450704225353,-11.26760563380282,2.8169014084507022,-0.7042253521126756,7.04225352112676,2.1126760563380285,8.45070422535212,1.408450704225353,-7.746478873239436,3.52112676056338,-11.267605633802816,14.084507042253513,1.4084507042253522,4.225352112676056,-9.859154929577464,1,2026-W34,3.4428857242812487,2.924828980099503,84.0,3.8496430976309313,3.391698884877148,4.0,4.337218897050183,4.672383063550257,3.4067788259666534,2.876858063181531,84.0,4.075334398195885,3.6038961038961093,4.0,2.4468708235909684,2.554403661156257,1.1151254838580276,0.629356780735113,84.0,1.7859360567730442,0.8340753519951005,4.0,-0.019923713811587085,0.6739893327252222,False,25.0,1.5708647502374324,1.5756302521008347,0.84,0.0,24.0,2.954658063540504,2.2673859377295162,0.9166666666666666,0.0,5.0,7.597492955566105,5.421686746987953,1.0,1.0,84.0,3.8496430976309313,3.391698884877148,0.9880952380952381,1.0,4.0,4.337218897050183,4.672383063550257,1.0,1.0,25.0,0.6969415173376393,0.5446623093681824,0.6,0.0,24.0,3.0984873806997704,2.464574898785421,0.8333333333333334,0.0,5.0,7.971957094842215,5.572289156626509,1.0,1.0,84.0,4.075334398195885,3.6038961038961093,0.9047619047619048,1.0,4.0,2.4468708235909684,2.554403661156257,1.0,0.0,25.0,-0.4664356010937815,-1.4981273408239737,0.32,0.0,24.0,0.10791450880106312,0.5455481214616476,0.5416666666666666,0.0,5.0,3.4959653220539133,2.908587257617734,1.0,1.0,84.0,1.7859360567730442,0.8340753519951005,0.5952380952380952,1.0,4.0,-0.019923713811587085,0.6739893327252222,0.75,1.0
2026-08-20,142,16.901408450704224,23.239436619718308,4.225352112676056,52.112676056338024,3.5211267605633805,59.859154929577464,7.746478873239436,⚠️ YẾU DẦN,52.112676056338024,0.35717119619123183,1.7756409892832543,5.3,🔴 MÙA ĐÔNG,-0.0760561432621154,-0.704225352112676,6.338028169014084,0.7042253521126756,-7.04225352112676,0.704225352112676,-5.633802816901415,1.4084507042253511,-8.450704225352112,2.8169014084507005,0.0,2.816901408450697,2.8169014084507045,5.633802816901401,2.816901408450704,-11.971830985915496,9.154929577464786,0.0,0.0,2.8169014084507045,2.816901408450704,2.816901408450704,1,2026-W34,2.7625509959968513,2.1107717757841815,74.0,3.5000030731204075,2.851335656213705,5.0,4.927212472634982,4.651162790697683,3.101584338748395,3.0379295519132548,74.0,3.65516518554849,3.1782583352090166,5.0,4.59034352522147,3.100775193798455,1.1976363971076152,0.6688518781006403,74.0,1.1787093930984154,0.5607203902113667,5.0,0.9295019680112837,0.0,False,24.0,1.0006511048932827,0.3346209560598834,0.5833333333333334,0.0,33.0,2.310413559733506,1.736111111111116,0.8181818181818182,0.0,6.0,1.3977796114705585,0.5486577181207986,0.5,0.0,74.0,3.5000030731204075,2.851335656213705,0.9054054054054054,1.0,5.0,4.927212472634982,4.651162790697683,0.8,1.0,24.0,1.715119581461825,1.1106208635360826,0.6666666666666666,0.0,33.0,2.905538610462026,3.068340306834028,0.8181818181818182,1.0,6.0,1.6575651075409688,0.7455257270693516,0.5,0.0,74.0,3.65516518554849,3.1782583352090166,0.8918918918918919,1.0,5.0,4.59034352522147,3.100775193798455,0.8,1.0,24.0,0.9842409031065319,0.9326229430902,0.5416666666666666,1.0,33.0,1.6050556121736623,0.4405286343612369,0.5151515151515151,0.0,6.0,0.2672910972757608,1.8912641954538012,0.6666666666666666,1.0,74.0,1.1787093930984154,0.5607203902113667,0.5540540540540541,0.0,5.0,0.9295019680112837,0.0,0.4,0.0
2026-08-21,142,51.40845070422535,29.577464788732392,11.267605633802818,6.338028169014084,1.4084507042253522,19.014084507042256,12.67605633802817,🌱 ĐANG HỒI,51.40845070422535,0.3686768498313826,1.7070439535333437,9.0,🟡 TRUNG TÍNH,1.9959388988878053,34.50704225352113,6.338028169014084,7.042253521126762,-45.77464788732394,-2.112676056338028,-40.84507042253521,4.929577464788734,33.80281690140845,12.676056338028168,7.746478873239438,-52.816901408450704,-1.4084507042253522,-46.47887323943662,6.338028169014085,26.056338028169016,9.154929577464785,7.042253521126762,-42.95774647887325,0.7042253521126761,-35.21126760563381,7.746478873239438,1,2026-W34,0.8073940636048071,0.3365542146836042,9.0,0.28846943384786733,0.0,2.0,2.147997158652215,2.147997158652215,0.5370285539421078,0.06501950585175995,9.0,-0.2707973463345677,-0.4181184668989535,2.0,-0.2316316130825502,-0.2316316130825502,,,,,,,,,False,73.0,1.1152154408914021,0.4901960784313708,0.5753424657534246,1.0,42.0,0.4871056454530538,-0.23809523809523725,0.42857142857142855,0.0,16.0,0.3680358447404233,0.43243698107562345,0.5625,1.0,9.0,0.28846943384786733,0.0,0.3333333333333333,0.0,2.0,2.147997158652215,2.147997158652215,1.0,1.0,73.0,1.1279433553141969,0.2677376171352108,0.5616438356164384,1.0,42.0,-0.21316763127560143,0.0,0.42857142857142855,0.0,16.0,0.3607293486621519,0.0,0.4375,0.0,9.0,-0.2707973463345677,-0.4181184668989535,0.4444444444444444,0.0,2.0,-0.2316316130825502,-0.2316316130825502,0.5,0.0,,,,,,,,,,,,,,,,,,,,,,,,,
2026-08-24,142,58.45070422535211,22.535211267605636,11.971830985915492,7.042253521126761,0.0,19.014084507042252,11.971830985915492,🌱 ĐANG HỒI,58.45070422535211,0.4117238643126364,1.5734483726601458,9.6,🟡 TRUNG TÍNH,0.0693690770556143,7.04225352112676,-7.0422535211267565,0.7042253521126742,0.7042253521126769,-1.4084507042253522,-3.552713678800501e-15,-0.7042253521126778,41.54929577464789,-0.7042253521126725,7.746478873239436,-45.070422535211264,-3.5211267605633805,-40.845070422535215,4.225352112676056,40.845070422535215,5.633802816901412,8.450704225352112,-52.112676056338024,-2.8169014084507045,-46.47887323943662,5.633802816901407,1,2026-W35,-0.3033157711891795,-0.4887984517732147,10.0,-1.1112995750368273,-0.8484460564682494,0.0,,,-1.0982902722285082,-1.1730306157550716,10.0,-2.4753915513357314,-0.8559290477641257,0.0,,,,,,,,,,,False,83.0,-0.18770913045052817,-0.6329113924050667,0.3614457831325301,0.0,32.0,-0.5571618948499415,-0.4837332272668804,0.40625,1.0,17.0,0.08536439435863219,0.0,0.47058823529411764,1.0,10.0,-1.1112995750368273,-0.8484460564682494,0.3,0.0,0.0,,,,,83.0,-0.9803198993238923,-1.2396694214875992,0.2289156626506024,0.0,32.0,-0.9027021401246433,-0.4365142223529628,0.3125,1.0,17.0,-1.2323695891305408,-1.2195121951219523,0.23529411764705882,0.0,10.0,-2.4753915513357314,-0.8559290477641257,0.1,1.0,0.0,,,,,,,,,,,,,,,,,,,,,,,,,,,,,
2026-08-25,142,38.732394366197184,25.352112676056336,21.830985915492956,14.084507042253522,0.0,35.91549295774648,21.830985915492956,🌱 ĐANG HỒI,38.732394366197184,0.281789327514382,1.9095306982686266,7.4,🟡 TRUNG TÍNH,-0.0435221711983624,-19.718309859154928,2.8169014084507005,9.859154929577464,7.042253521126761,0.0,16.901408450704228,9.859154929577464,-12.676056338028168,-4.225352112676056,10.563380281690138,7.746478873239438,-1.4084507042253522,16.901408450704224,9.154929577464786,21.83098591549296,2.112676056338028,17.6056338028169,-38.028169014084504,-3.5211267605633805,-23.943661971830984,14.08450704225352,1,2026-W35,0.32707346654839176,0.337689888356163,20.0,-0.9398603037981201,0.0,0.0,,,-0.6421313785242211,-0.7961079168509522,20.0,-1.9070767058284805,-1.2406419864524065,0.0,,,,,,,,,,,False,55.0,0.5373000397388982,0.3546099290780091,0.5636363636363636,1.0,36.0,0.49321461942955075,0.657482441923285,0.5833333333333334,1.0,31.0,0.578529349700994,0.6535947712418277,0.6129032258064516,1.0,20.0,-0.9398603037981201,0.0,0.45,0.0,0.0,,,,,55.0,-0.5213059188015483,-0.8417508417508435,0.2727272727272727,0.0,36.0,-0.5197158742912625,-0.5146103146380254,0.3055555555555556,1.0,31.0,-0.1825653104935221,-0.3174603174603163,0.3225806451612903,1.0,20.0,-1.9070767058284805,-1.2406419864524065,0.2,0.0,0.0,,,,,,,,,,,,,,,,,,,,,,,,,,,,,
2026-08-26,142,48.59154929577465,23.239436619718308,12.676056338028168,15.492957746478872,0.0,28.16901408450704,12.676056338028168,🌱 ĐANG HỒI,48.59154929577465,0.3301924221384646,1.7897517737828172,,,,9.859154929577464,-2.112676056338028,-9.154929577464788,1.4084507042253502,0.0,-7.74647887323944,-9.154929577464788,-9.859154929577464,0.7042253521126725,0.704225352112676,8.450704225352112,0.0,9.154929577464788,0.704225352112676,-2.816901408450704,-6.338028169014084,1.4084507042253502,9.154929577464788,-1.4084507042253522,9.154929577464785,-1.7763568394002505e-15,1,2026-W35,-1.0599054458130537,-1.124815517604888,22.0,-1.2266685585519523,-0.946618452615372,0.0,,,-2.194347841361088,-2.5243408370634164,22.0,-1.9238128557190277,-1.6248983691233454,0.0,,,,,,,,,,,False,69.0,-1.1489064834767755,-1.5691868758915817,0.2463768115942029,0.0,33.0,-1.070123689984201,-0.8298755186721962,0.15151515151515152,1.0,18.0,-0.49617977155191667,-0.818171531106282,0.3333333333333333,1.0,22.0,-1.2266685585519523,-0.946618452615372,0.2727272727272727,1.0,0.0,,,,,69.0,-2.3929424919626916,-3.167420814479638,0.15942028985507245,0.0,33.0,-2.382580570183529,-2.559055118110232,0.18181818181818182,0.0,18.0,-1.4186288825540925,-1.8190021122572397,0.2222222222222222,1.0,22.0,-1.9238128557190277,-1.6248983691233454,0.22727272727272727,1.0,0.0,,,,,,,,,,,,,,,,,,,,,,,,,,,,,
2026-08-27,142,34.50704225352113,23.943661971830984,19.014084507042252,22.535211267605636,0.0,41.54929577464789,19.014084507042252,🌱 ĐANG HỒI,34.50704225352113,0.2633406070224162,1.963293024275313,8.3,🟡 TRUNG TÍNH,0.5346302049598739,-14.08450704225352,0.704225352112676,6.338028169014084,7.042253521126764,0.0,13.380281690140848,6.338028169014084,-4.225352112676056,-1.408450704225352,-2.816901408450704,8.450704225352114,0.0,5.633802816901408,-2.816901408450704,-23.943661971830984,1.4084507042253485,7.04225352112676,15.492957746478876,0.0,22.535211267605636,7.04225352112676,1,2026-W35,-0.9596673737771189,-1.3922987466080894,32.0,-0.12592505718627442,-0.6448412698412676,0.0,,,-1.813890431959733,-2.0971360619533863,32.0,-1.061420439620287,-1.3463837080805563,0.0,,,,,,,,,,,False,49.0,-1.148856135419278,-1.7094017094017144,0.1836734693877551,0.0,34.0,-1.6763341091817305,-1.8066516505552408,0.14705882352941177,0.0,27.0,-0.701994625876542,-0.8695652173912993,0.25925925925925924,1.0,32.0,-0.12592505718627442,-0.6448412698412676,0.375,1.0,0.0,,,,,49.0,-1.8501140872451864,-2.3508137432188048,0.22448979591836735,0.0,34.0,-2.575388491521235,-2.865507365375403,0.11764705882352941,0.0,27.0,-1.6810440105072888,-1.9565217391304344,0.14814814814814814,1.0,32.0,-1.061420439620287,-1.3463837080805563,0.28125,1.0,0.0,,,,,,,,,,,,,,,,,,,,,,,,,,,,,
2026-08-28,142,26.056338028169012,40.140845070422536,7.042253521126761,26.056338028169012,0.7042253521126761,33.802816901408455,7.746478873239437,🟡 TRUNG TÍNH,40.140845070422536,0.3019242213846459,1.8596516208229483,7.6,🟡 TRUNG TÍNH,-0.2809187953765724,-8.450704225352116,16.19718309859155,-11.971830985915492,3.5211267605633765,0.7042253521126761,-7.7464788732394325,-11.267605633802816,-22.535211267605636,16.901408450704228,-5.633802816901407,10.56338028169014,0.7042253521126761,5.633802816901415,-4.929577464788731,-12.676056338028172,14.7887323943662,-14.788732394366196,11.97183098591549,0.7042253521126761,-2.1126760563380245,-14.08450704225352,1,2026-W35,-1.9404871803156505,-2.1774690626333526,37.0,-1.7222206268509774,-1.838235294117652,1.0,2.4590163934426146,2.4590163934426146,,,,,,,,,,,,,,,,,False,37.0,-2.3073416396919466,-2.9279279279279318,0.10810810810810811,0.0,57.0,-2.064179638352394,-2.3648648648648685,0.14035087719298245,0.0,10.0,-1.1256152750090365,-1.208379344550714,0.3,1.0,37.0,-1.7222206268509774,-1.838235294117652,0.1891891891891892,1.0,1.0,2.4590163934426146,2.4590163934426146,1.0,1.0,,,,,,,,,,,,,,,,,,,,,,,,,,,,,,,,,,,,,,,,,,,,,,,,,,
2026-09-03,142,28.87323943661972,22.535211267605636,5.633802816901409,40.845070422535215,2.112676056338028,48.591549295774655,7.746478873239437,⚠️ YẾU DẦN,40.845070422535215,0.3046022614560604,1.8808920673293013,6.3,🟡 TRUNG TÍNH,0.3238519722036148,2.8169014084507076,-17.6056338028169,-1.408450704225352,14.788732394366203,1.408450704225352,14.7887323943662,0.0,-5.633802816901408,-1.4084507042253485,-13.380281690140844,18.30985915492958,2.112676056338028,7.042253521126767,-11.267605633802816,-19.718309859154928,-0.7042253521126725,-7.042253521126759,25.352112676056343,2.112676056338028,20.422535211267615,-4.929577464788731,2,2026-W36,-1.025607871568294,-0.8759590792838834,58.0,-0.7795051141615815,-0.8385781090678945,3.0,-0.566025558280629,0.4098360655737654,,,,,,,,,,,,,,,,,False,41.0,-0.9832307139382339,-0.4672897196261627,0.43902439024390244,1.0,32.0,-1.5370331751171111,-1.1074730354391382,0.15625,0.0,8.0,-1.1536779489086213,-0.9130593774283491,0.375,0.0,58.0,-0.7795051141615815,-0.8385781090678945,0.25862068965517243,1.0,3.0,-0.566025558280629,0.4098360655737654,0.6666666666666666,1.0,,,,,,,,,,,,,,,,,,,,,,,,,,,,,,,,,,,,,,,,,,,,,,,,,,
2026-09-04,142,21.12676056338028,24.647887323943664,5.633802816901409,47.88732394366197,0.7042253521126761,54.225352112676056,6.338028169014085,⚠️ YẾU DẦN,47.88732394366197,0.33792898234477287,1.7646830584740312,6.3,🟡 TRUNG TÍNH,1.2800192385470366,-7.74647887323944,2.112676056338028,0.0,7.042253521126753,-1.408450704225352,5.633802816901401,-1.408450704225352,-4.929577464788732,-15.492957746478872,-1.408450704225352,21.830985915492956,0.0,20.4225352112676,-1.408450704225352,-13.380281690140848,0.7042253521126796,-13.380281690140844,25.352112676056333,0.7042253521126761,12.676056338028168,-12.676056338028168,2,2026-W36,,,,,,,,,,,,,,,,,,,,,,,,,True,,,,,,,,,,,,,,,,,,,,,,,,,,,,,,,,,,,,,,,,,,,,,,,,,,,,,,,,,,,,,,,,,,,,,,,,,,,
2026-09-07,142,14.084507042253522,16.901408450704224,3.5211267605633805,62.676056338028175,2.8169014084507045,69.01408450704226,6.338028169014085,⚠️ YẾU DẦN,62.676056338028175,0.4432652251537394,1.5692712198884766,4.3,🔴 MÙA ĐÔNG,-1.9210475308508943,-7.042253521126758,-7.74647887323944,-2.1126760563380285,14.788732394366207,2.1126760563380285,14.7887323943662,0.0,-14.788732394366198,-5.633802816901412,-2.1126760563380285,21.83098591549296,0.7042253521126765,20.4225352112676,-1.408450704225352,-11.97183098591549,-23.23943661971831,-3.5211267605633805,36.61971830985917,2.1126760563380285,35.2112676056338,-1.408450704225352,2,2026-W37,,,,,,,,,,,,,,,,,,,,,,,,,True,,,,,,,,,,,,,,,,,,,,,,,,,,,,,,,,,,,,,,,,,,,,,,,,,,,,,,,,,,,,,,,,,,,,,,,,,,,
2026-09-08,142,19.014084507042252,16.901408450704224,4.225352112676056,57.74647887323944,2.112676056338028,64.08450704225352,6.338028169014084,⚠️ YẾU DẦN,57.74647887323944,0.4004165840111089,1.656754235977255,4.9,🔴 MÙA ĐÔNG,0.5321982699437067,4.92957746478873,0.0,0.7042253521126756,-4.929577464788736,-0.7042253521126765,-4.929577464788736,-8.881784197001252e-16,-2.112676056338028,-7.74647887323944,-1.408450704225353,9.859154929577471,1.408450704225352,9.859154929577464,-8.881784197001252e-16,-9.859154929577468,-5.633802816901412,-1.408450704225353,16.901408450704224,0.0,15.492957746478865,-1.408450704225353,2,2026-W37,,,,,,,,,,,,,,,,,,,,,,,,,True,,,,,,,,,,,,,,,,,,,,,,,,,,,,,,,,,,,,,,,,,,,,,,,,,,,,,,,,,,,,,,,,,,,,,,,,,,,
