observation_id,trade_date,recorded_at,module_version,symbol,price,health_group,health_score,health_rank,action,reason,rsi14,rsi_slope,rs5,rs10,rs_spread,ema9,ma20,ema9_ma20_slope,ema9_ma20_slope_change,price_vs_ema9_pct,price_vs_ma20_pct,obv_status,volume,vol_ma20,volume_ratio20,dist_from_ema9_pct,near_bottom_20_pct,near_bottom_60_pct,dist_high20,green2,early,pull,group,sector,market_score,market_regime
8e12a78cc4efd120,2026-07-23,2026-07-24T03:03:58Z,2.0.0,ACB,22500.0,⚠️ YẾU DẦN,53.8,3.0,🟠 HẠN CHẾ / GIẢM,RS yếu + Thiếu mẫu xác nhận,48.78,-4.74,-5.26,-1.32,-3.94,22790.09,22762.5,0.12,-1.08,-1.272877816629947,-1.1532125205930832,🟢,27165000.0,16560290.0,1.6403698244414802,-1.27,1.35,16.04,-5.66,False,False,False,MUA EARLY,,0.7,🔴 Forecast rủi ro
f6c7b53fb04d8039,2026-07-23,2026-07-24T03:03:58Z,2.0.0,ACV,39100.0,⛔ RẤT YẾU,25.0,4.0,🔴 TRÁNH / BÁN,OBV xấu + Xu hướng giảm + RSI yếu,21.12,0.15,-6.01,-8.22,2.210000000000001,40565.66,42285.0,-4.07,-1.49,-3.6130559690141895,-7.5322218280714175,🔴,590400.0,492160.0,1.1996098829648896,-3.61,0.77,0.77,-12.13,False,False,False,THEO DÕI,,0.7,🔴 Forecast rủi ro
1bc9290180746f8a,2026-07-23,2026-07-24T03:03:58Z,2.0.0,AGR,13650.0,⚠️ YẾU DẦN,46.3,3.0,🟠 HẠN CHẾ / GIẢM,Xu hướng giảm + Thiếu mẫu xác nhận,38.04,1.61,-4.88,-14.42,9.54,14045.64,14715.0,-4.55,-1.9,-2.8168171760062144,-7.237512742099894,🟢,400400.0,873040.0,0.4586273252084669,-2.82,0.74,0.74,-16.26,False,False,False,TÍCH LŨY,,0.7,🔴 Forecast rủi ro
b4ee5c1285c976ae,2026-07-23,2026-07-24T03:03:58Z,2.0.0,ANV,16800.0,⛔ RẤT YẾU,24.3,4.0,🔴 TRÁNH / BÁN,OBV xấu + Xu hướng giảm + Giá lệch xu hướng,22.58,2.49,-8.45,-16.0,7.550000000000001,17913.54,19485.0,-8.06,-0.68,-6.216191774490143,-13.77983063895304,🔴,872100.0,675530.0,1.2909863366541827,-6.22,0.0,0.0,-27.59,False,False,False,THEO DÕI,,0.7,🔴 Forecast rủi ro
9a48d2e5cb374dac,2026-07-23,2026-07-24T03:03:58Z,2.0.0,BAF,29000.0,⚠️ YẾU DẦN,37.1,3.0,🟠 HẠN CHẾ / GIẢM,OBV xấu + RSI yếu + Thiếu mẫu xác nhận,33.59,-12.6,-2.19,-3.65,1.46,29427.12,29692.5,-0.89,-0.62,-1.4514502268655582,-2.332238780836915,🔴,1112900.0,976540.0,1.13963585721015,-1.45,0.0,1.75,-3.65,False,False,False,THEO DÕI,,0.7,🔴 Forecast rủi ro
a471b29a0189d3a5,2026-07-23,2026-07-24T03:03:58Z,2.0.0,BFC,51300.0,⚠️ YẾU DẦN,27.5,3.0,🟠 HẠN CHẾ / GIẢM,OBV xấu + Xu hướng giảm + RSI yếu,36.62,-5.44,-7.57,-13.93,6.359999999999999,53778.27,55280.0,-2.72,-1.83,-4.608311126408482,-7.199710564399419,🔴,172600.0,186230.0,0.9268109327176072,-4.61,0.0,0.0,-14.5,False,False,False,THEO DÕI,,0.7,🔴 Forecast rủi ro
88adfa71659ee01c,2026-07-23,2026-07-24T03:03:58Z,2.0.0,BID,35900.0,⛔ RẤT YẾU,18.7,4.0,🔴 TRÁNH / BÁN,OBV xấu + Xu hướng giảm + RSI yếu,21.93,-3.18,-7.59,-11.97,4.380000000000001,37711.78,39882.0,-5.44,-1.79,-4.80428131475098,-9.98445413971215,🔴,5714100.0,3795605.0,1.505451700058357,-4.8,0.14,0.14,-16.02,False,False,False,TÍCH LŨY,,0.7,🔴 Forecast rủi ro
30f4fec197851bf0,2026-07-23,2026-07-24T03:03:58Z,2.0.0,BMP,150000.0,⚠️ YẾU DẦN,43.7,3.0,🟠 HẠN CHẾ / GIẢM,OBV xấu + Thiếu mẫu xác nhận,52.04,-10.43,-0.92,3.09,-4.01,151206.07,151135.0,0.05,-0.38,-0.7976333225246934,-0.750984219406492,🔴,219700.0,175350.0,1.2529227259766182,-0.8,3.09,13.72,-3.85,False,False,False,THEO DÕI,,0.7,🔴 Forecast rủi ro
d7ee458ac96cc50e,2026-07-23,2026-07-24T03:03:58Z,2.0.0,BSI,28800.0,⛔ RẤT YẾU,19.2,4.0,🔴 TRÁNH / BÁN,Xu hướng giảm + OBV xấu + Giá lệch xu hướng,29.61,-2.45,-10.83,-19.78,8.950000000000001,30822.95,33574.9,-8.2,-3.14,-6.5631290969877965,-14.221635805318854,🔴,542700.0,833050.0,0.6514614969089491,-6.56,0.0,0.0,-22.99,False,False,False,THEO DÕI,,0.7,🔴 Forecast rủi ro
bc2850df4884290b,2026-07-23,2026-07-24T03:03:58Z,2.0.0,BSR,24400.0,⚠️ YẾU DẦN,35.1,3.0,🟠 HẠN CHẾ / GIẢM,OBV xấu + Xu hướng giảm + RS yếu,45.15,1.57,-6.15,-7.4,1.25,24537.17,24890.0,-1.42,-2.66,-0.5590294235235715,-1.9686621132985136,🔴,5798100.0,9599870.0,0.6039769288542449,-0.56,6.09,6.09,-11.11,False,False,False,THEO DÕI,,0.7,🔴 Forecast rủi ro
4b68a2b1d4ccecd9,2026-07-23,2026-07-24T03:03:58Z,2.0.0,BVH,57200.0,⚠️ YẾU DẦN,46.6,3.0,🟠 HẠN CHẾ / GIẢM,Xu hướng giảm + RSI yếu + RS yếu,32.57,-1.59,-5.45,-4.83,-0.6200000000000001,58553.65,60389.95,-3.04,-0.11,-2.311811475458836,-5.282253090125089,🟢,238600.0,388150.0,0.6147108076774442,-2.31,0.18,0.18,-12.54,False,False,False,TÍCH LŨY,,0.7,🔴 Forecast rủi ro
1d96b7aa7a1714e0,2026-07-23,2026-07-24T03:03:58Z,2.0.0,BVS,28100.0,⛔ RẤT YẾU,25.9,4.0,🔴 TRÁNH / BÁN,OBV xấu + Xu hướng giảm + Giá lệch xu hướng,41.01,-0.1,-15.87,-21.94,6.070000000000002,30295.53,31275.0,-3.13,-6.76,-7.247042715542518,-10.151878497202238,🔴,1563800.0,1600965.0,0.9767858760185264,-7.25,8.08,11.95,-25.66,False,False,False,THEO DÕI,,0.7,🔴 Forecast rủi ro
70f5f5be52d0392a,2026-07-23,2026-07-24T03:03:58Z,2.0.0,C4G,5800.0,⛔ RẤT YẾU,15.3,4.0,🔴 TRÁNH / BÁN,OBV xấu + RSI yếu + Xu hướng giảm,19.39,-6.68,-9.38,-10.77,1.3899999999999988,6137.88,6420.0,-4.39,-2.23,-5.5048322873695765,-9.657320872274145,🔴,128900.0,208635.0,0.617825388836964,-5.5,0.0,0.0,-14.71,False,False,False,THEO DÕI,,0.7,🔴 Forecast rủi ro
84aca24afd0e8de9,2026-07-23,2026-07-24T03:03:58Z,2.0.0,CEO,11900.0,⛔ RẤT YẾU,12.3,4.0,🔴 TRÁNH / BÁN,Xu hướng giảm + OBV xấu + Giá lệch xu hướng,22.35,0.0,-13.14,-15.6,2.459999999999999,12713.3,13765.0,-7.64,-2.63,-6.397237538640632,-13.548855793679628,🔴,9355900.0,4894835.0,1.9113820997030544,-6.4,0.0,0.0,-21.19,False,False,False,THEO DÕI,,0.7,🔴 Forecast rủi ro
c0584dd1c7086911,2026-07-23,2026-07-24T03:03:58Z,2.0.0,CII,13950.0,⛔ RẤT YẾU,17.7,4.0,🔴 TRÁNH / BÁN,Xu hướng giảm + OBV xấu + RSI yếu,24.72,-1.21,-12.81,-14.42,1.6099999999999994,14884.73,16132.45,-7.73,-2.7,-6.279791437264903,-13.5283233482825,🔴,9823300.0,8591780.0,1.1433370035080042,-6.28,0.36,0.36,-22.07,False,False,False,THEO DÕI,,0.7,🔴 Forecast rủi ro
0b3509bce88a51b3,2026-07-23,2026-07-24T03:03:58Z,2.0.0,CMG,24000.0,⛔ RẤT YẾU,14.5,4.0,🔴 TRÁNH / BÁN,OBV xấu + Vol chưa xác nhận + Xu hướng giảm,21.08,-2.7,-7.34,-11.28,3.94,25134.05,26332.5,-4.55,-2.18,-4.512006620500875,-8.85787524921675,🔴,435400.0,175750.0,2.4773826458036985,-4.51,0.84,0.84,-13.04,False,False,False,TÍCH LŨY,,0.7,🔴 Forecast rủi ro
4ad47f4ed5eaa122,2026-07-23,2026-07-24T03:03:58Z,2.0.0,CSV,21700.0,⛔ RẤT YẾU,24.3,4.0,🔴 TRÁNH / BÁN,OBV xấu + RS yếu + Xu hướng giảm,35.92,-4.85,-12.5,-3.98,-8.52,22507.57,22920.0,-1.8,-1.86,-3.58799283974236,-5.322862129144856,🔴,379300.0,348010.0,1.0899112094480043,-3.59,0.23,0.23,-13.55,False,False,False,THEO DÕI,,0.7,🔴 Forecast rủi ro
2ea17fcf79622a4a,2026-07-23,2026-07-24T03:03:58Z,2.0.0,CTD,55500.0,⛔ RẤT YẾU,14.7,4.0,🔴 TRÁNH / BÁN,Xu hướng giảm + OBV xấu + Giá lệch xu hướng,13.65,-3.42,-16.16,-20.14,3.98,61204.77,67210.0,-8.94,-3.66,-9.320793134260608,-17.423002529385514,🔴,458000.0,545180.0,0.8400895117208995,-9.32,0.0,0.0,-24.8,False,False,False,THEO DÕI,,0.7,🔴 Forecast rủi ro
0884d2ef7e5d5068,2026-07-23,2026-07-24T03:03:58Z,2.0.0,CTG,28950.0,⛔ RẤT YẾU,17.7,4.0,🔴 TRÁNH / BÁN,OBV xấu + RSI yếu + Xu hướng giảm,17.27,-4.42,-8.99,-13.66,4.67,30723.83,32369.5,-5.08,-2.11,-5.773466394001014,-10.56395681119573,🔴,11433200.0,8379830.0,1.364371353595479,-5.77,0.0,0.0,-15.4,False,False,False,THEO DÕI,,0.7,🔴 Forecast rủi ro
82ff65b28606dc9a,2026-07-23,2026-07-24T03:03:58Z,2.0.0,CTR,68700.0,⚠️ YẾU DẦN,33.5,3.0,🟠 HẠN CHẾ / GIẢM,OBV xấu + Xu hướng giảm + Thiếu mẫu xác nhận,35.08,8.58,-1.86,-8.4,6.54,69636.62,72394.5,-3.81,-1.16,-1.34501071419032,-5.103288233222136,🔴,382700.0,229265.0,1.669247377488932,-1.35,3.46,3.46,-9.46,False,False,False,TÍCH LŨY,,0.7,🔴 Forecast rủi ro
99ff27cc3523fea5,2026-07-23,2026-07-24T03:03:58Z,2.0.0,DBC,15950.0,⛔ RẤT YẾU,20.6,4.0,🔴 TRÁNH / BÁN,OBV xấu + Xu hướng giảm + RSI yếu,24.18,-1.47,-10.14,-10.39,0.25,16707.83,17577.5,-4.95,-1.37,-4.535777536640017,-9.258995875408903,🔴,2295300.0,1937420.0,1.1847198852081635,-4.54,0.0,0.0,-15.38,False,False,False,THEO DÕI,,0.7,🔴 Forecast rủi ro
53928b13b93eb3fe,2026-07-23,2026-07-24T03:03:58Z,2.0.0,DCM,30000.0,⚠️ YẾU DẦN,28.7,3.0,🟠 HẠN CHẾ / GIẢM,OBV xấu + Xu hướng giảm + RS yếu,34.02,4.15,-7.41,-11.11,3.6999999999999993,30994.07,32462.4,-4.52,-2.31,-3.207290943073948,-7.585391098624871,🔴,2087800.0,2280345.0,0.9155632152152416,-3.21,3.81,3.81,-13.89,False,False,False,THEO DÕI,,0.7,🔴 Forecast rủi ro
5ec275b9e346ab16,2026-07-23,2026-07-24T03:03:58Z,2.0.0,DDV,18900.0,⛔ RẤT YẾU,13.9,4.0,🔴 TRÁNH / BÁN,OBV xấu + RSI yếu + Xu hướng giảm,20.55,-8.18,-12.5,-14.86,2.3599999999999994,20363.14,21555.0,-5.53,-2.06,-7.1852376401674745,-12.317327766179542,🔴,498100.0,371710.0,1.3400231363159452,-7.19,0.0,0.0,-22.86,False,False,False,THEO DÕI,,0.7,🔴 Forecast rủi ro
11814c5832fc1af5,2026-07-23,2026-07-24T03:03:58Z,2.0.0,DGC,36050.0,⛔ RẤT YẾU,7.2,4.0,🔴 TRÁNH / BÁN,Xu hướng giảm + OBV xấu + RSI yếu,16.06,-13.97,-19.53,-22.81,3.2799999999999976,42282.12,45375.0,-6.82,-3.01,-14.73937446845145,-20.550964187327825,🔴,3864000.0,713060.0,5.418898830392954,-14.74,0.0,0.0,-28.04,False,False,False,THEO DÕI,,0.7,🔴 Forecast rủi ro
762e86701309d68e,2026-07-23,2026-07-24T03:03:58Z,2.0.0,DGW,34000.0,⛔ RẤT YẾU,18.6,4.0,🔴 TRÁNH / BÁN,OBV xấu + Xu hướng giảm + RSI yếu,24.86,-1.48,-10.53,-12.48,1.950000000000001,36197.13,38257.5,-5.39,-2.34,-6.069901121995025,-11.128536888191851,🔴,591000.0,649615.0,0.9097696327824942,-6.07,0.0,0.0,-16.67,False,False,False,THEO DÕI,,0.7,🔴 Forecast rủi ro
cd986f66d7b8d28a,2026-07-23,2026-07-24T03:03:58Z,2.0.0,DIG,10800.0,⛔ RẤT YẾU,12.0,4.0,🔴 TRÁNH / BÁN,Xu hướng giảm + OBV xấu + RS yếu,30.31,-2.29,-13.25,-11.84,-1.41,11493.73,12045.0,-4.58,-2.91,-6.035725565155959,-10.336239103362388,🔴,13378200.0,6944335.0,1.9264911615007048,-6.04,0.0,0.0,-15.62,False,False,False,THEO DÕI,,0.7,🔴 Forecast rủi ro
b3c3e26339149f56,2026-07-23,2026-07-24T03:03:58Z,2.0.0,DPG,26400.0,⛔ RẤT YẾU,16.2,4.0,🔴 TRÁNH / BÁN,OBV xấu + Giá lệch xu hướng + Xu hướng giảm,14.35,-2.69,-16.72,-19.76,3.0400000000000027,29512.44,33185.0,-11.07,-2.48,-10.546196790234896,-20.44598463161067,🔴,529300.0,510180.0,1.0374769689129326,-10.55,0.0,0.0,-31.61,False,False,False,THEO DÕI,,0.7,🔴 Forecast rủi ro
46d0795bd2180dac,2026-07-23,2026-07-24T03:03:58Z,2.0.0,DPM,22850.0,⚠️ YẾU DẦN,40.7,3.0,🟠 HẠN CHẾ / GIẢM,OBV xấu + Xu hướng giảm + Thiếu mẫu xác nhận,44.45,1.94,-3.79,-3.99,0.2000000000000001,22994.57,23152.5,-0.68,-1.67,-0.6287136484830924,-1.306554367778856,🔴,2812100.0,3478675.0,0.8083825019583606,-0.63,3.63,3.63,-6.92,False,False,False,THEO DÕI,,0.7,🔴 Forecast rủi ro
139390e41c7994bd,2026-07-23,2026-07-24T03:03:58Z,2.0.0,DPR,35800.0,⚠️ YẾU DẦN,27.9,3.0,🟠 HẠN CHẾ / GIẢM,OBV xấu + RSI yếu + Xu hướng giảm,25.53,-4.61,-5.29,-6.77,1.4799999999999995,36883.33,37897.5,-2.68,-1.21,-2.9371805636855486,-5.534665875057721,🔴,220100.0,204840.0,1.074497168521773,-2.94,0.0,0.0,-10.05,False,False,False,THEO DÕI,,0.7,🔴 Forecast rủi ro
f7aca3f58426c838,2026-07-23,2026-07-24T03:03:58Z,2.0.0,DRI,12800.0,⚠️ YẾU DẦN,52.0,3.0,🟠 HẠN CHẾ / GIẢM,Vol chưa xác nhận + Xu hướng giảm + Thiếu mẫu xác nhận,39.61,5.0,-3.76,-5.19,1.4300000000000006,12892.32,13145.0,-1.92,-0.31,-0.7160852352408265,-2.624572080639032,🟢,873500.0,412700.0,2.116549551732493,-0.72,2.4,2.4,-9.22,False,False,False,MUA EARLY,,0.7,🔴 Forecast rủi ro
0ec3f4bea767c365,2026-07-23,2026-07-24T03:03:58Z,2.0.0,DXG,10500.0,⛔ RẤT YẾU,5.5,4.0,🔴 TRÁNH / BÁN,Xu hướng giảm + OBV xấu + RSI yếu,21.62,-6.16,-13.93,-12.5,-1.4299999999999995,11441.09,11990.0,-4.58,-2.97,-8.225527462855375,-12.42702251876564,🔴,23380900.0,9284505.0,2.518271033296875,-8.23,0.0,0.0,-17.65,False,False,False,THEO DÕI,,0.7,🔴 Forecast rủi ro
e729cf9d7b496928,2026-07-23,2026-07-24T03:03:58Z,2.0.0,DXS,5800.0,⛔ RẤT YẾU,9.2,4.0,🔴 TRÁNH / BÁN,Xu hướng giảm + OBV xấu + RSI yếu,21.59,-5.55,-15.2,-16.67,1.4700000000000024,6383.41,6839.0,-6.66,-3.46,-9.139472476309685,-15.192279573036991,🔴,2480600.0,1434185.0,1.729623444674153,-9.14,0.0,0.0,-21.52,False,False,False,THEO DÕI,,0.7,🔴 Forecast rủi ro
eb17a094e484a0fa,2026-07-23,2026-07-24T03:03:58Z,2.0.0,EIB,18100.0,⚠️ YẾU DẦN,28.9,3.0,🟠 HẠN CHẾ / GIẢM,OBV xấu + Xu hướng giảm + Vol chưa xác nhận,36.72,18.08,-4.99,-9.5,4.51,18354.67,19577.5,-6.25,-2.01,-1.3874942998157835,-7.546928872430081,🔴,10307800.0,5861530.0,1.7585510950212655,-1.39,9.7,9.7,-15.02,False,False,False,TÍCH LŨY,,0.7,🔴 Forecast rủi ro
63bbf9246fe81dff,2026-07-23,2026-07-24T03:03:58Z,2.0.0,EVF,12550.0,🟡 TRUNG TÍNH,61.5,1.0,👀 THEO DÕI,OBV tốt + Vị trí giá tốt + RSI cải thiện,43.67,16.01,-0.79,-1.18,0.3899999999999999,12506.71,12785.0,-2.18,0.11,0.3461341951640495,-1.8380915134923792,🟢,3250000.0,2354625.0,1.3802622498274673,0.35,4.58,4.58,-7.04,False,False,False,MUA EARLY,,0.7,🔴 Forecast rủi ro
66d273c99b4a40ac,2026-07-23,2026-07-24T03:03:58Z,2.0.0,FCN,10550.0,⛔ RẤT YẾU,22.9,4.0,🔴 TRÁNH / BÁN,OBV xấu + RSI yếu + Xu hướng giảm,22.87,-7.42,-6.22,-7.86,1.6400000000000006,11002.22,11447.5,-3.89,-1.21,-4.110261383611668,-7.840139768508402,🔴,366300.0,340365.0,1.076197611387775,-4.11,0.0,0.0,-14.57,False,False,False,THEO DÕI,,0.7,🔴 Forecast rủi ro
3f0ed4c8617f0b8e,2026-07-23,2026-07-24T03:03:58Z,2.0.0,FOX,63400.0,⛔ RẤT YẾU,24.6,4.0,🔴 TRÁNH / BÁN,OBV xấu + Xu hướng giảm + RSI yếu,15.91,-2.21,-5.37,-10.96,5.590000000000001,65989.18,70040.0,-5.78,-0.93,-3.9236432396947407,-9.480296973158197,🔴,84100.0,95555.0,0.8801213960546282,-3.92,0.0,0.0,-17.12,False,False,False,THEO DÕI,,0.7,🔴 Forecast rủi ro
2c0c2c3ade3e7340,2026-07-23,2026-07-24T03:03:58Z,2.0.0,FPT,63500.0,⛔ RẤT YẾU,20.6,4.0,🔴 TRÁNH / BÁN,OBV xấu + RSI yếu + Xu hướng giảm,24.54,-8.58,-6.62,-11.93,5.31,66609.57,69634.95,-4.34,-1.92,-4.668353211107668,-8.810159266287975,🔴,6287300.0,7930380.0,0.7928119459597144,-4.67,0.0,0.0,-14.19,False,False,False,THEO DÕI,,0.7,🔴 Forecast rủi ro
be4e7f8a3c51b8f4,2026-07-23,2026-07-24T03:03:58Z,2.0.0,FRT,104500.0,⛔ RẤT YẾU,15.1,4.0,🔴 TRÁNH / BÁN,OBV xấu + Vol chưa xác nhận + RSI yếu,22.81,-4.83,-6.19,-9.52,3.329999999999999,109846.03,114700.0,-4.23,-0.94,-4.866839520736432,-8.892763731473408,🔴,788600.0,257225.0,3.0657984255029644,-4.87,0.0,0.0,-15.11,False,False,False,THEO DÕI,,0.7,🔴 Forecast rủi ro
ad5b88d465c99e94,2026-07-23,2026-07-24T03:03:58Z,2.0.0,FTS,22450.0,⛔ RẤT YẾU,24.5,4.0,🔴 TRÁNH / BÁN,Xu hướng giảm + OBV xấu + Giá lệch xu hướng,33.04,2.88,-10.38,-18.66,8.28,23786.47,25747.5,-7.62,-2.68,-5.618614279462242,-12.8070686474415,🔴,1376600.0,1874345.0,0.7344432321691045,-5.62,2.05,2.05,-21.23,False,False,False,THEO DÕI,,0.7,🔴 Forecast rủi ro
4f03950aebca80e0,2026-07-23,2026-07-24T03:03:58Z,2.0.0,GAS,68200.0,⛔ RẤT YẾU,20.7,4.0,🔴 TRÁNH / BÁN,Xu hướng giảm + OBV xấu + RS yếu,35.35,-1.8,-11.89,-11.43,-0.4600000000000008,71546.62,74815.0,-4.37,-3.59,-4.677537527279407,-8.841809797500499,🔴,1510800.0,1253850.0,1.2049288192367509,-4.68,5.9,5.9,-14.64,False,False,False,TÍCH LŨY,,0.7,🔴 Forecast rủi ro
2caef22386c4471d,2026-07-23,2026-07-24T03:03:58Z,2.0.0,GEE,69900.0,⛔ RẤT YẾU,18.0,4.0,🔴 TRÁNH / BÁN,Xu hướng giảm + OBV xấu + Giá lệch xu hướng,28.85,-0.31,-14.86,-13.7,-1.16,75312.93,82390.0,-8.59,-3.47,-7.187251910130166,-15.159606748391797,🔴,1413600.0,1313525.0,1.0761881197540968,-7.19,4.95,4.95,-26.11,False,False,False,THEO DÕI,,0.7,🔴 Forecast rủi ro
1aaa28396789a05f,2026-07-23,2026-07-24T03:03:58Z,2.0.0,GEG,12000.0,⛔ RẤT YẾU,25.5,4.0,🔴 TRÁNH / BÁN,OBV xấu + Xu hướng giảm + RS yếu,31.39,0.34,-6.98,-10.78,3.799999999999999,12473.83,13180.0,-5.36,-2.06,-3.798592733747375,-8.952959028831565,🔴,308000.0,353025.0,0.8724594575454996,-3.8,2.56,2.56,-18.37,False,False,False,THEO DÕI,,0.7,🔴 Forecast rủi ro
a18f62d62cb7c866,2026-07-23,2026-07-24T03:03:58Z,2.0.0,GEX,22400.0,⛔ RẤT YẾU,20.7,4.0,🔴 TRÁNH / BÁN,Xu hướng giảm + OBV xấu + Giá lệch xu hướng,29.26,6.4,-11.64,-17.95,6.309999999999999,23898.0,27112.5,-11.86,-3.19,-6.268306971294669,-17.3812816966344,🔴,21127600.0,12916510.0,1.635705000809042,-6.27,7.95,7.95,-29.78,False,False,False,TÍCH LŨY,,0.7,🔴 Forecast rủi ro
4fea0336bb5e42c9,2026-07-23,2026-07-24T03:03:58Z,2.0.0,GIL,7030.0,⛔ RẤT YẾU,19.5,4.0,🔴 TRÁNH / BÁN,Xu hướng giảm + OBV xấu + Giá lệch xu hướng,9.35,2.63,-16.51,-38.33,21.82,8057.05,9927.5,-18.84,-4.29,-12.747221377551345,-29.186602870813395,🔴,269900.0,333740.0,0.8087133696889794,-12.75,1.88,1.88,-40.92,False,False,False,THEO DÕI,,0.7,🔴 Forecast rủi ro
ea3fba606ae66b79,2026-07-23,2026-07-24T03:03:58Z,2.0.0,GMD,71900.0,⛔ RẤT YẾU,21.5,4.0,🔴 TRÁNH / BÁN,OBV xấu + Vol chưa xác nhận + RS yếu,37.51,-11.91,-8.99,-5.52,-3.4700000000000006,74930.35,75520.0,-0.78,-2.12,-4.044222401203257,-4.793432203389836,🔴,3404000.0,1498510.0,2.271589779180653,-4.04,0.0,0.0,-9.33,False,False,False,THEO DÕI,,0.7,🔴 Forecast rủi ro
1d69384eb78ee93f,2026-07-23,2026-07-24T03:03:58Z,2.0.0,GVR,26800.0,⛔ RẤT YẾU,14.3,4.0,🔴 TRÁNH / BÁN,OBV xấu + Xu hướng giảm + RSI yếu,23.26,-3.25,-11.4,-14.92,3.52,28593.49,30572.5,-6.47,-1.82,-6.2723717881238095,-12.33952081118652,🔴,2528200.0,1541090.0,1.6405271593482535,-6.27,0.0,0.0,-20.36,False,False,False,THEO DÕI,,0.7,🔴 Forecast rủi ro
437e8dc535a6841f,2026-07-23,2026-07-24T03:03:58Z,2.0.0,HAG,13850.0,⛔ RẤT YẾU,19.2,4.0,🔴 TRÁNH / BÁN,OBV xấu + RSI yếu + Vol chưa xác nhận,19.73,-10.93,-5.14,-4.48,-0.6599999999999993,14309.69,14675.0,-2.49,-1.16,-3.212438564357445,-5.621805792163547,🔴,9088050.0,2663392.0,3.41220894258149,-3.21,0.0,0.0,-9.48,False,False,False,THEO DÕI,,0.7,🔴 Forecast rủi ro
ed678161d10bfbe3,2026-07-23,2026-07-24T03:03:58Z,2.0.0,HAH,45000.0,⚠️ YẾU DẦN,30.1,3.0,🟠 HẠN CHẾ / GIẢM,OBV xấu + Xu hướng giảm + RSI yếu,26.02,1.3,-4.26,-6.5,2.24,46219.08,48213.0,-4.14,-0.81,-2.637611999200329,-6.664177711405639,🔴,634800.0,615835.0,1.0307955864801448,-2.64,0.33,0.33,-12.11,False,False,False,THEO DÕI,,0.7,🔴 Forecast rủi ro
008b3d425ee4b6a2,2026-07-23,2026-07-24T03:03:58Z,2.0.0,HCM,25450.0,🌱 ĐANG HỒI,69.8,0.0,🟢 MUA / GIỮ,OBV tốt + Vị trí giá tốt + Xu hướng lên,60.2,-3.98,2.21,5.04,-2.83,25025.33,24393.5,2.59,0.47,1.6969606394800607,4.331071801914455,🟢,9829400.0,6027630.0,1.6307238500040646,1.7,9.75,12.02,-3.23,False,False,False,PULL VỪA,,0.7,🔴 Forecast rủi ro
ad1f14cbfbbd8ae3,2026-07-23,2026-07-24T03:03:58Z,2.0.0,HDB,25600.0,⚠️ YẾU DẦN,33.3,3.0,🟠 HẠN CHẾ / GIẢM,OBV xấu + RSI yếu + Xu hướng giảm,40.27,-14.26,-5.71,-6.23,0.5200000000000005,26474.1,26670.0,-0.73,-1.89,-3.301717527696879,-4.011998500187475,🔴,11625200.0,12422325.0,0.9358312554211872,-3.3,0.79,2.81,-7.91,False,False,False,THEO DÕI,,0.7,🔴 Forecast rủi ro
6b5708da4440a01c,2026-07-23,2026-07-24T03:03:58Z,2.0.0,HDC,12150.0,⛔ RẤT YẾU,16.4,4.0,🔴 TRÁNH / BÁN,Xu hướng giảm + OBV xấu + Giá lệch xu hướng,18.24,3.54,-11.96,-17.06,5.099999999999998,12949.42,14077.5,-8.01,-2.78,-6.173403905348662,-13.692061800745869,🔴,1984700.0,1107340.0,1.792313110697708,-6.17,1.67,1.67,-20.07,False,False,False,TÍCH LŨY,,0.7,🔴 Forecast rủi ro
e09223201631f9dc,2026-07-23,2026-07-24T03:03:58Z,2.0.0,HDG,16300.0,⛔ RẤT YẾU,18.6,4.0,🔴 TRÁNH / BÁN,OBV xấu + Xu hướng giảm + RSI yếu,17.05,-1.96,-10.93,-13.53,2.6,17423.47,18845.0,-7.54,-1.77,-6.448026713392919,-13.504908463783494,🔴,2011700.0,2061525.0,0.975830998896448,-6.45,0.0,0.0,-22.57,False,False,False,THEO DÕI,,0.7,🔴 Forecast rủi ro
aa390a109feb0ff2,2026-07-23,2026-07-24T03:03:58Z,2.0.0,HHS,9800.0,⛔ RẤT YẾU,24.7,4.0,🔴 TRÁNH / BÁN,OBV xấu + Xu hướng giảm + RS yếu,32.51,0.93,-10.09,-10.09,0.0,10242.25,10747.5,-4.7,-1.56,-4.317898899167661,-8.816003721795763,🔴,1178700.0,1056310.0,1.1158656076341225,-4.32,0.2,0.2,-14.04,False,False,False,THEO DÕI,,0.7,🔴 Forecast rủi ro
424dffc5b456be20,2026-07-23,2026-07-24T03:03:58Z,2.0.0,HHV,10050.0,⚠️ YẾU DẦN,35.5,3.0,🟠 HẠN CHẾ / GIẢM,OBV xấu + Xu hướng giảm + Thiếu mẫu xác nhận,33.9,3.79,-2.9,-6.07,3.1700000000000004,10207.85,10528.0,-3.04,-1.1,-1.5463589296472846,-4.540273556231,🔴,2578400.0,3125160.0,0.825045757657208,-1.55,1.52,1.52,-10.19,False,False,False,THEO DÕI,,0.7,🔴 Forecast rủi ro
29c6f47c394ebef5,2026-07-23,2026-07-24T03:03:58Z,2.0.0,HPG,20650.0,⛔ RẤT YẾU,23.1,4.0,🔴 TRÁNH / BÁN,OBV xấu + Xu hướng giảm + RSI yếu,20.66,3.51,-6.98,-10.99,4.01,21443.62,22510.0,-4.74,-1.4,-3.700960938498256,-8.262994224788978,🔴,36967600.0,22633715.0,1.633297936286641,-3.7,0.24,0.24,-12.87,False,False,False,THEO DÕI,,0.7,🔴 Forecast rủi ro
0a3328d0bcfeb460,2026-07-23,2026-07-24T03:03:58Z,2.0.0,HSG,10400.0,⛔ RẤT YẾU,20.0,4.0,🔴 TRÁNH / BÁN,OBV xấu + Xu hướng giảm + RSI yếu,25.93,-3.05,-10.34,-9.57,-0.7699999999999996,10902.76,11342.5,-3.88,-2.11,-4.611309429905819,-8.309455587392545,🔴,2927700.0,3033380.0,0.9651609755454312,-4.61,0.0,0.0,-11.86,False,False,False,THEO DÕI,,0.7,🔴 Forecast rủi ro
95a89f5409128de6,2026-07-23,2026-07-24T03:03:58Z,2.0.0,HUT,15000.0,⚠️ YẾU DẦN,34.2,3.0,🟠 HẠN CHẾ / GIẢM,OBV xấu + RSI yếu + Vol chưa xác nhận,34.02,-5.19,-1.32,-1.32,0.0,15104.09,15205.0,-0.66,-0.4,-0.6891510842427451,-1.3482407102926697,🔴,2524000.0,1445900.0,1.7456255619337435,-0.69,0.67,0.67,-2.6,False,False,False,TÍCH LŨY,,0.7,🔴 Forecast rủi ro
f05136e898f33952,2026-07-23,2026-07-24T03:03:58Z,2.0.0,HVN,21650.0,⛔ RẤT YẾU,18.9,4.0,🔴 TRÁNH / BÁN,Xu hướng giảm + OBV xấu + Giá lệch xu hướng,34.53,-3.48,-10.91,-15.26,4.35,23050.8,24142.5,-4.52,-4.14,-6.077012511496349,-10.324117220668947,🔴,959500.0,1469780.0,0.6528187892065479,-6.08,0.0,3.34,-18.3,False,False,False,THEO DÕI,,0.7,🔴 Forecast rủi ro
76cf2732bc080f8c,2026-07-23,2026-07-24T03:03:58Z,2.0.0,IDC,32500.0,⚠️ YẾU DẦN,38.1,3.0,🟠 HẠN CHẾ / GIẢM,OBV xấu + Xu hướng giảm + Thiếu mẫu xác nhận,33.5,5.28,-2.49,-5.22,2.7299999999999995,33045.9,34253.0,-3.52,0.26,-1.6519447193146577,-5.117799900738618,🔴,1128600.0,1124520.0,1.003628214704941,-1.65,0.93,0.93,-11.11,False,False,False,THEO DÕI,,0.7,🔴 Forecast rủi ro
8a9c51a20552692f,2026-07-23,2026-07-24T03:03:58Z,2.0.0,IJC,7100.0,⛔ RẤT YẾU,17.4,4.0,🔴 TRÁNH / BÁN,OBV xấu + Xu hướng giảm + Giá lệch xu hướng,8.48,-1.32,-11.14,-17.92,6.780000000000001,7633.48,8335.5,-8.42,-2.07,-6.988686680255918,-14.822146241977086,🔴,2209900.0,1515290.0,1.4584007021758212,-6.99,0.0,0.0,-23.98,False,False,False,THEO DÕI,,0.7,🔴 Forecast rủi ro
56a227f0d49b920e,2026-07-23,2026-07-24T03:03:58Z,2.0.0,KBC,27250.0,⚠️ YẾU DẦN,34.3,3.0,🟠 HẠN CHẾ / GIẢM,OBV xấu + Xu hướng giảm + Thiếu mẫu xác nhận,32.93,6.08,-4.05,-4.89,0.8399999999999999,27642.09,28575.0,-3.26,-0.89,-1.4184528015066866,-4.636920384951882,🔴,1900800.0,1465180.0,1.297315005664833,-1.42,1.68,1.68,-10.66,False,False,False,TÍCH LŨY,,0.7,🔴 Forecast rủi ro
e3a0c9f97731b4bb,2026-07-23,2026-07-24T03:03:58Z,2.0.0,KDH,17850.0,⛔ RẤT YẾU,26.5,4.0,🔴 TRÁNH / BÁN,OBV xấu + Xu hướng giảm + RSI yếu,18.91,3.0,-6.05,-13.56,7.510000000000001,18663.82,20062.5,-6.97,-0.79,-4.3604149632819,-11.028037383177567,🔴,5646100.0,4270090.0,1.322243793456344,-4.36,0.28,0.28,-19.23,False,False,False,THEO DÕI,,0.7,🔴 Forecast rủi ro
66f5ab42ebc342ba,2026-07-23,2026-07-24T03:03:58Z,2.0.0,KSB,13400.0,⚠️ YẾU DẦN,29.7,3.0,🟠 HẠN CHẾ / GIẢM,OBV xấu + Xu hướng giảm + Vol chưa xác nhận,24.91,7.83,-2.19,-7.27,5.08,13604.01,14172.5,-4.01,-0.62,-1.499631358694975,-5.450696771917441,🔴,1003400.0,577660.0,1.7370079285392792,-1.5,1.52,1.52,-10.37,False,False,False,THEO DÕI,,0.7,🔴 Forecast rủi ro
92c36d987144b6e3,2026-07-23,2026-07-24T03:03:58Z,2.0.0,LAS,11600.0,⛔ RẤT YẾU,14.9,4.0,🔴 TRÁNH / BÁN,Xu hướng giảm + OBV xấu + RSI yếu,16.68,-5.03,-14.07,-17.73,3.66,12585.25,13440.0,-6.36,-3.57,-7.828608887388011,-13.690476190476186,🔴,228200.0,192405.0,1.1860398638289025,-7.83,0.0,0.0,-18.88,False,False,False,THEO DÕI,,0.7,🔴 Forecast rủi ro
c42c5ae7f202b015,2026-07-23,2026-07-24T03:03:58Z,2.0.0,LPB,53200.0,🌱 ĐANG HỒI,71.3,0.0,🟢 MUA / GIỮ,OBV tốt + Vol xác nhận + Vị trí giá tốt,54.58,-3.13,2.31,1.53,0.78,53213.36,52830.0,0.73,1.53,-0.0251064770200537,0.7003596441415905,🟢,2895000.0,2781915.0,1.0406500558068812,-0.03,4.31,19.79,-9.06,False,False,False,MUA EARLY,,0.7,🔴 Forecast rủi ro
09f1845e88c301db,2026-07-23,2026-07-24T03:03:58Z,2.0.0,MBB,21750.0,⛔ RẤT YẾU,15.4,4.0,🔴 TRÁNH / BÁN,OBV xấu + RSI yếu + Xu hướng giảm,23.74,-7.54,-9.94,-11.59,1.6500000000000004,23097.61,23999.5,-3.76,-2.62,-5.83441317088651,-9.37311193983208,🔴,20982400.0,14430000.0,1.4540817740817742,-5.83,0.0,0.0,-13.48,False,False,False,THEO DÕI,,0.7,🔴 Forecast rủi ro
6533d19d187a8a4a,2026-07-23,2026-07-24T03:03:58Z,2.0.0,MBS,19400.0,🟡 TRUNG TÍNH,54.6,1.0,👀 THEO DÕI,OBV tốt + Vol xác nhận + RSI cải thiện,43.75,8.99,-4.43,-12.22,7.790000000000001,19629.26,20445.0,-3.99,-2.42,-1.1679502946111977,-5.1112741501589625,🟢,10273600.0,10216305.0,1.0056081920028817,-1.17,4.86,4.86,-14.54,False,False,False,MUA EARLY,,0.7,🔴 Forecast rủi ro
4ef21ce96ecc2493,2026-07-23,2026-07-24T03:03:58Z,2.0.0,MCH,133900.0,⚠️ YẾU DẦN,36.6,3.0,🟠 HẠN CHẾ / GIẢM,OBV xấu + Thiếu mẫu xác nhận + Vol chưa xác nhận,47.67,-2.88,-2.83,0.07,-2.9,136073.24,136310.0,-0.17,-1.47,-1.5971104972586805,-1.768028757978135,🔴,106600.0,276155.0,0.3860151002154587,-1.6,4.77,6.27,-5.7,False,False,False,THEO DÕI,,0.7,🔴 Forecast rủi ro
67e8245c9d7bc1bd,2026-07-23,2026-07-24T03:03:58Z,2.0.0,MML,27200.0,⚠️ YẾU DẦN,35.0,3.0,🟠 HẠN CHẾ / GIẢM,OBV xấu + Xu hướng giảm + Thiếu mẫu xác nhận,32.3,4.27,-4.23,-5.23,1.0,27745.01,28635.0,-3.11,-0.53,-1.9643532296438115,-5.011349746813343,🔴,15900.0,17185.0,0.9252254873436137,-1.96,0.74,0.74,-9.63,False,False,False,THEO DÕI,,0.7,🔴 Forecast rủi ro
2dfa1b9268980395,2026-07-23,2026-07-24T03:03:58Z,2.0.0,MSB,16000.0,⚠️ YẾU DẦN,44.3,3.0,🟠 HẠN CHẾ / GIẢM,OBV xấu + Thiếu mẫu xác nhận,55.14,-4.59,-2.14,0.0,-2.14,16076.38,16057.4,0.12,-0.87,-0.4751069581584888,-0.3574675850386732,🔴,6826200.0,7888375.0,0.8653493273329425,-0.48,1.27,28.0,-2.74,False,False,False,MUA EARLY,,0.7,🔴 Forecast rủi ro
9cd688cf3d1890c6,2026-07-23,2026-07-24T03:03:58Z,2.0.0,MSH,31100.0,⚠️ YẾU DẦN,34.7,3.0,🟠 HẠN CHẾ / GIẢM,OBV xấu + Xu hướng giảm + Vol chưa xác nhận,31.14,10.67,-0.96,-2.81,1.85,31324.12,32270.0,-2.93,0.05,-0.7154869793628671,-3.625658506352647,🔴,208300.0,116815.0,1.7831614090656165,-0.72,1.97,1.97,-9.33,False,False,False,TÍCH LŨY,,0.7,🔴 Forecast rủi ro
ca5b21637cfa7c76,2026-07-23,2026-07-24T03:03:58Z,2.0.0,MSN,63300.0,⛔ RẤT YẾU,22.9,4.0,🔴 TRÁNH / BÁN,OBV xấu + Xu hướng giảm + RSI yếu,17.67,-2.57,-6.91,-8.13,1.2200000000000006,65963.78,68765.0,-4.07,-1.25,-4.038246443730175,-7.947356940303929,🔴,5065800.0,4355255.0,1.1631465895797146,-4.04,0.0,0.0,-13.41,False,False,False,THEO DÕI,,0.7,🔴 Forecast rủi ro
025ee78336e218ef,2026-07-23,2026-07-24T03:03:58Z,2.0.0,MSR,33400.0,⛔ RẤT YẾU,25.4,4.0,🔴 TRÁNH / BÁN,OBV xấu + Xu hướng giảm + RSI yếu,28.88,-2.51,-5.92,-9.49,3.5700000000000003,34788.83,36735.0,-5.3,-1.28,-3.992172200099864,-9.078535456648972,🔴,789500.0,836455.0,0.9438642843906724,-3.99,1.52,1.52,-16.92,False,False,False,THEO DÕI,,0.7,🔴 Forecast rủi ro
23ec463c180653c9,2026-07-23,2026-07-24T03:03:58Z,2.0.0,MWG,69300.0,⛔ RẤT YẾU,12.2,4.0,🔴 TRÁNH / BÁN,OBV xấu + Xu hướng giảm + RSI yếu,26.94,-12.39,-9.65,-11.72,2.0700000000000003,74129.15,76850.0,-3.54,-2.34,-6.514508799844587,-9.824333116460638,🔴,9066200.0,4482715.0,2.022479680283043,-6.51,0.0,0.0,-14.86,False,False,False,THEO DÕI,,0.7,🔴 Forecast rủi ro
e57468143459ed7c,2026-07-23,2026-07-24T03:03:58Z,2.0.0,NAB,12450.0,⚠️ YẾU DẦN,52.8,3.0,🟠 HẠN CHẾ / GIẢM,Xu hướng giảm + Thiếu mẫu xác nhận + RS yếu,40.99,-3.16,-4.6,-6.04,1.4400000000000004,12686.48,12987.5,-2.32,-1.5,-1.8640316305232,-4.138594802694895,🟢,2814100.0,2656715.0,1.0592404529654105,-1.86,0.81,6.41,-7.78,False,False,False,MUA EARLY,,0.7,🔴 Forecast rủi ro
c44aa58d2511526e,2026-07-23,2026-07-24T03:03:58Z,2.0.0,NHA,8100.0,⛔ RẤT YẾU,15.8,4.0,🔴 TRÁNH / BÁN,OBV xấu + RSI yếu + Xu hướng giảm,15.89,-4.2,-10.4,-11.76,1.3599999999999994,8634.9,9117.0,-5.29,-1.2,-6.194628773929056,-11.154985192497534,🔴,139300.0,99375.0,1.4017610062893082,-6.19,0.0,0.0,-20.43,False,False,False,THEO DÕI,,0.7,🔴 Forecast rủi ro
8a9d18d73b36e434,2026-07-23,2026-07-24T03:03:58Z,2.0.0,NKG,10550.0,⚠️ YẾU DẦN,38.9,3.0,🟠 HẠN CHẾ / GIẢM,Xu hướng giảm + RS yếu + Thiếu mẫu xác nhận,23.63,5.27,-8.66,-11.72,3.0600000000000005,10986.57,11590.0,-5.21,-2.12,-3.973669671244073,-8.973252804141495,🟢,2589300.0,1509425.0,1.715421435314772,-3.97,1.44,1.44,-14.23,False,False,False,MUA EARLY,,0.7,🔴 Forecast rủi ro
539c9c788f585d78,2026-07-23,2026-07-24T03:03:58Z,2.0.0,NLG,21800.0,⛔ RẤT YẾU,10.7,4.0,🔴 TRÁNH / BÁN,Xu hướng giảm + OBV xấu + RSI yếu,22.76,-9.25,-12.1,-14.17,2.0700000000000003,23716.31,25087.5,-5.47,-3.0,-8.080135569150515,-13.104135525660189,🔴,2892600.0,1783590.0,1.621785275764049,-8.08,0.0,0.0,-18.66,False,False,False,THEO DÕI,,0.7,🔴 Forecast rủi ro
5028a22a67b6031f,2026-07-23,2026-07-24T03:03:58Z,2.0.0,NT2,21200.0,🔴 YẾU,43.7,2.0,⏳ CHỜ,OBV xấu + Xu hướng giảm + Thiếu mẫu xác nhận,39.58,9.7,-0.47,-4.07,3.6000000000000005,21438.67,21975.0,-2.44,0.41,-1.1132686869101405,-3.526734926052333,🔴,571100.0,500675.0,1.1406601088530484,-1.11,1.92,1.92,-8.42,False,False,False,THEO DÕI,,0.7,🔴 Forecast rủi ro
29cb1f489782a541,2026-07-23,2026-07-24T03:03:58Z,2.0.0,NTL,14150.0,⚠️ YẾU DẦN,28.3,3.0,🟠 HẠN CHẾ / GIẢM,OBV xấu + RSI yếu + Xu hướng giảm,19.46,-12.28,-4.71,-5.67,0.96,14681.5,14980.0,-1.99,-0.71,-3.6202022954057833,-5.540720961281709,🔴,227400.0,201425.0,1.128956187166439,-3.62,0.0,0.0,-8.71,False,False,False,THEO DÕI,,0.7,🔴 Forecast rủi ro
e4a1c1773134122d,2026-07-23,2026-07-24T03:03:58Z,2.0.0,NTP,48400.0,🟡 TRUNG TÍNH,64.5,1.0,👀 THEO DÕI,OBV tốt + Vol xác nhận + Vị trí giá tốt,43.6,6.11,0.41,-1.83,2.24,48449.24,49295.0,-1.72,0.05,-0.1016321411852816,-1.8155999594279384,🟢,72700.0,80875.0,0.8989180834621329,-0.1,1.68,1.81,-6.02,False,False,False,TÍCH LŨY,,0.7,🔴 Forecast rủi ro
6461cf9d1b5721e6,2026-07-23,2026-07-24T03:03:58Z,2.0.0,NVL,12750.0,🌱 ĐANG HỒI,71.0,0.0,🟢 MUA / GIỮ,OBV tốt + Vị trí giá tốt + RSI cải thiện,50.92,5.11,0.79,2.41,-1.62,12536.57,12452.5,0.68,0.94,1.7024592851154765,2.3890784982935065,🟢,16626400.0,11529000.0,1.4421372191863997,1.7,7.59,7.59,-1.92,False,False,False,MUA EARLY,,0.7,🔴 Forecast rủi ro
c0a6908d4439242a,2026-07-23,2026-07-24T03:03:58Z,2.0.0,OCB,10250.0,⚠️ YẾU DẦN,28.3,3.0,🟠 HẠN CHẾ / GIẢM,OBV xấu + Xu hướng giảm + Thiếu mẫu xác nhận,37.51,-0.36,-5.09,-9.29,4.199999999999999,10547.69,10950.0,-3.67,-2.02,-2.8223241297383628,-6.392694063926941,🔴,2517300.0,3955660.0,0.6363792641430255,-2.82,0.99,7.11,-11.64,False,False,False,THEO DÕI,,0.7,🔴 Forecast rủi ro
261aaf05e39c869d,2026-07-23,2026-07-24T03:03:58Z,2.0.0,OIL,13300.0,⚠️ YẾU DẦN,52.3,3.0,🟠 HẠN CHẾ / GIẢM,RS yếu + Thiếu mẫu xác nhận,44.3,-4.39,-8.28,-3.62,-4.659999999999999,13588.23,13535.0,0.39,-2.75,-2.1211739866045853,-1.7362393793867723,🟢,1786000.0,1801750.0,0.9912584986818372,-2.12,4.72,4.72,-11.33,False,False,False,MUA EARLY,,0.7,🔴 Forecast rủi ro
eebef93e199ff584,2026-07-23,2026-07-24T03:03:58Z,2.0.0,ORS,13150.0,⚠️ YẾU DẦN,33.3,3.0,🟠 HẠN CHẾ / GIẢM,OBV xấu + Xu hướng giảm + RS yếu,43.7,-2.54,-6.74,-8.04,1.299999999999999,13533.83,13787.5,-1.84,-1.71,-2.836078183337609,-4.623753399818675,🔴,6678500.0,6958980.0,0.9596952426936132,-2.84,0.0,3.95,-12.33,False,False,False,THEO DÕI,,0.7,🔴 Forecast rủi ro
ac04e7aa1365ed1b,2026-07-23,2026-07-24T03:03:58Z,2.0.0,PC1,21000.0,🟡 TRUNG TÍNH,55.2,1.0,👀 THEO DÕI,OBV tốt + RSI cải thiện + Vị trí giá tốt,48.16,3.87,-5.62,-4.11,-1.5099999999999998,21120.69,21602.5,-2.23,-0.89,-0.5714301947521538,-2.78902904756394,🟢,1880300.0,3282570.0,0.572813374886141,-0.57,2.19,18.98,-9.87,False,False,False,TÍCH LŨY,,0.7,🔴 Forecast rủi ro
c180179f5a2ac331,2026-07-23,2026-07-24T03:03:58Z,2.0.0,PDR,11800.0,⛔ RẤT YẾU,10.5,4.0,🔴 TRÁNH / BÁN,Xu hướng giảm + OBV xấu + Giá lệch xu hướng,11.32,-4.53,-13.24,-16.9,3.6599999999999984,12873.47,13850.0,-7.05,-2.89,-8.338621987700279,-14.8014440433213,🔴,12030600.0,6964305.0,1.7274659854788097,-8.34,0.0,0.0,-21.07,False,False,False,THEO DÕI,,0.7,🔴 Forecast rủi ro
18e08b2555346984,2026-07-23,2026-07-24T03:03:58Z,2.0.0,PET,36600.0,⚠️ YẾU DẦN,42.2,3.0,🟠 HẠN CHẾ / GIẢM,OBV xấu + Xu hướng giảm + Thiếu mẫu xác nhận,51.2,6.51,-2.4,-2.92,0.52,36308.93,37020.5,-1.92,-1.87,0.8016485200748047,-1.1358571602220424,🔴,300600.0,495145.0,0.6070948913954498,0.8,5.17,15.38,-6.89,False,False,False,THEO DÕI,,0.7,🔴 Forecast rủi ro
9fdeb6ff3bad2595,2026-07-23,2026-07-24T03:03:58Z,2.0.0,PHR,56500.0,⛔ RẤT YẾU,16.0,4.0,🔴 TRÁNH / BÁN,OBV xấu + Xu hướng giảm + RSI yếu,27.25,-4.94,-8.28,-11.44,3.16,59518.23,61794.95,-3.68,-1.89,-5.071101744793161,-8.56858044225296,🔴,569100.0,306690.0,1.85561968111122,-5.07,0.0,0.0,-14.91,False,False,False,THEO DÕI,,0.7,🔴 Forecast rủi ro
ebafcfdfbe5bbe25,2026-07-23,2026-07-24T03:03:58Z,2.0.0,PLC,18400.0,⛔ RẤT YẾU,25.4,4.0,🔴 TRÁNH / BÁN,OBV xấu + Xu hướng giảm + RS yếu,29.9,3.32,-8.0,-11.54,3.539999999999999,19075.81,20120.0,-5.19,-2.31,-3.542759127921702,-8.548707753479123,🔴,87800.0,105555.0,0.8317938515465871,-3.54,2.22,2.22,-18.58,False,False,False,THEO DÕI,,0.7,🔴 Forecast rủi ro
005e7f09f56dd7c4,2026-07-23,2026-07-24T03:03:58Z,2.0.0,PLX,34000.0,⚠️ YẾU DẦN,33.2,3.0,🟠 HẠN CHẾ / GIẢM,OBV xấu + Xu hướng giảm + RS yếu,38.16,4.14,-5.29,-5.56,0.2699999999999996,34447.98,35632.5,-3.32,-1.4,-1.3004536115035048,-4.581491615800182,🔴,1465900.0,1991235.0,0.7361762926023298,-1.3,4.13,4.13,-11.69,False,False,False,THEO DÕI,,0.7,🔴 Forecast rủi ro
57623d753995c1c4,2026-07-23,2026-07-24T03:03:58Z,2.0.0,PNJ,30750.0,⛔ RẤT YẾU,10.1,4.0,🔴 TRÁNH / BÁN,Xu hướng giảm + OBV xấu + RSI yếu,16.77,-7.41,-24.82,-38.5,13.68,40121.61,49595.0,-19.1,-3.59,-23.35801080764207,-37.99778203447928,🔴,586700.0,5707815.0,0.1027888955756274,-23.36,0.0,0.0,-52.69,False,False,False,THEO DÕI,,0.7,🔴 Forecast rủi ro
fc86daad3dd47ef0,2026-07-23,2026-07-24T03:03:58Z,2.0.0,POW,13350.0,⚠️ YẾU DẦN,29.1,3.0,🟠 HẠN CHẾ / GIẢM,OBV xấu + Xu hướng giảm + RS yếu,37.51,-1.22,-5.32,-5.99,0.6699999999999999,13694.24,14232.5,-3.78,-1.32,-2.513757609038547,-6.200597224661864,🔴,8813800.0,11015405.0,0.8001339941654437,-2.51,1.14,5.53,-11.88,False,False,False,THEO DÕI,,0.7,🔴 Forecast rủi ro
a3ae863ab057249d,2026-07-23,2026-07-24T03:03:58Z,2.0.0,PTB,32650.0,⛔ RẤT YẾU,13.8,4.0,🔴 TRÁNH / BÁN,OBV xấu + RSI yếu + Vol chưa xác nhận,20.72,-8.28,-6.31,-11.99,5.680000000000001,34584.93,36465.0,-5.16,-1.66,-5.594720012444732,-10.462086932675165,🔴,354000.0,77970.0,4.540207772220085,-5.59,0.0,0.0,-17.86,False,False,False,TÍCH LŨY,,0.7,🔴 Forecast rủi ro
e86b954700110de4,2026-07-23,2026-07-24T03:03:58Z,2.0.0,PVB,20800.0,⛔ RẤT YẾU,14.8,4.0,🔴 TRÁNH / BÁN,Xu hướng giảm + OBV xấu + RSI yếu,26.03,-5.48,-10.73,-14.05,3.3200000000000003,22063.11,23305.0,-5.33,-2.79,-5.724986187350744,-10.748766359150396,🔴,97400.0,62145.0,1.5673022769329794,-5.72,0.97,0.97,-17.13,False,False,False,TÍCH LŨY,,0.7,🔴 Forecast rủi ro
a994dba70c6e94df,2026-07-23,2026-07-24T03:03:58Z,2.0.0,PVC,12000.0,⛔ RẤT YẾU,25.5,4.0,🔴 TRÁNH / BÁN,OBV xấu + Xu hướng giảm + RS yếu,36.6,-5.05,-9.09,-9.09,0.0,12462.46,12730.0,-2.1,-2.57,-3.710824347680952,-5.734485467399841,🔴,394500.0,449750.0,0.877153974430239,-3.71,1.69,1.69,-13.67,False,False,False,THEO DÕI,,0.7,🔴 Forecast rủi ro
424f43961fd92c98,2026-07-23,2026-07-24T03:03:58Z,2.0.0,PVD,18750.0,⚠️ YẾU DẦN,35.0,3.0,🟠 HẠN CHẾ / GIẢM,OBV xấu + Xu hướng giảm + RS yếu,47.79,-2.59,-5.78,-6.02,0.2399999999999993,18902.47,19315.0,-2.14,-2.61,-0.8066141620645451,-2.9251876779704866,🔴,3872300.0,4091230.0,0.9464879754988108,-0.81,7.14,7.14,-9.42,False,False,False,THEO DÕI,,0.7,🔴 Forecast rủi ro
814b01528b357c17,2026-07-23,2026-07-24T03:03:58Z,2.0.0,PVS,34300.0,⛔ RẤT YẾU,22.6,4.0,🔴 TRÁNH / BÁN,OBV xấu + Xu hướng giảm + RS yếu,39.31,-5.22,-11.6,-8.78,-2.8200000000000003,35760.62,37060.0,-3.51,-3.35,-4.084437014794496,-7.44738262277388,🔴,3176500.0,3040490.0,1.044732921338337,-4.08,3.63,3.63,-12.5,False,False,False,THEO DÕI,,0.7,🔴 Forecast rủi ro
d0718943b858aa13,2026-07-23,2026-07-24T03:03:58Z,2.0.0,PVT,17150.0,⚠️ YẾU DẦN,29.5,3.0,🟠 HẠN CHẾ / GIẢM,OBV xấu + Xu hướng giảm + RS yếu,34.12,8.16,-7.55,-11.83,4.28,17673.15,18810.0,-6.04,-1.93,-2.960140099529518,-8.825093035619346,🔴,2908600.0,3176195.0,0.915749820146433,-2.96,5.21,5.21,-16.95,False,False,False,THEO DÕI,,0.7,🔴 Forecast rủi ro
e310f00e3cffae04,2026-07-23,2026-07-24T03:03:58Z,2.0.0,REE,44300.0,⚠️ YẾU DẦN,27.9,3.0,🟠 HẠN CHẾ / GIẢM,OBV xấu + Xu hướng giảm + RSI yếu,24.47,0.86,-3.38,-6.14,2.76,45511.25,47142.5,-3.46,-0.31,-2.66142986624186,-6.029591133266166,🔴,795600.0,509830.0,1.5605201733911305,-2.66,1.03,1.03,-12.1,False,False,False,TÍCH LŨY,,0.7,🔴 Forecast rủi ro
c685b19f91821708,2026-07-23,2026-07-24T03:03:58Z,2.0.0,SAB,46350.0,⚠️ YẾU DẦN,38.4,3.0,🟠 HẠN CHẾ / GIẢM,OBV xấu + RSI yếu + Thiếu mẫu xác nhận,41.52,-7.95,0.0,-1.7,1.7,46826.74,47290.0,-0.98,0.19,-1.018093508110962,-1.987735250581524,🔴,875600.0,555405.0,1.5765072334602677,-1.02,0.65,0.65,-5.31,False,False,False,THEO DÕI,,0.7,🔴 Forecast rủi ro
d8412defe8c0bde7,2026-07-23,2026-07-24T03:03:58Z,2.0.0,SBT,20600.0,⚠️ YẾU DẦN,37.8,3.0,🟠 HẠN CHẾ / GIẢM,OBV xấu + RSI yếu + Thiếu mẫu xác nhận,35.84,-6.25,-2.14,-3.06,0.92,20894.5,21085.0,-0.9,-0.19,-1.4094618200962028,-2.300213421863884,🔴,688400.0,586150.0,1.1744434018595922,-1.41,0.0,2.49,-3.96,False,False,False,THEO DÕI,,0.7,🔴 Forecast rủi ro
eb974876c9fc3849,2026-07-23,2026-07-24T03:03:58Z,2.0.0,SHB,11750.0,⛔ RẤT YẾU,19.5,4.0,🔴 TRÁNH / BÁN,OBV xấu + Xu hướng giảm + RSI yếu,20.14,1.07,-7.48,-11.99,4.51,12231.79,12945.0,-5.51,-1.44,-3.9388347903291376,-9.231363460795672,🔴,92228496.0,50202274.0,1.8371378157093043,-3.94,0.43,0.43,-15.77,False,False,False,TÍCH LŨY,,0.7,🔴 Forecast rủi ro
197a15d79539c943,2026-07-23,2026-07-24T03:03:58Z,2.0.0,SHS,16100.0,⚠️ YẾU DẦN,53.3,3.0,🟠 HẠN CHẾ / GIẢM,Xu hướng giảm + Thiếu mẫu xác nhận,37.94,13.74,-4.73,-15.71,10.98,16332.08,17685.0,-7.65,-1.81,-1.4210069997207977,-8.96239751201583,🟢,15983400.0,15064080.0,1.061027291411092,-1.42,7.33,7.33,-19.5,False,False,False,MUA EARLY,,0.7,🔴 Forecast rủi ro
fa294873406071d2,2026-07-23,2026-07-24T03:03:58Z,2.0.0,SIP,46600.0,⚠️ YẾU DẦN,28.8,3.0,🟠 HẠN CHẾ / GIẢM,OBV xấu + RSI yếu + Xu hướng giảm,21.51,-1.58,-3.02,-5.86,2.8400000000000003,47731.6,49032.5,-2.65,-0.89,-2.3707564799839043,-4.960995258247081,🔴,112500.0,77915.0,1.4438811525380222,-2.37,0.0,0.0,-8.09,False,False,False,THEO DÕI,,0.7,🔴 Forecast rủi ro
5b8e79c979d0ea45,2026-07-23,2026-07-24T03:03:58Z,2.0.0,SSB,15350.0,⚠️ YẾU DẦN,34.2,3.0,🟠 HẠN CHẾ / GIẢM,OBV xấu + Xu hướng giảm + Thiếu mẫu xác nhận,43.42,-8.68,-4.06,-3.76,-0.2999999999999998,15735.98,16052.45,-1.97,-1.6,-2.452850092590353,-4.37596753143602,🔴,2316600.0,2397695.0,0.9661779333901936,-2.45,0.0,12.45,-7.25,False,False,False,THEO DÕI,,0.7,🔴 Forecast rủi ro
8dc58906e6bb4f18,2026-07-23,2026-07-24T03:03:58Z,2.0.0,SSI,23200.0,⚠️ YẾU DẦN,27.5,3.0,🟠 HẠN CHẾ / GIẢM,OBV xấu + Xu hướng giảm + Thiếu mẫu xác nhận,31.13,10.13,-7.2,-13.91,6.71,24023.46,25645.0,-6.32,-1.69,-3.427732724595034,-9.534022226554884,🔴,29879100.0,20029995.0,1.4917177962350965,-3.43,2.43,2.43,-16.55,False,False,False,TÍCH LŨY,,0.7,🔴 Forecast rủi ro
39f1016752715327,2026-07-23,2026-07-24T03:03:58Z,2.0.0,STB,72000.0,⚠️ YẾU DẦN,45.0,3.0,🟠 HẠN CHẾ / GIẢM,OBV xấu + Thiếu mẫu xác nhận,52.2,-4.3,0.28,1.41,-1.13,71749.25,71825.0,-0.11,0.1,0.3494810050279184,0.2436477549599747,🔴,6397700.0,4510415.0,1.4184282377563926,0.35,5.11,8.93,-5.51,False,False,False,MUA EARLY,,0.7,🔴 Forecast rủi ro
c410a11f5c98a34f,2026-07-23,2026-07-24T03:03:58Z,2.0.0,SZC,18500.0,⛔ RẤT YẾU,18.1,4.0,🔴 TRÁNH / BÁN,OBV xấu + Xu hướng giảm + RSI yếu,16.09,-3.22,-8.19,-13.55,5.360000000000001,19617.32,20917.5,-6.22,-1.53,-5.695579212654933,-11.557308473765982,🔴,496100.0,325720.0,1.5230873142576449,-5.7,0.0,0.0,-19.21,False,False,False,THEO DÕI,,0.7,🔴 Forecast rủi ro
00bca1e19116e649,2026-07-23,2026-07-24T03:03:58Z,2.0.0,TCB,28700.0,⛔ RẤT YẾU,16.4,4.0,🔴 TRÁNH / BÁN,Xu hướng giảm + OBV xấu + RSI yếu,24.46,-5.6,-10.03,-13.42,3.390000000000001,30478.02,32310.0,-5.67,-2.54,-5.833777916019479,-11.173011451562989,🔴,16985100.0,12826060.0,1.3242648170989375,-5.83,0.0,0.0,-17.05,False,False,False,THEO DÕI,,0.7,🔴 Forecast rủi ro
ddfe8c6a06cb7775,2026-07-23,2026-07-24T03:03:58Z,2.0.0,TCH,11900.0,⛔ RẤT YẾU,11.4,4.0,🔴 TRÁNH / BÁN,Xu hướng giảm + OBV xấu + RSI yếu,22.71,-4.32,-13.77,-13.45,-0.3200000000000003,12842.77,13677.5,-6.1,-3.01,-7.340861823422829,-12.995796015353678,🔴,6359600.0,4278325.0,1.4864695879812777,-7.34,0.0,0.0,-19.32,False,False,False,THEO DÕI,,0.7,🔴 Forecast rủi ro
144fcdb9f26e9e7f,2026-07-23,2026-07-24T03:03:58Z,2.0.0,TCM,16700.0,⛔ RẤT YẾU,15.3,4.0,🔴 TRÁNH / BÁN,Xu hướng giảm + OBV xấu + Giá lệch xu hướng,22.56,17.25,-14.8,-16.71,1.91,18071.38,19360.0,-6.66,-3.6,-7.588684428084635,-13.7396694214876,🔴,1870200.0,1076870.0,1.7366998802083815,-7.59,2.45,2.45,-18.54,False,False,False,THEO DÕI,,0.7,🔴 Forecast rủi ro
688616aab009bae1,2026-07-23,2026-07-24T03:03:58Z,2.0.0,TCX,40200.0,⛔ RẤT YẾU,25.9,4.0,🔴 TRÁNH / BÁN,OBV xấu + Xu hướng giảm + RSI yếu,36.44,-7.08,-7.59,-7.9,0.3100000000000005,41768.95,43205.0,-3.32,-1.32,-3.756259135075213,-6.955213516954051,🔴,1753300.0,1914615.0,0.915745463187116,-3.76,0.0,5.51,-13.17,False,False,False,THEO DÕI,,0.7,🔴 Forecast rủi ro
e08e896c38fac473,2026-07-23,2026-07-24T03:03:58Z,2.0.0,TNG,16900.0,⚠️ YẾU DẦN,31.0,3.0,🟠 HẠN CHẾ / GIẢM,OBV xấu + Xu hướng giảm + Thiếu mẫu xác nhận,25.44,8.83,-5.06,-9.63,4.570000000000001,17373.69,18435.0,-5.76,-0.74,-2.726478946038513,-8.32655275291565,🔴,562200.0,565005.0,0.9950354421642288,-2.73,1.81,1.81,-16.75,False,False,False,THEO DÕI,,0.7,🔴 Forecast rủi ro
283b6ec49449d7d9,2026-07-23,2026-07-24T03:03:58Z,2.0.0,TPB,13850.0,⛔ RẤT YẾU,15.9,4.0,🔴 TRÁNH / BÁN,OBV xấu + RSI yếu + Xu hướng giảm,18.93,-5.73,-10.06,-14.51,4.449999999999999,14785.66,15685.0,-5.73,-2.33,-6.328158499519132,-11.699075549888429,🔴,15575200.0,11354070.0,1.3717724128880655,-6.33,0.0,0.0,-17.56,False,False,False,THEO DÕI,,0.7,🔴 Forecast rủi ro
cb78bae2424738b3,2026-07-23,2026-07-24T03:03:58Z,2.0.0,TVN,8900.0,⛔ RẤT YẾU,19.0,4.0,🔴 TRÁNH / BÁN,Xu hướng giảm + OBV xấu + Giá lệch xu hướng,31.7,1.75,-15.24,-22.61,7.369999999999999,9707.15,10730.0,-9.53,-3.66,-8.315004919054502,-17.05498602050326,🔴,313500.0,615960.0,0.508961620884473,-8.32,3.49,4.71,-27.64,False,False,False,THEO DÕI,,0.7,🔴 Forecast rủi ro
ef2131e0ff48cf11,2026-07-23,2026-07-24T03:03:58Z,2.0.0,TVS,14500.0,⚠️ YẾU DẦN,37.5,3.0,🟠 HẠN CHẾ / GIẢM,OBV xấu + Xu hướng giảm + Vol chưa xác nhận,50.51,-0.58,-2.68,-10.21,7.530000000000001,14588.48,14817.45,-1.55,-1.68,-0.6065059553839736,-2.1424064194581427,🔴,137200.0,404575.0,0.3391213001297658,-0.61,3.2,13.28,-11.85,False,False,False,THEO DÕI,,0.7,🔴 Forecast rủi ro
487f3b3544188195,2026-07-23,2026-07-24T03:03:58Z,2.0.0,VCB,53800.0,⛔ RẤT YẾU,14.3,4.0,🔴 TRÁNH / BÁN,OBV xấu + RSI yếu + Xu hướng giảm,18.17,-6.44,-8.67,-11.22,2.5500000000000007,56644.25,59293.5,-4.47,-1.98,-5.021251053725662,-9.26492785887154,🔴,7435600.0,4158775.0,1.7879303400640814,-5.02,0.0,0.0,-14.03,False,False,False,THEO DÕI,,0.7,🔴 Forecast rủi ro
9d19c6d7b1c55b35,2026-07-23,2026-07-24T03:03:58Z,2.0.0,VCG,15800.0,⛔ RẤT YẾU,24.0,4.0,🔴 TRÁNH / BÁN,Xu hướng giảm + OBV xấu + RS yếu,30.41,4.56,-8.93,-14.32,5.390000000000001,16442.64,17536.5,-6.24,-2.9,-3.9083748108576177,-9.902203974567335,🔴,2543300.0,4551930.0,0.5587300331947108,-3.91,1.94,1.94,-18.26,False,False,False,THEO DÕI,,0.7,🔴 Forecast rủi ro
2bc3cf8fc6ce22db,2026-07-23,2026-07-24T03:03:58Z,2.0.0,VCI,20000.0,⛔ RẤT YẾU,24.1,4.0,🔴 TRÁNH / BÁN,Xu hướng giảm + OBV xấu + Giá lệch xu hướng,23.01,2.25,-8.47,-20.32,11.85,21261.06,23227.5,-8.47,-2.58,-5.931312926072363,-13.895167366268437,🔴,8618800.0,8469840.0,1.017587109083525,-5.93,0.5,0.5,-22.78,False,False,False,THEO DÕI,,0.7,🔴 Forecast rủi ro
993ece75d06ee545,2026-07-23,2026-07-24T03:03:58Z,2.0.0,VCK,29800.0,⚠️ YẾU DẦN,29.6,3.0,🟠 HẠN CHẾ / GIẢM,OBV xấu + Xu hướng giảm + RS yếu,28.65,4.67,-6.87,-9.01,2.14,30768.02,32270.0,-4.65,-1.52,-3.1461888025293816,-7.654167957855595,🔴,3272200.0,3117155.0,1.0497392654519906,-3.15,1.02,1.02,-13.25,False,False,False,THEO DÕI,,0.7,🔴 Forecast rủi ro
f6b904556cd4c8df,2026-07-23,2026-07-24T03:03:58Z,2.0.0,VDS,12350.0,⛔ RẤT YẾU,21.4,4.0,🔴 TRÁNH / BÁN,Xu hướng giảm + OBV xấu + Giá lệch xu hướng,30.62,1.26,-10.51,-22.81,12.3,13156.45,14262.5,-7.75,-3.72,-6.129693040295825,-13.409290096406655,🔴,1255600.0,2122695.0,0.5915122050035451,-6.13,0.82,0.82,-25.6,False,False,False,THEO DÕI,,0.7,🔴 Forecast rủi ro
c25a294d94fd36d0,2026-07-23,2026-07-24T03:03:58Z,2.0.0,VGC,38200.0,⛔ RẤT YẾU,14.8,4.0,🔴 TRÁNH / BÁN,OBV xấu + Xu hướng giảm + Vol chưa xác nhận,26.37,-2.91,-8.61,-10.75,2.140000000000001,40025.06,41905.0,-4.49,-2.06,-4.559793289504121,-8.841427037346383,🔴,723800.0,360190.0,2.0094949887559346,-4.56,0.0,0.0,-15.11,False,False,False,TÍCH LŨY,,0.7,🔴 Forecast rủi ro
3c094ecdcc2a43b3,2026-07-23,2026-07-24T03:03:58Z,2.0.0,VGI,78300.0,⚠️ YẾU DẦN,30.8,3.0,🟠 HẠN CHẾ / GIẢM,OBV xấu + Xu hướng giảm + RSI yếu,24.7,2.82,-4.16,-9.16,5.0,80433.42,84220.0,-4.5,-0.94,-2.6524049331733024,-7.029209213963428,🔴,243400.0,234860.0,1.0363620880524569,-2.65,0.9,0.9,-13.86,False,False,False,THEO DÕI,,0.7,🔴 Forecast rủi ro
fd67eb752b5c035c,2026-07-23,2026-07-24T03:03:58Z,2.0.0,VGS,17800.0,⛔ RẤT YẾU,20.3,4.0,🔴 TRÁNH / BÁN,Xu hướng giảm + OBV xấu + RSI yếu,18.66,-0.11,-10.1,-15.24,5.140000000000001,18917.98,20240.0,-6.53,-2.79,-5.909616142949725,-12.055335968379444,🔴,149600.0,125630.0,1.1907983761840324,-5.91,0.56,0.56,-17.59,False,False,False,THEO DÕI,,0.7,🔴 Forecast rủi ro
b1ec45ca4ba12c5b,2026-07-23,2026-07-24T03:03:58Z,2.0.0,VGT,10800.0,⚠️ YẾU DẦN,30.5,3.0,🟠 HẠN CHẾ / GIẢM,OBV xấu + Xu hướng giảm + RSI yếu,29.28,1.45,-4.42,-5.26,0.8399999999999999,11037.0,11360.0,-2.84,-1.34,-2.147322642022287,-4.929577464788737,🔴,203700.0,289190.0,0.7043812026695252,-2.15,0.93,0.93,-7.69,False,False,False,THEO DÕI,,0.7,🔴 Forecast rủi ro
07a8fe5a6bd3532b,2026-07-23,2026-07-24T03:03:58Z,2.0.0,VHC,54100.0,⚠️ YẾU DẦN,30.9,3.0,🟠 HẠN CHẾ / GIẢM,OBV xấu + Xu hướng giảm + RSI yếu,34.56,-1.24,-4.59,-6.24,1.6500000000000004,55513.15,57535.0,-3.51,-1.32,-2.5456130664536225,-5.970278960632658,🔴,246800.0,222575.0,1.108839716949343,-2.55,1.88,1.88,-11.46,False,False,False,THEO DÕI,,0.7,🔴 Forecast rủi ro
edfbf95158ea7219,2026-07-23,2026-07-24T03:03:58Z,2.0.0,VHM,131200.0,⛔ RẤT YẾU,26.7,4.0,🔴 TRÁNH / BÁN,OBV xấu + Xu hướng giảm + RS yếu,38.39,-2.5,-8.12,-11.77,3.65,136779.26,144660.0,-5.45,-1.71,-4.079024846310775,-9.30457624775335,🔴,4573000.0,4401155.0,1.039045432392179,-4.08,3.39,3.39,-17.33,False,False,False,THEO DÕI,,0.7,🔴 Forecast rủi ro
9efb9c010c146aca,2026-07-23,2026-07-24T03:03:58Z,2.0.0,VIB,14450.0,⛔ RẤT YẾU,21.4,4.0,🔴 TRÁNH / BÁN,OBV xấu + Xu hướng giảm + RSI yếu,25.02,-4.68,-6.47,-10.25,3.78,15092.36,15797.45,-4.46,-1.7,-4.256193199738146,-8.529541160123944,🔴,7522200.0,9323770.0,0.8067766579398676,-4.26,0.0,0.0,-13.99,False,False,False,THEO DÕI,,0.7,🔴 Forecast rủi ro
b62d42f2e870f9a4,2026-07-23,2026-07-24T03:03:58Z,2.0.0,VIC,212000.0,⚠️ YẾU DẦN,34.6,3.0,🟠 HẠN CHẾ / GIẢM,OBV xấu + Xu hướng giảm + Thiếu mẫu xác nhận,46.67,-7.38,-4.93,-4.07,-0.8599999999999994,215307.82,219005.0,-1.69,-1.04,-1.536321346804781,-3.1985571105682564,🔴,4235400.0,3210175.0,1.3193673242112969,-1.54,4.9,10.42,-8.62,False,False,False,TÍCH LŨY,,0.7,🔴 Forecast rủi ro
633af88b10fe58be,2026-07-23,2026-07-24T03:03:58Z,2.0.0,VIX,12950.0,⛔ RẤT YẾU,23.2,4.0,🔴 TRÁNH / BÁN,OBV xấu + Xu hướng giảm + Vol chưa xác nhận,28.03,10.82,-7.83,-19.31,11.48,13521.19,15192.5,-11.0,-2.11,-4.224406283766447,-14.760572650979098,🔴,70731800.0,38950130.0,1.8159579955188847,-4.22,7.02,7.02,-25.14,False,False,False,TÍCH LŨY,,0.7,🔴 Forecast rủi ro
6a05b0dcfa05af9c,2026-07-23,2026-07-24T03:03:58Z,2.0.0,VJC,125000.0,⛔ RẤT YẾU,24.9,4.0,🔴 TRÁNH / BÁN,OBV xấu + Xu hướng giảm + RSI yếu,30.91,-10.19,-5.66,-10.07,4.41,130439.04,135454.95,-3.7,-1.39,-4.169794564572071,-7.718396411500661,🔴,1204100.0,952435.0,1.264233254762792,-4.17,0.0,0.0,-12.28,False,False,False,THEO DÕI,,0.7,🔴 Forecast rủi ro
a3dbe72071ba7e3f,2026-07-23,2026-07-24T03:03:58Z,2.0.0,VND,16900.0,⚠️ YẾU DẦN,35.1,3.0,🟠 HẠN CHẾ / GIẢM,OBV xấu + Xu hướng giảm + Thiếu mẫu xác nhận,42.22,-1.7,-4.25,-7.9,3.65,17288.97,17755.0,-2.62,-1.69,-2.249815923100107,-4.815544916924807,🔴,17090900.0,16620595.0,1.0282965200704306,-2.25,1.81,8.68,-11.52,False,False,False,THEO DÕI,,0.7,🔴 Forecast rủi ro
9680b8c5c7ecbd17,2026-07-23,2026-07-24T03:03:58Z,2.0.0,VNM,58800.0,🌱 ĐANG HỒI,77.4,0.0,🟢 MUA / GIỮ,OBV tốt + Vị trí giá tốt + Vol xác nhận,62.93,-0.03,4.63,5.57,-0.9400000000000004,57840.02,56440.0,2.48,0.99,1.659715885298807,4.1814316087881,🟢,4827500.0,4266390.0,1.1315186844146925,1.66,7.3,7.3,-2.16,False,False,False,PULL VỪA,,0.7,🔴 Forecast rủi ro
6b3f3cc4002ce675,2026-07-23,2026-07-24T03:03:58Z,2.0.0,VOS,10650.0,⚠️ YẾU DẦN,28.0,3.0,🟠 HẠN CHẾ / GIẢM,OBV xấu + Xu hướng giảm + RS yếu,26.03,4.79,-6.58,-10.5,3.92,11049.81,11712.5,-5.66,-1.78,-3.6182522595411104,-9.07150480256137,🔴,421700.0,370315.0,1.138760244656576,-3.62,1.91,1.91,-15.48,False,False,False,THEO DÕI,,0.7,🔴 Forecast rủi ro
a1c40ac20830c279,2026-07-23,2026-07-24T03:03:58Z,2.0.0,VPB,24500.0,⛔ RẤT YẾU,26.4,4.0,🔴 TRÁNH / BÁN,OBV xấu + Xu hướng giảm + RSI yếu,29.76,-0.95,-5.77,-10.09,4.32,25532.02,26557.5,-3.86,-1.41,-4.0420616935127,-7.747340675891934,🔴,19164900.0,15310995.0,1.2517083311698554,-4.04,0.0,0.0,-12.81,False,False,False,THEO DÕI,,0.7,🔴 Forecast rủi ro
e20ccc811f89e715,2026-07-23,2026-07-24T03:03:58Z,2.0.0,VPL,72700.0,⛔ RẤT YẾU,16.2,4.0,🔴 TRÁNH / BÁN,OBV xấu + RSI yếu + Xu hướng giảm,18.55,-6.68,-11.23,-12.62,1.3899999999999988,77948.71,82630.0,-5.67,-1.65,-6.733543120854735,-12.017427084593969,🔴,711900.0,738380.0,0.9641377068718004,-6.73,0.0,0.0,-19.04,False,False,False,THEO DÕI,,0.7,🔴 Forecast rủi ro
49ef75cf66324c8d,2026-07-23,2026-07-24T03:03:58Z,2.0.0,VPX,26200.0,⚠️ YẾU DẦN,33.9,3.0,🟠 HẠN CHẾ / GIẢM,OBV xấu + Xu hướng giảm + RSI yếu,40.81,-7.7,-1.87,-5.92,4.05,26748.57,27592.5,-3.06,-1.29,-2.050838605577787,-5.046661230406812,🔴,1554900.0,1664150.0,0.9343508698134184,-2.05,1.55,3.15,-9.66,False,False,False,THEO DÕI,,0.7,🔴 Forecast rủi ro
8023ba421a763682,2026-07-23,2026-07-24T03:03:58Z,2.0.0,VRE,21750.0,⛔ RẤT YẾU,13.4,4.0,🔴 TRÁNH / BÁN,OBV xấu + Xu hướng giảm + Giá lệch xu hướng,19.25,-4.29,-13.17,-19.14,5.970000000000001,23736.94,26066.0,-8.94,-2.42,-8.370666143150718,-16.557968234481702,🔴,7078200.0,4691945.0,1.5085854586957008,-8.37,0.0,0.0,-26.17,False,False,False,THEO DÕI,,0.7,🔴 Forecast rủi ro
00b993a9efdeb94c,2026-07-23,2026-07-24T03:03:58Z,2.0.0,VSC,13900.0,⚠️ YẾU DẦN,37.0,3.0,🟠 HẠN CHẾ / GIẢM,Vol chưa xác nhận + Xu hướng giảm + Giá lệch xu hướng,19.83,2.44,-8.25,-17.01,8.760000000000002,14692.96,16485.0,-10.87,-0.96,-5.396870337903314,-15.6809220503488,🟢,10348200.0,5042995.0,2.05199489589024,-5.4,1.09,1.09,-27.6,False,False,False,MUA EARLY,,0.7,🔴 Forecast rủi ro
8fc22c6abdaf4c27,2026-07-23,2026-07-24T03:03:58Z,2.0.0,VTO,10250.0,🔴 YẾU,44.3,2.0,⏳ CHỜ,OBV xấu + Xu hướng giảm + Thiếu mẫu xác nhận,37.46,20.17,0.0,-2.84,2.84,10237.33,10402.5,-1.59,-0.13,0.1237627389172768,-1.4659937515020482,🔴,66200.0,82230.0,0.8050589809072115,0.12,1.99,1.99,-4.21,False,False,False,TÍCH LŨY,,0.7,🔴 Forecast rủi ro
d40d89a4827f1ca6,2026-07-23,2026-07-24T03:03:58Z,2.0.0,VTP,47950.0,⛔ RẤT YẾU,21.7,4.0,🔴 TRÁNH / BÁN,OBV xấu + Xu hướng giảm + RSI yếu,21.12,-3.54,-6.71,-10.96,4.250000000000001,49916.47,52397.5,-4.74,-1.72,-3.939521364391352,-8.488000381697603,🔴,355200.0,281835.0,1.2603118846133377,-3.94,0.0,0.0,-14.6,False,False,False,THEO DÕI,,0.7,🔴 Forecast rủi ro
daa3b79e854e72d9,2026-07-24,2026-07-24T03:05:37Z,2.0.0,ACB,22350.0,⚠️ YẾU DẦN,,,🟠 HẠN CHẾ / GIẢM,,46.73,,-5.89,-1.97,-3.92,,,,,,,,,,,,,,,False,False,False,,,,
7f619a1679126387,2026-07-24,2026-07-24T03:05:37Z,2.0.0,ACV,39100.0,⛔ RẤT YẾU,,,🔴 TRÁNH / BÁN,,21.12,,-6.01,-8.22,2.210000000000001,,,,,,,,,,,,,,,False,False,False,,,,
4d03e74dd626a2bf,2026-07-24,2026-07-24T03:05:37Z,2.0.0,AGR,13650.0,⚠️ YẾU DẦN,,,🟠 HẠN CHẾ / GIẢM,,38.04,,-4.88,-14.42,9.54,,,,,,,,,,,,,,,False,False,False,,,,
cd557ebbded692b7,2026-07-24,2026-07-24T03:05:37Z,2.0.0,ANV,16800.0,⛔ RẤT YẾU,,,🔴 TRÁNH / BÁN,,22.58,,-8.45,-16.0,7.550000000000001,,,,,,,,,,,,,,,False,False,False,,,,
e2dcac4fbdcb8a1d,2026-07-24,2026-07-24T03:05:37Z,2.0.0,BAF,29000.0,⚠️ YẾU DẦN,,,🟠 HẠN CHẾ / GIẢM,,33.59,,-2.19,-3.65,1.46,,,,,,,,,,,,,,,False,False,False,,,,
ece481916b2933fb,2026-07-24,2026-07-24T03:05:37Z,2.0.0,BFC,51300.0,⚠️ YẾU DẦN,,,🟠 HẠN CHẾ / GIẢM,,36.62,,-7.57,-13.93,6.359999999999999,,,,,,,,,,,,,,,False,False,False,,,,
39a478b19e59a89c,2026-07-24,2026-07-24T03:05:37Z,2.0.0,BID,36000.0,⛔ RẤT YẾU,,,🔴 TRÁNH / BÁN,,23.0,,-7.34,-11.72,4.380000000000001,,,,,,,,,,,,,,,False,False,False,,,,
324de8ce77eed3af,2026-07-24,2026-07-24T03:05:37Z,2.0.0,BMP,150000.0,⚠️ YẾU DẦN,,,🟠 HẠN CHẾ / GIẢM,,52.04,,-0.92,3.09,-4.01,,,,,,,,,,,,,,,False,False,False,,,,
44cf6fce7fc885cf,2026-07-24,2026-07-24T03:05:37Z,2.0.0,BSI,28750.0,⛔ RẤT YẾU,,,🔴 TRÁNH / BÁN,,29.46,,-10.99,-19.92,8.930000000000001,,,,,,,,,,,,,,,False,False,False,,,,
5665282ebee8edf3,2026-07-24,2026-07-24T03:05:37Z,2.0.0,BSR,24450.0,⚠️ YẾU DẦN,,,🟠 HẠN CHẾ / GIẢM,,45.4,,-5.96,-7.21,1.25,,,,,,,,,,,,,,,False,False,False,,,,
662d91d8be672cb2,2026-07-24,2026-07-24T03:05:37Z,2.0.0,BVH,57200.0,⚠️ YẾU DẦN,,,🟠 HẠN CHẾ / GIẢM,,32.57,,-5.45,-4.83,-0.6200000000000001,,,,,,,,,,,,,,,False,False,False,,,,
96ad877d71cf13d1,2026-07-24,2026-07-24T03:05:37Z,2.0.0,BVS,28100.0,⛔ RẤT YẾU,,,🔴 TRÁNH / BÁN,,41.01,,-15.87,-21.94,6.070000000000002,,,,,,,,,,,,,,,False,False,False,,,,
4187463e8125a056,2026-07-24,2026-07-24T03:05:37Z,2.0.0,C4G,5800.0,⛔ RẤT YẾU,,,🔴 TRÁNH / BÁN,,19.39,,-9.38,-10.77,1.3899999999999988,,,,,,,,,,,,,,,False,False,False,,,,
ebd81d44a0e08791,2026-07-24,2026-07-24T03:05:37Z,2.0.0,CEO,11900.0,⛔ RẤT YẾU,,,🔴 TRÁNH / BÁN,,22.35,,-13.14,-15.6,2.459999999999999,,,,,,,,,,,,,,,False,False,False,,,,
94aa57d60bcc868e,2026-07-24,2026-07-24T03:05:37Z,2.0.0,CII,13950.0,⛔ RẤT YẾU,,,🔴 TRÁNH / BÁN,,24.72,,-12.81,-14.42,1.6099999999999994,,,,,,,,,,,,,,,False,False,False,,,,
45c44a9f1cb08b2f,2026-07-24,2026-07-24T03:05:37Z,2.0.0,CMG,24000.0,⛔ RẤT YẾU,,,🔴 TRÁNH / BÁN,,21.08,,-7.34,-11.28,3.9399999999999995,,,,,,,,,,,,,,,False,False,False,,,,
0a9d73acafa2dc6c,2026-07-24,2026-07-24T03:05:37Z,2.0.0,CSV,21750.0,⛔ RẤT YẾU,,,🔴 TRÁNH / BÁN,,36.48,,-12.3,-3.76,-8.540000000000001,,,,,,,,,,,,,,,False,False,False,,,,
d3ba3ff2025e430a,2026-07-24,2026-07-24T03:05:37Z,2.0.0,CTD,55500.0,⛔ RẤT YẾU,,,🔴 TRÁNH / BÁN,,13.65,,-16.16,-20.14,3.9800000000000004,,,,,,,,,,,,,,,False,False,False,,,,
c464f74b1c02374c,2026-07-24,2026-07-24T03:05:37Z,2.0.0,CTG,28950.0,⛔ RẤT YẾU,,,🔴 TRÁNH / BÁN,,17.27,,-8.99,-13.66,4.67,,,,,,,,,,,,,,,False,False,False,,,,
d5314dcbe5f7b426,2026-07-24,2026-07-24T03:05:37Z,2.0.0,CTR,68700.0,⚠️ YẾU DẦN,,,🟠 HẠN CHẾ / GIẢM,,35.08,,-1.86,-8.4,6.54,,,,,,,,,,,,,,,False,False,False,,,,
3798fb9b33cea11a,2026-07-24,2026-07-24T03:05:37Z,2.0.0,DBC,16000.0,⛔ RẤT YẾU,,,🔴 TRÁNH / BÁN,,24.53,,-9.86,-10.11,0.25,,,,,,,,,,,,,,,False,False,False,,,,
6190faf6e19fc557,2026-07-24,2026-07-24T03:05:37Z,2.0.0,DCM,29950.0,⚠️ YẾU DẦN,,,🟠 HẠN CHẾ / GIẢM,,33.68,,-7.56,-11.26,3.7,,,,,,,,,,,,,,,False,False,False,,,,
7a5bb765a0336288,2026-07-24,2026-07-24T03:05:37Z,2.0.0,DDV,18900.0,⛔ RẤT YẾU,,,🔴 TRÁNH / BÁN,,20.55,,-12.5,-14.86,2.3599999999999994,,,,,,,,,,,,,,,False,False,False,,,,
7eb52421dc6cfbb2,2026-07-24,2026-07-24T03:05:37Z,2.0.0,DGC,36050.0,⛔ RẤT YẾU,,,🔴 TRÁNH / BÁN,,16.06,,-19.53,-22.81,3.2799999999999976,,,,,,,,,,,,,,,False,False,False,,,,
d84b66475976014a,2026-07-24,2026-07-24T03:05:37Z,2.0.0,DGW,34000.0,⛔ RẤT YẾU,,,🔴 TRÁNH / BÁN,,24.86,,-10.53,-12.48,1.950000000000001,,,,,,,,,,,,,,,False,False,False,,,,
a9c35d54e5f86936,2026-07-24,2026-07-24T03:05:37Z,2.0.0,DIG,10800.0,⛔ RẤT YẾU,,,🔴 TRÁNH / BÁN,,30.31,,-13.25,-11.84,-1.4100000000000001,,,,,,,,,,,,,,,False,False,False,,,,
094710ef5ec0e521,2026-07-24,2026-07-24T03:05:37Z,2.0.0,DPG,26400.0,⛔ RẤT YẾU,,,🔴 TRÁNH / BÁN,,14.35,,-16.72,-19.76,3.0400000000000027,,,,,,,,,,,,,,,False,False,False,,,,
7cc633fb753b9b4d,2026-07-24,2026-07-24T03:05:37Z,2.0.0,DPM,22900.0,⚠️ YẾU DẦN,,,🟠 HẠN CHẾ / GIẢM,,44.92,,-3.58,-3.78,0.19999999999999973,,,,,,,,,,,,,,,False,False,False,,,,
038b60679ec2e761,2026-07-24,2026-07-24T03:05:37Z,2.0.0,DPR,35800.0,⚠️ YẾU DẦN,,,🟠 HẠN CHẾ / GIẢM,,25.53,,-5.29,-6.77,1.4799999999999995,,,,,,,,,,,,,,,False,False,False,,,,
ec7e66fded7bdb6f,2026-07-24,2026-07-24T03:05:37Z,2.0.0,DRI,12800.0,⚠️ YẾU DẦN,,,🟠 HẠN CHẾ / GIẢM,,39.61,,-3.76,-5.19,1.4300000000000006,,,,,,,,,,,,,,,False,False,False,,,,
067906b99576b063,2026-07-24,2026-07-24T03:05:37Z,2.0.0,DXG,10500.0,⛔ RẤT YẾU,,,🔴 TRÁNH / BÁN,,21.62,,-13.93,-12.5,-1.4299999999999997,,,,,,,,,,,,,,,False,False,False,,,,
b41592d01bbcf1d7,2026-07-24,2026-07-24T03:05:37Z,2.0.0,DXS,5800.0,⛔ RẤT YẾU,,,🔴 TRÁNH / BÁN,,21.59,,-15.2,-16.67,1.4700000000000024,,,,,,,,,,,,,,,False,False,False,,,,
8c97f01580752029,2026-07-24,2026-07-24T03:05:37Z,2.0.0,EIB,18000.0,⚠️ YẾU DẦN,,,🟠 HẠN CHẾ / GIẢM,,35.63,,-5.51,-10.0,4.49,,,,,,,,,,,,,,,False,False,False,,,,
9ebdbcedb7731fe2,2026-07-24,2026-07-24T03:05:37Z,2.0.0,EVF,12550.0,🟡 TRUNG TÍNH,,,👀 THEO DÕI,,43.67,,-0.79,-1.18,0.3899999999999999,,,,,,,,,,,,,,,False,False,False,,,,
25ce5c5ec3fa6f66,2026-07-24,2026-07-24T03:05:37Z,2.0.0,FCN,10550.0,⛔ RẤT YẾU,,,🔴 TRÁNH / BÁN,,22.87,,-6.22,-7.86,1.6400000000000006,,,,,,,,,,,,,,,False,False,False,,,,
21bdfc0f7a2e1f02,2026-07-24,2026-07-24T03:05:37Z,2.0.0,FOX,63400.0,⛔ RẤT YẾU,,,🔴 TRÁNH / BÁN,,15.91,,-5.37,-10.96,5.590000000000001,,,,,,,,,,,,,,,False,False,False,,,,
c0421e12e5f1c4b9,2026-07-24,2026-07-24T03:05:37Z,2.0.0,FPT,63600.0,⛔ RẤT YẾU,,,🔴 TRÁNH / BÁN,,24.73,,-6.47,-11.79,5.319999999999999,,,,,,,,,,,,,,,False,False,False,,,,
8f53373adb2d3cf1,2026-07-24,2026-07-24T03:05:37Z,2.0.0,FRT,105900.0,⚠️ YẾU DẦN,,,🟠 HẠN CHẾ / GIẢM,,26.54,,-4.94,-8.31,3.37,,,,,,,,,,,,,,,False,False,False,,,,
f10f646fc6f00843,2026-07-24,2026-07-24T03:05:37Z,2.0.0,FTS,22500.0,⛔ RẤT YẾU,,,🔴 TRÁNH / BÁN,,33.24,,-10.18,-18.48,8.3,,,,,,,,,,,,,,,False,False,False,,,,
c1122b5f55d4c32e,2026-07-24,2026-07-24T03:05:37Z,2.0.0,GAS,68100.0,⛔ RẤT YẾU,,,🔴 TRÁNH / BÁN,,35.11,,-12.02,-11.56,-0.4599999999999991,,,,,,,,,,,,,,,False,False,False,,,,
ddb1b7012b4fd1aa,2026-07-24,2026-07-24T03:05:37Z,2.0.0,GEE,69900.0,⛔ RẤT YẾU,,,🔴 TRÁNH / BÁN,,28.85,,-14.86,-13.7,-1.1600000000000001,,,,,,,,,,,,,,,False,False,False,,,,
eabd125718688b24,2026-07-24,2026-07-24T03:05:37Z,2.0.0,GEG,12000.0,⛔ RẤT YẾU,,,🔴 TRÁNH / BÁN,,31.39,,-6.98,-10.78,3.799999999999999,,,,,,,,,,,,,,,False,False,False,,,,
bd583b4fe0a79b42,2026-07-24,2026-07-24T03:05:37Z,2.0.0,GEX,22350.0,⛔ RẤT YẾU,,,🔴 TRÁNH / BÁN,,28.96,,-11.83,-18.13,6.299999999999999,,,,,,,,,,,,,,,False,False,False,,,,
468dba0d58c0c695,2026-07-24,2026-07-24T03:05:37Z,2.0.0,GIL,7030.0,⛔ RẤT YẾU,,,🔴 TRÁNH / BÁN,,9.35,,-16.51,-38.33,21.819999999999997,,,,,,,,,,,,,,,False,False,False,,,,
a1632108e9c41475,2026-07-24,2026-07-24T03:05:37Z,2.0.0,GMD,71900.0,⛔ RẤT YẾU,,,🔴 TRÁNH / BÁN,,37.51,,-8.99,-5.52,-3.4700000000000006,,,,,,,,,,,,,,,False,False,False,,,,
f3da6c1b8fb8c737,2026-07-24,2026-07-24T03:05:37Z,2.0.0,GVR,26800.0,⛔ RẤT YẾU,,,🔴 TRÁNH / BÁN,,23.26,,-11.4,-14.92,3.5199999999999996,,,,,,,,,,,,,,,False,False,False,,,,
026a9464643dc599,2026-07-24,2026-07-24T03:05:37Z,2.0.0,HAG,13850.0,⛔ RẤT YẾU,,,🔴 TRÁNH / BÁN,,19.73,,-5.14,-4.48,-0.6599999999999993,,,,,,,,,,,,,,,False,False,False,,,,
d6e956c8d981ec37,2026-07-24,2026-07-24T03:05:37Z,2.0.0,HAH,45000.0,⚠️ YẾU DẦN,,,🟠 HẠN CHẾ / GIẢM,,26.02,,-4.26,-6.5,2.24,,,,,,,,,,,,,,,False,False,False,,,,
d7a10614b35b5302,2026-07-24,2026-07-24T03:05:37Z,2.0.0,HCM,25450.0,🌱 ĐANG HỒI,,,🟢 MUA / GIỮ,,60.2,,2.21,5.04,-2.83,,,,,,,,,,,,,,,False,False,False,,,,
4c4f55929b17abba,2026-07-24,2026-07-24T03:05:37Z,2.0.0,HDB,25550.0,⚠️ YẾU DẦN,,,🟠 HẠN CHẾ / GIẢM,,39.83,,-5.89,-6.41,0.5200000000000005,,,,,,,,,,,,,,,False,False,False,,,,
27c7632c2e46bb59,2026-07-24,2026-07-24T03:05:37Z,2.0.0,HDC,12150.0,⛔ RẤT YẾU,,,🔴 TRÁNH / BÁN,,18.24,,-11.96,-17.06,5.099999999999998,,,,,,,,,,,,,,,False,False,False,,,,
85b5e7422aa559c3,2026-07-24,2026-07-24T03:05:37Z,2.0.0,HDG,16300.0,⛔ RẤT YẾU,,,🔴 TRÁNH / BÁN,,17.05,,-10.93,-13.53,2.5999999999999996,,,,,,,,,,,,,,,False,False,False,,,,
af6f635fb3bffe47,2026-07-24,2026-07-24T03:05:37Z,2.0.0,HHS,9800.0,⛔ RẤT YẾU,,,🔴 TRÁNH / BÁN,,32.51,,-10.09,-10.09,0.0,,,,,,,,,,,,,,,False,False,False,,,,
af1f6f98f89f91ec,2026-07-24,2026-07-24T03:05:37Z,2.0.0,HHV,10050.0,⚠️ YẾU DẦN,,,🟠 HẠN CHẾ / GIẢM,,33.9,,-2.9,-6.07,3.1700000000000004,,,,,,,,,,,,,,,False,False,False,,,,
f701f4696e713a50,2026-07-24,2026-07-24T03:05:37Z,2.0.0,HPG,20650.0,⛔ RẤT YẾU,,,🔴 TRÁNH / BÁN,,20.66,,-6.98,-10.99,4.01,,,,,,,,,,,,,,,False,False,False,,,,
7edb0f3708f70871,2026-07-24,2026-07-24T03:05:37Z,2.0.0,HSG,10400.0,⛔ RẤT YẾU,,,🔴 TRÁNH / BÁN,,25.93,,-10.34,-9.57,-0.7699999999999996,,,,,,,,,,,,,,,False,False,False,,,,
a65948f9fbdef611,2026-07-24,2026-07-24T03:05:37Z,2.0.0,HUT,15000.0,⚠️ YẾU DẦN,,,🟠 HẠN CHẾ / GIẢM,,34.02,,-1.32,-1.32,0.0,,,,,,,,,,,,,,,False,False,False,,,,
9f52763004e6e960,2026-07-24,2026-07-24T03:05:37Z,2.0.0,HVN,21600.0,⛔ RẤT YẾU,,,🔴 TRÁNH / BÁN,,34.26,,-11.11,-15.46,4.350000000000001,,,,,,,,,,,,,,,False,False,False,,,,
3de90a8325c8e9f1,2026-07-24,2026-07-24T03:05:37Z,2.0.0,IDC,32500.0,⚠️ YẾU DẦN,,,🟠 HẠN CHẾ / GIẢM,,33.5,,-2.49,-5.22,2.7299999999999995,,,,,,,,,,,,,,,False,False,False,,,,
8ad21c73c2dd9228,2026-07-24,2026-07-24T03:05:37Z,2.0.0,IJC,7130.0,⛔ RẤT YẾU,,,🔴 TRÁNH / BÁN,,8.64,,-10.76,-17.57,6.8100000000000005,,,,,,,,,,,,,,,False,False,False,,,,
8865c412fc5a661c,2026-07-24,2026-07-24T03:05:37Z,2.0.0,KBC,27250.0,⚠️ YẾU DẦN,,,🟠 HẠN CHẾ / GIẢM,,32.93,,-4.05,-4.89,0.8399999999999999,,,,,,,,,,,,,,,False,False,False,,,,
128f59e92eac4e4d,2026-07-24,2026-07-24T03:05:37Z,2.0.0,KDH,17900.0,⛔ RẤT YẾU,,,🔴 TRÁNH / BÁN,,19.14,,-5.79,-13.32,7.53,,,,,,,,,,,,,,,False,False,False,,,,
143f244798114edd,2026-07-24,2026-07-24T03:05:37Z,2.0.0,KSB,13350.0,⚠️ YẾU DẦN,,,🟠 HẠN CHẾ / GIẢM,,22.7,,-2.55,-7.61,5.0600000000000005,,,,,,,,,,,,,,,False,False,False,,,,
7b56011dc86287d6,2026-07-24,2026-07-24T03:05:37Z,2.0.0,LAS,11600.0,⛔ RẤT YẾU,,,🔴 TRÁNH / BÁN,,16.68,,-14.07,-17.73,3.66,,,,,,,,,,,,,,,False,False,False,,,,
24c3e7214e48a1dd,2026-07-24,2026-07-24T03:05:37Z,2.0.0,LPB,53200.0,🌱 ĐANG HỒI,,,🟢 MUA / GIỮ,,54.58,,2.31,1.53,0.78,,,,,,,,,,,,,,,False,False,False,,,,
ee26697d1b49ae8b,2026-07-24,2026-07-24T03:05:37Z,2.0.0,MBB,21750.0,⛔ RẤT YẾU,,,🔴 TRÁNH / BÁN,,23.74,,-9.94,-11.59,1.6500000000000004,,,,,,,,,,,,,,,False,False,False,,,,
2339d87ad0b532c0,2026-07-24,2026-07-24T03:05:37Z,2.0.0,MBS,19400.0,🟡 TRUNG TÍNH,,,👀 THEO DÕI,,43.75,,-4.43,-12.22,7.790000000000001,,,,,,,,,,,,,,,False,False,False,,,,
f2e4bb002a146a03,2026-07-24,2026-07-24T03:05:37Z,2.0.0,MCH,133800.0,⚠️ YẾU DẦN,,,🟠 HẠN CHẾ / GIẢM,,47.49,,-2.9,0.0,-2.9,,,,,,,,,,,,,,,False,False,False,,,,
2889961f97e67597,2026-07-24,2026-07-24T03:05:37Z,2.0.0,MML,27200.0,⚠️ YẾU DẦN,,,🟠 HẠN CHẾ / GIẢM,,32.3,,-4.23,-5.23,1.0,,,,,,,,,,,,,,,False,False,False,,,,
c542cfb6e390a2f8,2026-07-24,2026-07-24T03:05:37Z,2.0.0,MSB,15950.0,⚠️ YẾU DẦN,,,🟠 HẠN CHẾ / GIẢM,,54.04,,-2.45,-0.31,-2.14,,,,,,,,,,,,,,,False,False,False,,,,
afd4ae65e9dcac30,2026-07-24,2026-07-24T03:05:37Z,2.0.0,MSH,31000.0,⚠️ YẾU DẦN,,,🟠 HẠN CHẾ / GIẢM,,29.26,,-1.27,-3.12,1.85,,,,,,,,,,,,,,,False,False,False,,,,
8bbda7a5d7540abb,2026-07-24,2026-07-24T03:05:37Z,2.0.0,MSN,63200.0,⛔ RẤT YẾU,,,🔴 TRÁNH / BÁN,,17.49,,-7.06,-8.27,1.21,,,,,,,,,,,,,,,False,False,False,,,,
f50a5ac3e9d8d15b,2026-07-24,2026-07-24T03:05:37Z,2.0.0,MSR,33400.0,⛔ RẤT YẾU,,,🔴 TRÁNH / BÁN,,28.88,,-5.92,-9.49,3.5700000000000003,,,,,,,,,,,,,,,False,False,False,,,,
db9d81a70349ae3d,2026-07-24,2026-07-24T03:05:37Z,2.0.0,MWG,69300.0,⛔ RẤT YẾU,,,🔴 TRÁNH / BÁN,,26.94,,-9.65,-11.72,2.0700000000000003,,,,,,,,,,,,,,,False,False,False,,,,
50b3fa173fac6eb0,2026-07-24,2026-07-24T03:05:37Z,2.0.0,NAB,12350.0,⚠️ YẾU DẦN,,,🟠 HẠN CHẾ / GIẢM,,37.61,,-5.36,-6.79,1.4299999999999997,,,,,,,,,,,,,,,False,False,False,,,,
9e5db95023077f09,2026-07-24,2026-07-24T03:05:37Z,2.0.0,NHA,8100.0,⛔ RẤT YẾU,,,🔴 TRÁNH / BÁN,,15.89,,-10.4,-11.76,1.3599999999999994,,,,,,,,,,,,,,,False,False,False,,,,
eb52664e9823756d,2026-07-24,2026-07-24T03:05:37Z,2.0.0,NKG,10550.0,⚠️ YẾU DẦN,,,🟠 HẠN CHẾ / GIẢM,,23.63,,-8.66,-11.72,3.0600000000000005,,,,,,,,,,,,,,,False,False,False,,,,
166f6d1e630a6e36,2026-07-24,2026-07-24T03:05:37Z,2.0.0,NLG,21800.0,⛔ RẤT YẾU,,,🔴 TRÁNH / BÁN,,22.76,,-12.1,-14.17,2.0700000000000003,,,,,,,,,,,,,,,False,False,False,,,,
72f239be2e1b2797,2026-07-24,2026-07-24T03:05:37Z,2.0.0,NT2,21200.0,🔴 YẾU,,,⏳ CHỜ,,39.58,,-0.47,-4.07,3.6000000000000005,,,,,,,,,,,,,,,False,False,False,,,,
17fde54ef3139cc2,2026-07-24,2026-07-24T03:05:37Z,2.0.0,NTL,14150.0,⚠️ YẾU DẦN,,,🟠 HẠN CHẾ / GIẢM,,19.46,,-4.71,-5.67,0.96,,,,,,,,,,,,,,,False,False,False,,,,
031f58741ccfa5db,2026-07-24,2026-07-24T03:05:37Z,2.0.0,NTP,48400.0,🟡 TRUNG TÍNH,,,👀 THEO DÕI,,43.6,,0.41,-1.83,2.24,,,,,,,,,,,,,,,False,False,False,,,,
2bca4012472b6ed6,2026-07-24,2026-07-24T03:05:37Z,2.0.0,NVL,12800.0,🌱 ĐANG HỒI,,,🟢 MUA / GIỮ,,51.73,,1.19,2.81,-1.62,,,,,,,,,,,,,,,False,False,False,,,,
3022deed5caeba1d,2026-07-24,2026-07-24T03:05:37Z,2.0.0,OCB,10250.0,⚠️ YẾU DẦN,,,🟠 HẠN CHẾ / GIẢM,,37.51,,-5.09,-9.29,4.199999999999999,,,,,,,,,,,,,,,False,False,False,,,,
0c7dd45181604793,2026-07-24,2026-07-24T03:05:37Z,2.0.0,OIL,13300.0,⚠️ YẾU DẦN,,,🟠 HẠN CHẾ / GIẢM,,44.3,,-8.28,-3.62,-4.659999999999999,,,,,,,,,,,,,,,False,False,False,,,,
53f50f0126a96a4e,2026-07-24,2026-07-24T03:05:37Z,2.0.0,ORS,13150.0,⚠️ YẾU DẦN,,,🟠 HẠN CHẾ / GIẢM,,43.7,,-6.74,-8.04,1.299999999999999,,,,,,,,,,,,,,,False,False,False,,,,
0b6a9d52cbdada10,2026-07-24,2026-07-24T03:05:37Z,2.0.0,PC1,21000.0,🟡 TRUNG TÍNH,,,👀 THEO DÕI,,48.16,,-5.62,-4.11,-1.5099999999999998,,,,,,,,,,,,,,,False,False,False,,,,
b4d38c8a4bd10ab4,2026-07-24,2026-07-24T03:05:37Z,2.0.0,PDR,11800.0,⛔ RẤT YẾU,,,🔴 TRÁNH / BÁN,,11.32,,-13.24,-16.9,3.6599999999999984,,,,,,,,,,,,,,,False,False,False,,,,
716c9d9ac9fd89ee,2026-07-24,2026-07-24T03:05:37Z,2.0.0,PET,36500.0,⚠️ YẾU DẦN,,,🟠 HẠN CHẾ / GIẢM,,50.73,,-2.67,-3.18,0.5100000000000002,,,,,,,,,,,,,,,False,False,False,,,,
e767e2c7686bb596,2026-07-24,2026-07-24T03:05:37Z,2.0.0,PHR,56500.0,⛔ RẤT YẾU,,,🔴 TRÁNH / BÁN,,27.25,,-8.28,-11.44,3.16,,,,,,,,,,,,,,,False,False,False,,,,
ca854bf7d78e6fc1,2026-07-24,2026-07-24T03:05:37Z,2.0.0,PLC,18400.0,⛔ RẤT YẾU,,,🔴 TRÁNH / BÁN,,29.9,,-8.0,-11.54,3.539999999999999,,,,,,,,,,,,,,,False,False,False,,,,
7252c8172ba0360e,2026-07-24,2026-07-24T03:05:37Z,2.0.0,PLX,34050.0,⚠️ YẾU DẦN,,,🟠 HẠN CHẾ / GIẢM,,38.47,,-5.15,-5.42,0.2699999999999996,,,,,,,,,,,,,,,False,False,False,,,,
4bdfbda5bd86275b,2026-07-24,2026-07-24T03:05:37Z,2.0.0,PNJ,30750.0,⛔ RẤT YẾU,,,🔴 TRÁNH / BÁN,,16.77,,-24.82,-38.5,13.68,,,,,,,,,,,,,,,False,False,False,,,,
fc170835bf48bcfe,2026-07-24,2026-07-24T03:05:37Z,2.0.0,POW,13350.0,⚠️ YẾU DẦN,,,🟠 HẠN CHẾ / GIẢM,,37.51,,-5.32,-5.99,0.6699999999999999,,,,,,,,,,,,,,,False,False,False,,,,
4a5751791ccc5e48,2026-07-24,2026-07-24T03:05:37Z,2.0.0,PTB,32650.0,⛔ RẤT YẾU,,,🔴 TRÁNH / BÁN,,20.72,,-6.31,-11.99,5.680000000000001,,,,,,,,,,,,,,,False,False,False,,,,
36201e560ee25b57,2026-07-24,2026-07-24T03:05:37Z,2.0.0,PVB,20800.0,⛔ RẤT YẾU,,,🔴 TRÁNH / BÁN,,26.03,,-10.73,-14.05,3.3200000000000003,,,,,,,,,,,,,,,False,False,False,,,,
d18f0378653a68e4,2026-07-24,2026-07-24T03:05:37Z,2.0.0,PVC,12000.0,⛔ RẤT YẾU,,,🔴 TRÁNH / BÁN,,36.6,,-9.09,-9.09,0.0,,,,,,,,,,,,,,,False,False,False,,,,
a1dcc304f6baaf83,2026-07-24,2026-07-24T03:05:37Z,2.0.0,PVD,18800.0,⚠️ YẾU DẦN,,,🟠 HẠN CHẾ / GIẢM,,48.13,,-5.53,-5.76,0.22999999999999954,,,,,,,,,,,,,,,False,False,False,,,,
58c54c2a12f19c14,2026-07-24,2026-07-24T03:05:37Z,2.0.0,PVS,34300.0,⛔ RẤT YẾU,,,🔴 TRÁNH / BÁN,,39.31,,-11.6,-8.78,-2.8200000000000003,,,,,,,,,,,,,,,False,False,False,,,,
5efa31a64408eadc,2026-07-24,2026-07-24T03:05:37Z,2.0.0,PVT,17200.0,⚠️ YẾU DẦN,,,🟠 HẠN CHẾ / GIẢM,,34.72,,-7.28,-11.57,4.29,,,,,,,,,,,,,,,False,False,False,,,,
2fa5d6fa6fa4cbf3,2026-07-24,2026-07-24T03:05:37Z,2.0.0,REE,44300.0,⚠️ YẾU DẦN,,,🟠 HẠN CHẾ / GIẢM,,24.47,,-3.38,-6.14,2.76,,,,,,,,,,,,,,,False,False,False,,,,
2b4bccc2bfb21962,2026-07-24,2026-07-24T03:05:37Z,2.0.0,SAB,46300.0,⚠️ YẾU DẦN,,,🟠 HẠN CHẾ / GIẢM,,41.15,,-0.11,-1.8,1.69,,,,,,,,,,,,,,,False,False,False,,,,
09e4df2b82b822ce,2026-07-24,2026-07-24T03:05:37Z,2.0.0,SBT,20600.0,⚠️ YẾU DẦN,,,🟠 HẠN CHẾ / GIẢM,,35.84,,-2.14,-3.06,0.9199999999999999,,,,,,,,,,,,,,,False,False,False,,,,
bf0feddfce3eaa1d,2026-07-24,2026-07-24T03:05:37Z,2.0.0,SHB,11750.0,⛔ RẤT YẾU,,,🔴 TRÁNH / BÁN,,20.14,,-7.48,-11.99,4.51,,,,,,,,,,,,,,,False,False,False,,,,
3321a687d677da4f,2026-07-24,2026-07-24T03:05:37Z,2.0.0,SHS,16100.0,⚠️ YẾU DẦN,,,🟠 HẠN CHẾ / GIẢM,,37.94,,-4.73,-15.71,10.98,,,,,,,,,,,,,,,False,False,False,,,,
91f549251580488d,2026-07-24,2026-07-24T03:05:37Z,2.0.0,SIP,46550.0,⚠️ YẾU DẦN,,,🟠 HẠN CHẾ / GIẢM,,21.29,,-3.12,-5.96,2.84,,,,,,,,,,,,,,,False,False,False,,,,
c8f115df21791a86,2026-07-24,2026-07-24T03:05:37Z,2.0.0,SSB,15350.0,⚠️ YẾU DẦN,,,🟠 HẠN CHẾ / GIẢM,,43.42,,-4.06,-3.76,-0.2999999999999998,,,,,,,,,,,,,,,False,False,False,,,,
598a5b022f7c9fcd,2026-07-24,2026-07-24T03:05:37Z,2.0.0,SSI,23150.0,⚠️ YẾU DẦN,,,🟠 HẠN CHẾ / GIẢM,,30.6,,-7.4,-14.1,6.699999999999999,,,,,,,,,,,,,,,False,False,False,,,,
6a765a3343f66ac2,2026-07-24,2026-07-24T03:05:37Z,2.0.0,STB,72000.0,⚠️ YẾU DẦN,,,🟠 HẠN CHẾ / GIẢM,,52.2,,0.28,1.41,-1.13,,,,,,,,,,,,,,,False,False,False,,,,
fc55ed261cdbc7e3,2026-07-24,2026-07-24T03:05:37Z,2.0.0,SZC,18500.0,⛔ RẤT YẾU,,,🔴 TRÁNH / BÁN,,16.09,,-8.19,-13.55,5.360000000000001,,,,,,,,,,,,,,,False,False,False,,,,
27e719bce768863b,2026-07-24,2026-07-24T03:05:37Z,2.0.0,TCB,28700.0,⛔ RẤT YẾU,,,🔴 TRÁNH / BÁN,,24.46,,-10.03,-13.42,3.3900000000000006,,,,,,,,,,,,,,,False,False,False,,,,
205c392a75c7f87a,2026-07-24,2026-07-24T03:05:37Z,2.0.0,TCH,11900.0,⛔ RẤT YẾU,,,🔴 TRÁNH / BÁN,,22.71,,-13.77,-13.45,-0.3200000000000003,,,,,,,,,,,,,,,False,False,False,,,,
3813182408d9956e,2026-07-24,2026-07-24T03:05:37Z,2.0.0,TCM,16700.0,⛔ RẤT YẾU,,,🔴 TRÁNH / BÁN,,22.56,,-14.8,-16.71,1.9100000000000001,,,,,,,,,,,,,,,False,False,False,,,,
bd75803c018f0192,2026-07-24,2026-07-24T03:05:37Z,2.0.0,TCX,40200.0,⛔ RẤT YẾU,,,🔴 TRÁNH / BÁN,,36.44,,-7.59,-7.9,0.3100000000000005,,,,,,,,,,,,,,,False,False,False,,,,
db593bcfd7ab90ed,2026-07-24,2026-07-24T03:05:37Z,2.0.0,TNG,16900.0,⚠️ YẾU DẦN,,,🟠 HẠN CHẾ / GIẢM,,25.44,,-5.06,-9.63,4.570000000000001,,,,,,,,,,,,,,,False,False,False,,,,
b71fcfe5b5cd7f6b,2026-07-24,2026-07-24T03:05:37Z,2.0.0,TPB,13800.0,⛔ RẤT YẾU,,,🔴 TRÁNH / BÁN,,18.61,,-10.39,-14.81,4.42,,,,,,,,,,,,,,,False,False,False,,,,
c7974034aa8ac738,2026-07-24,2026-07-24T03:05:37Z,2.0.0,TVN,8900.0,⛔ RẤT YẾU,,,🔴 TRÁNH / BÁN,,31.7,,-15.24,-22.61,7.369999999999999,,,,,,,,,,,,,,,False,False,False,,,,
70abe0e90ddf6d7e,2026-07-24,2026-07-24T03:05:37Z,2.0.0,TVS,14500.0,⚠️ YẾU DẦN,,,🟠 HẠN CHẾ / GIẢM,,50.51,,-2.68,-10.21,7.530000000000001,,,,,,,,,,,,,,,False,False,False,,,,
b3f3a0fcca66e501,2026-07-24,2026-07-24T03:05:37Z,2.0.0,VCB,53800.0,⛔ RẤT YẾU,,,🔴 TRÁNH / BÁN,,18.17,,-8.67,-11.22,2.5500000000000007,,,,,,,,,,,,,,,False,False,False,,,,
377cde477faa8a00,2026-07-24,2026-07-24T03:05:37Z,2.0.0,VCG,15800.0,⛔ RẤT YẾU,,,🔴 TRÁNH / BÁN,,30.41,,-8.93,-14.32,5.390000000000001,,,,,,,,,,,,,,,False,False,False,,,,
f835e791fc055f03,2026-07-24,2026-07-24T03:05:37Z,2.0.0,VCI,20000.0,⛔ RẤT YẾU,,,🔴 TRÁNH / BÁN,,23.01,,-8.47,-20.32,11.85,,,,,,,,,,,,,,,False,False,False,,,,
7a3001d93c168e27,2026-07-24,2026-07-24T03:05:37Z,2.0.0,VCK,29800.0,⚠️ YẾU DẦN,,,🟠 HẠN CHẾ / GIẢM,,28.65,,-6.87,-9.01,2.1399999999999997,,,,,,,,,,,,,,,False,False,False,,,,
49625a6ec2f1e13a,2026-07-24,2026-07-24T03:05:37Z,2.0.0,VDS,12400.0,⛔ RẤT YẾU,,,🔴 TRÁNH / BÁN,,31.39,,-10.14,-22.5,12.36,,,,,,,,,,,,,,,False,False,False,,,,
a40ef64039c50d21,2026-07-24,2026-07-24T03:05:37Z,2.0.0,VGC,38200.0,⛔ RẤT YẾU,,,🔴 TRÁNH / BÁN,,26.37,,-8.61,-10.75,2.1400000000000006,,,,,,,,,,,,,,,False,False,False,,,,
4a13dbfcea37516d,2026-07-24,2026-07-24T03:05:37Z,2.0.0,VGI,78300.0,⚠️ YẾU DẦN,,,🟠 HẠN CHẾ / GIẢM,,24.7,,-4.16,-9.16,5.0,,,,,,,,,,,,,,,False,False,False,,,,
f6dd4ac830ce4026,2026-07-24,2026-07-24T03:05:37Z,2.0.0,VGS,17800.0,⛔ RẤT YẾU,,,🔴 TRÁNH / BÁN,,18.66,,-10.1,-15.24,5.140000000000001,,,,,,,,,,,,,,,False,False,False,,,,
0808e79c3323fefb,2026-07-24,2026-07-24T03:05:37Z,2.0.0,VGT,10800.0,⚠️ YẾU DẦN,,,🟠 HẠN CHẾ / GIẢM,,29.28,,-4.42,-5.26,0.8399999999999999,,,,,,,,,,,,,,,False,False,False,,,,
25b7b12e72a6f4fe,2026-07-24,2026-07-24T03:05:37Z,2.0.0,VHC,54300.0,⚠️ YẾU DẦN,,,🟠 HẠN CHẾ / GIẢM,,35.76,,-4.23,-5.89,1.6599999999999993,,,,,,,,,,,,,,,False,False,False,,,,
bb94d84c45e31384,2026-07-24,2026-07-24T03:05:37Z,2.0.0,VHM,131200.0,⛔ RẤT YẾU,,,🔴 TRÁNH / BÁN,,38.39,,-8.12,-11.77,3.6500000000000004,,,,,,,,,,,,,,,False,False,False,,,,
ba0866406492d7c3,2026-07-24,2026-07-24T03:05:37Z,2.0.0,VIB,14450.0,⛔ RẤT YẾU,,,🔴 TRÁNH / BÁN,,25.02,,-6.47,-10.25,3.7800000000000002,,,,,,,,,,,,,,,False,False,False,,,,
f1d6018e422d09c1,2026-07-24,2026-07-24T03:05:37Z,2.0.0,VIC,211700.0,⚠️ YẾU DẦN,,,🟠 HẠN CHẾ / GIẢM,,46.4,,-5.07,-4.21,-0.8600000000000003,,,,,,,,,,,,,,,False,False,False,,,,
60654a528d3664f8,2026-07-24,2026-07-24T03:05:37Z,2.0.0,VIX,12950.0,⛔ RẤT YẾU,,,🔴 TRÁNH / BÁN,,28.03,,-7.83,-19.31,11.479999999999999,,,,,,,,,,,,,,,False,False,False,,,,
dad394c6ba9cadaa,2026-07-24,2026-07-24T03:05:37Z,2.0.0,VJC,125000.0,⛔ RẤT YẾU,,,🔴 TRÁNH / BÁN,,30.91,,-5.66,-10.07,4.41,,,,,,,,,,,,,,,False,False,False,,,,
5f121ff7532c74dc,2026-07-24,2026-07-24T03:05:37Z,2.0.0,VND,16900.0,⚠️ YẾU DẦN,,,🟠 HẠN CHẾ / GIẢM,,42.22,,-4.25,-7.9,3.6500000000000004,,,,,,,,,,,,,,,False,False,False,,,,
4cf306256ed24884,2026-07-24,2026-07-24T03:05:37Z,2.0.0,VNM,58600.0,🌱 ĐANG HỒI,,,🟢 MUA / GIỮ,,61.29,,4.27,5.21,-0.9400000000000004,,,,,,,,,,,,,,,False,False,False,,,,
4d5622a9d774fcae,2026-07-24,2026-07-24T03:05:37Z,2.0.0,VOS,10650.0,⚠️ YẾU DẦN,,,🟠 HẠN CHẾ / GIẢM,,26.03,,-6.58,-10.5,3.92,,,,,,,,,,,,,,,False,False,False,,,,
7a1dab828f190a71,2026-07-24,2026-07-24T03:05:37Z,2.0.0,VPB,24450.0,⛔ RẤT YẾU,,,🔴 TRÁNH / BÁN,,29.44,,-5.96,-10.28,4.319999999999999,,,,,,,,,,,,,,,False,False,False,,,,
e5c2d3503f14883c,2026-07-24,2026-07-24T03:05:37Z,2.0.0,VPL,72700.0,⛔ RẤT YẾU,,,🔴 TRÁNH / BÁN,,18.55,,-11.23,-12.62,1.3899999999999988,,,,,,,,,,,,,,,False,False,False,,,,
4906aecdff56ae74,2026-07-24,2026-07-24T03:05:37Z,2.0.0,VPX,26200.0,⚠️ YẾU DẦN,,,🟠 HẠN CHẾ / GIẢM,,40.81,,-1.87,-5.92,4.05,,,,,,,,,,,,,,,False,False,False,,,,
24f2df15041a71cf,2026-07-24,2026-07-24T03:05:37Z,2.0.0,VRE,21700.0,⛔ RẤT YẾU,,,🔴 TRÁNH / BÁN,,19.12,,-13.37,-19.33,5.959999999999999,,,,,,,,,,,,,,,False,False,False,,,,
fa116b0928817e58,2026-07-24,2026-07-24T03:05:37Z,2.0.0,VSC,13950.0,⚠️ YẾU DẦN,,,🟠 HẠN CHẾ / GIẢM,,20.65,,-7.92,-16.72,8.799999999999999,,,,,,,,,,,,,,,False,False,False,,,,
08c719f6019973a4,2026-07-24,2026-07-24T03:05:37Z,2.0.0,VTO,10300.0,🔴 YẾU,,,⏳ CHỜ,,41.17,,0.49,-2.37,2.8600000000000003,,,,,,,,,,,,,,,False,False,False,,,,
8adff6fb0c23a125,2026-07-24,2026-07-24T03:05:37Z,2.0.0,VTP,47950.0,⛔ RẤT YẾU,,,🔴 TRÁNH / BÁN,,21.12,,-6.71,-10.96,4.250000000000001,,,,,,,,,,,,,,,False,False,False,,,,
