pattern_key,horizon,samples,wins,leaders,avg_return_pct,median_return_pct,avg_max_gain_pct,avg_max_drawdown_pct,best_return_pct,worst_return_pct,first_seen,last_seen,win_rate_pct,leader_rate_pct,win_rate_lower_bound_pct,knowledge_score,updated_at,module_version
WEAKENING|45-50|<-2|2-5|STRONG_NEG|NEGATIVE|<0.7|NO_G2|NO_EARLY|NO_PULL|<4,3,1,1,1,6.214689265536721,6.214689265536721,6.214689265536721,-0.7062146892655385,6.214689265536721,6.214689265536721,2026-07-27,2026-07-27,100.0,100.0,37.84475032253529,43.8945444248019,2026-07-30T05:20:32Z,2.0.0
WEAKENING|<45|-2-0|-2-0|STRONG_NEG|POSITIVE|<0.7|NO_G2|NO_EARLY|NO_PULL|<4,3,1,1,1,5.944055944055937,5.944055944055937,5.944055944055937,0.8741258741258751,5.944055944055937,5.944055944055937,2026-07-27,2026-07-27,100.0,100.0,37.84475032253529,43.81335442835766,2026-07-30T05:20:32Z,2.0.0
WEAKENING|<45|<-2|>=5|STRONG_NEG|NEGATIVE|0.7-1.0|NO_G2|NO_EARLY|NO_PULL|<4,3,10,9,0,2.507574423485285,3.4686292001189445,2.5628558562338233,0.1417735786670682,4.83516483516484,-3.606237816764135,2026-07-23,2026-07-27,90.0,0.0,71.75556986096949,33.04780690775671,2026-07-30T05:20:32Z,2.0.0
VERY_WEAK|<45|<-2|>=5|STRONG_NEG|NEGATIVE|0.7-1.0|NO_G2|NO_EARLY|NO_PULL|<4,3,27,18,5,0.7838382106378932,2.2927689594356204,2.115263578497846,-1.0702171446254807,8.818342151675495,-13.523131672597867,2026-07-23,2026-07-27,66.66666666666666,18.51851851851852,54.382389324563164,29.46999882566042,2026-07-30T05:20:32Z,2.0.0
VERY_WEAK|<45|<-2|>=5|STRONG_NEG|NEGATIVE|1.0-1.2|NO_G2|NO_EARLY|NO_PULL|<4,3,11,7,2,1.8728793706873241,3.5984848484848397,2.926079238106487,-1.4105310890137446,9.30930930930931,-5.128205128205132,2026-07-23,2026-07-27,63.63636363636363,18.181818181818183,44.436232250307576,25.208942856041073,2026-07-30T05:20:32Z,2.0.0
WEAKENING|<45|<-2|>=5|STRONG_NEG|NEGATIVE|1.0-1.2|NO_G2|NO_EARLY|NO_PULL|<4,3,6,4,1,1.878406887806359,1.8398268398268303,2.3679769176062737,-1.311411230853978,7.868020304568524,-4.3422733077905455,2026-07-23,2026-07-27,66.66666666666666,16.666666666666664,40.94013068272566,23.20220454321511,2026-07-30T05:20:32Z,2.0.0
WEAKENING|<45|<-2|-2-0|STRONG_NEG|NEGATIVE|<0.7|NO_G2|NO_EARLY|NO_PULL|<4,3,3,2,1,0.8088878759655916,1.9911504424778848,2.4617804379490607,-1.2932390370525255,5.394190871369298,-4.958677685950407,2026-07-24,2026-07-27,66.66666666666666,33.33333333333333,32.11826478303483,23.194508104687028,2026-07-30T05:20:32Z,2.0.0
WEAKENING|<45|<-2|0-2|STRONG_NEG|NEGATIVE|<0.7|NO_G2|NO_EARLY|NO_PULL|<4,3,6,4,1,1.7057958379551375,1.4235628575661075,1.9508938771708229,0.05515991498315683,5.747126436781613,-1.4705882352941124,2026-07-24,2026-07-27,66.66666666666666,16.666666666666664,40.94013068272566,23.12597402920132,2026-07-30T05:20:32Z,2.0.0
WEAKENING|<45|<-2|>=5|STRONG_NEG|NEGATIVE|1.2-1.5|NO_G2|NO_EARLY|NO_PULL|<4,3,2,1,1,1.7802998837016137,1.7802998837016137,1.888291244392759,0.8187614221631556,5.288461538461542,-1.7278617710583144,2026-07-23,2026-07-27,50.0,50.0,16.425172002989928,20.436216502525067,2026-07-30T05:20:32Z,2.0.0
VERY_WEAK|<45|<-2|0-2|STRONG_NEG|NEGATIVE|1.2-1.5|NO_G2|NO_EARLY|NO_PULL|<4,3,5,3,1,1.266843923870249,1.4814814814814836,2.3396408587361517,-0.6375893020312716,5.955334987593042,-4.320987654320985,2026-07-23,2026-07-27,60.0,20.0,33.04211243962074,20.356283468477,2026-07-30T05:20:32Z,2.0.0
VERY_WEAK|<45|<-2|>=5|STRONG_NEG|NEGATIVE|>=1.5|NO_G2|NO_EARLY|NO_PULL|<4,3,17,9,2,-0.04595853527008346,2.499999999999991,2.073754257265591,-2.1601088866168126,7.804878048780495,-8.230452674897116,2026-07-23,2026-07-27,52.94117647058824,11.76470588235294,37.864756997049255,20.178500837932944,2026-07-30T05:20:32Z,2.0.0
VERY_WEAK|<45|<-2|2-5|STRONG_NEG|NEGATIVE|<0.7|NO_G2|NO_EARLY|NO_PULL|<4,3,18,10,1,-0.18179557284852293,0.22162040818276552,1.126736950608943,-1.6634152995583535,6.698564593301426,-5.978260869565222,2026-07-23,2026-07-27,55.55555555555556,5.555555555555555,40.715022448393114,19.78696357115698,2026-07-30T05:20:32Z,2.0.0
RECOVERING|60-65|5-10|<-2|STRONG_POS|POSITIVE|0.7-1.0|NO_G2|NO_EARLY|NO_PULL|<4,3,1,1,0,3.735144312393879,3.735144312393879,3.735144312393879,1.8675721561969505,3.735144312393879,3.735144312393879,2026-07-27,2026-07-27,100.0,0.0,37.84475032253529,18.150680938859047,2026-07-30T05:20:32Z,2.0.0
NEUTRAL|45-50|<-2|-2-0|STRONG_NEG|POSITIVE|<0.7|NO_G2|NO_EARLY|NO_PULL|<4,3,1,1,0,3.3333333333333437,3.3333333333333437,3.3333333333333437,0.4761904761904745,3.3333333333333437,3.3333333333333437,2026-07-23,2026-07-23,100.0,0.0,37.84475032253529,18.030137645140886,2026-07-30T05:20:32Z,2.0.0
WEAK|45-50|<-2|0-2|STRONG_NEG|NEGATIVE|0.7-1.0|NO_G2|NO_EARLY|NO_PULL|<4,3,1,1,0,3.1381733021077274,3.1381733021077274,3.1381733021077274,0.23419203747072626,3.1381733021077274,3.1381733021077274,2026-07-27,2026-07-27,100.0,0.0,37.84475032253529,17.9715896357732,2026-07-30T05:20:32Z,2.0.0
WEAKENING|45-50|<-2|0-2|NA|NEUTRAL|NA|NO_G2|NO_EARLY|NO_PULL|NA,3,1,1,0,2.9563585171280993,2.9563585171280993,2.9563585171280993,0.187705302674801,2.9563585171280993,2.9563585171280993,2026-07-26,2026-07-26,100.0,0.0,37.84475032253529,17.91704520027931,2026-07-30T05:20:32Z,2.0.0
VERY_WEAK|<45|<-2|2-5|NA|NEUTRAL|NA|NO_G2|NO_EARLY|NO_PULL|NA,3,31,14,3,0.1849884617612915,0.0,0.4375796725823326,-1.8578650227295372,7.692307692307687,-5.706521739130432,2026-07-26,2026-07-26,45.16129032258064,9.67741935483871,34.23932094379828,17.907804923029396,2026-07-30T05:20:32Z,2.0.0
WEAKENING|45-50|-2-0|<-2|NA|NEUTRAL|NA|NO_G2|NO_EARLY|NO_PULL|NA,3,1,1,0,2.8888888888888964,2.8888888888888964,2.8888888888888964,0.7407407407407307,2.8888888888888964,2.8888888888888964,2026-07-26,2026-07-26,100.0,0.0,37.84475032253529,17.89680431180755,2026-07-30T05:20:32Z,2.0.0
NEUTRAL|<45|<-2|2-5|STRONG_NEG|POSITIVE|1.2-1.5|NO_G2|NO_EARLY|NO_PULL|<4,3,1,1,0,2.2922636103151817,2.2922636103151817,4.011461318051568,2.2922636103151817,2.2922636103151817,2.2922636103151817,2026-07-27,2026-07-27,100.0,0.0,37.84475032253529,17.889736499009075,2026-07-30T05:20:32Z,2.0.0
VERY_WEAK|<45|<-2|2-5|STRONG_NEG|NEGATIVE|0.7-1.0|NO_G2|NO_EARLY|NO_PULL|<4,3,22,11,1,0.2509160066378721,0.0693279903594135,1.1861107472508403,-1.1070471908310024,6.923076923076921,-5.147058823529416,2026-07-23,2026-07-27,50.0,4.545454545454546,36.82166496693177,17.87490714753559,2026-07-30T05:20:32Z,2.0.0
NEUTRAL|45-50|2-5|<-2|STRONG_POS|POSITIVE|>=1.5|NO_G2|NO_EARLY|NO_PULL|<4,3,1,1,0,2.777777777777768,2.777777777777768,2.777777777777768,0.3968253968253954,2.777777777777768,2.777777777777768,2026-07-27,2026-07-27,100.0,0.0,37.84475032253529,17.86347097847421,2026-07-30T05:20:32Z,2.0.0
WEAKENING|45-50|-2-0|<-2|STRONG_NEG|NEGATIVE|<0.7|NO_G2|NO_EARLY|NO_PULL|<4,3,1,1,0,2.7247956403269713,2.7247956403269713,2.7247956403269713,0.27247956403269047,2.7247956403269713,2.7247956403269713,2026-07-27,2026-07-27,100.0,0.0,37.84475032253529,17.847576337238973,2026-07-30T05:20:32Z,2.0.0
RECOVERING|60-65|2-5|<-2|STRONG_POS|POSITIVE|0.7-1.0|NO_G2|NO_EARLY|NO_PULL|<4,3,1,1,0,2.376910016977929,2.376910016977929,2.376910016977929,0.0,2.376910016977929,2.376910016977929,2026-07-24,2026-07-24,100.0,0.0,37.84475032253529,17.743210650234264,2026-07-30T05:20:32Z,2.0.0
NEUTRAL|45-50|-2-0|<-2|STRONG_NEG|POSITIVE|<0.7|NO_G2|NO_EARLY|NO_PULL|<4,3,1,1,0,2.1327014218009532,2.1327014218009532,2.8436018957346043,0.0,2.1327014218009532,2.1327014218009532,2026-07-24,2026-07-24,100.0,0.0,37.84475032253529,17.74103811907453,2026-07-30T05:20:32Z,2.0.0
RECOVERING|50-55|0-2|0-2|STRONG_POS|POSITIVE|1.0-1.2|NO_G2|NO_EARLY|NO_PULL|<4,3,1,1,0,2.2556390977443552,2.2556390977443552,2.2556390977443552,-1.5037593984962405,2.2556390977443552,2.2556390977443552,2026-07-23,2026-07-23,100.0,0.0,37.84475032253529,17.706829374464192,2026-07-30T05:20:32Z,2.0.0
VERY_WEAK|<45|<-2|>=5|STRONG_NEG|NEGATIVE|<0.7|NO_G2|NO_EARLY|NO_PULL|<4,3,32,13,5,0.06486180871136693,-0.2392344497607668,1.8473180479781113,-2.393778028932942,14.471544715447159,-7.826086956521738,2026-07-23,2026-07-27,40.625,15.625,30.221490231760477,17.7036247708323,2026-07-30T05:20:32Z,2.0.0
RECOVERING|60-65|2-5|<-2|NA|NEUTRAL|NA|NO_G2|NO_EARLY|NO_PULL|NA,3,1,1,0,1.8675721561969505,1.8675721561969505,2.376910016977929,0.0,1.8675721561969505,1.8675721561969505,2026-07-26,2026-07-26,100.0,0.0,37.84475032253529,17.641343078078066,2026-07-30T05:20:32Z,2.0.0
NEUTRAL|55-60|5-10|<-2|STRONG_POS|POSITIVE|0.7-1.0|NO_G2|NO_EARLY|NO_PULL|<4,3,1,1,0,1.7892644135188762,1.7892644135188762,1.7892644135188762,-0.994035785288272,1.7892644135188762,1.7892644135188762,2026-07-27,2026-07-27,100.0,0.0,37.84475032253529,17.566916969196544,2026-07-30T05:20:32Z,2.0.0
WEAKENING|45-50|-2-0|<-2|STRONG_NEG|POSITIVE|<0.7|NO_G2|NO_EARLY|NO_PULL|<4,3,1,1,0,1.7037037037036962,1.7037037037036962,1.7037037037036962,0.0,1.7037037037036962,1.7037037037036962,2026-07-24,2026-07-24,100.0,0.0,37.84475032253529,17.541248756251992,2026-07-30T05:20:32Z,2.0.0
WEAKENING|45-50|0-2|<-2|NEG|NEGATIVE|<0.7|NO_G2|NO_EARLY|NO_PULL|<4,3,1,1,0,1.6442451420029869,1.6442451420029869,1.6442451420029869,0.8968609865470878,1.6442451420029869,1.6442451420029869,2026-07-23,2026-07-23,100.0,0.0,37.84475032253529,17.52341118774178,2026-07-30T05:20:32Z,2.0.0
WEAK|50-55|-2-0|0-2|NA|NEUTRAL|NA|NO_G2|NO_EARLY|NO_PULL|NA,3,1,1,0,0.3816793893129722,0.3816793893129722,3.8167938931297662,0.3816793893129722,0.3816793893129722,0.3816793893129722,2026-07-26,2026-07-26,100.0,0.0,37.84475032253529,17.48815291231645,2026-07-30T05:20:32Z,2.0.0
WEAK|50-55|-2-0|0-2|STRONG_POS|NEGATIVE|0.7-1.0|NO_G2|NO_EARLY|NO_PULL|<4,3,1,1,0,0.3816793893129722,0.3816793893129722,3.8167938931297662,0.0,0.3816793893129722,0.3816793893129722,2026-07-24,2026-07-24,100.0,0.0,37.84475032253529,17.48815291231645,2026-07-30T05:20:32Z,2.0.0
NEUTRAL|50-55|0-2|-2-0|STRONG_NEG|POSITIVE|>=1.5|NO_G2|NO_EARLY|NO_PULL|<4,3,1,1,0,0.9558823529411731,0.9558823529411731,2.132352941176463,0.9558823529411731,0.9558823529411731,0.9558823529411731,2026-07-27,2026-07-27,100.0,0.0,37.84475032253529,17.434549409846763,2026-07-30T05:20:32Z,2.0.0
WEAKENING|50-55|0-2|-2-0|NEG|NEGATIVE|1.2-1.5|NO_G2|NO_EARLY|NO_PULL|<4,3,1,1,0,0.694444444444442,0.694444444444442,2.083333333333326,0.694444444444442,0.694444444444442,0.694444444444442,2026-07-23,2026-07-23,100.0,0.0,37.84475032253529,17.377359867363104,2026-07-30T05:20:32Z,2.0.0
WEAKENING|<45|<-2|2-5|STRONG_NEG|NEGATIVE|>=1.5|NO_G2|NO_EARLY|NO_PULL|<4,3,4,2,1,2.363520753150058,1.275224760644511,2.756359980639397,-0.5890909889646662,10.236966824644544,-3.3333333333333326,2026-07-23,2026-07-27,50.0,25.0,23.024149937764673,17.359207620688057,2026-07-30T05:20:32Z,2.0.0
VERY_WEAK|<45|<-2|<-2|STRONG_NEG|NEGATIVE|>=1.5|NO_G2|NO_EARLY|NO_PULL|<4,3,1,1,0,0.5563282336578546,0.5563282336578546,1.8080667593880495,0.5563282336578546,0.5563282336578546,0.5563282336578546,2026-07-23,2026-07-23,100.0,0.0,37.84475032253529,17.322209967811258,2026-07-30T05:20:32Z,2.0.0
WEAKENING|45-50|-2-0|-2-0|STRONG_NEG|NEGATIVE|1.0-1.2|NO_G2|NO_EARLY|NO_PULL|<4,3,1,1,0,0.8968609865470878,0.8968609865470878,0.8968609865470878,0.0,0.8968609865470878,0.8968609865470878,2026-07-27,2026-07-27,100.0,0.0,37.84475032253529,17.299195941105012,2026-07-30T05:20:32Z,2.0.0
WEAKENING|45-50|<-2|-2-0|STRONG_NEG|NEGATIVE|1.2-1.5|NO_G2|NO_EARLY|NO_PULL|<4,3,1,1,0,0.8502598016060459,0.8502598016060459,0.8502598016060459,0.6613131790269344,0.8502598016060459,0.8502598016060459,2026-07-23,2026-07-23,100.0,0.0,37.84475032253529,17.285215585622698,2026-07-30T05:20:32Z,2.0.0
WEAKENING|<45|<-2|<-2|NA|NEUTRAL|NA|NO_G2|NO_EARLY|NO_PULL|NA,3,1,1,0,0.8196721311475308,0.8196721311475308,0.8196721311475308,-1.2295081967213073,0.8196721311475308,0.8196721311475308,2026-07-26,2026-07-26,100.0,0.0,37.84475032253529,17.276039284485144,2026-07-30T05:20:32Z,2.0.0
RECOVERING|50-55|5-10|<-2|STRONG_POS|POSITIVE|<0.7|NO_G2|NO_EARLY|NO_PULL|<4,3,1,1,0,0.6896551724137945,0.6896551724137945,0.6896551724137945,-1.379310344827589,0.6896551724137945,0.6896551724137945,2026-07-27,2026-07-27,100.0,0.0,37.84475032253529,17.23703419686502,2026-07-30T05:20:32Z,2.0.0
RECOVERING|60-65|5-10|-2-0|STRONG_POS|POSITIVE|1.0-1.2|NO_G2|NO_EARLY|NO_PULL|<4,3,1,1,0,0.5119453924914641,0.5119453924914641,0.5119453924914641,0.5119453924914641,0.5119453924914641,0.5119453924914641,2026-07-23,2026-07-23,100.0,0.0,37.84475032253529,17.18372126288832,2026-07-30T05:20:32Z,2.0.0
NEUTRAL|<45|<-2|2-5|STRONG_NEG|POSITIVE|>=1.5|NO_G2|NO_EARLY|NO_PULL|<4,3,1,1,0,0.4901960784313708,0.4901960784313708,0.4901960784313708,-0.4901960784313708,0.4901960784313708,0.4901960784313708,2026-07-24,2026-07-24,100.0,0.0,37.84475032253529,17.177196468670296,2026-07-30T05:20:32Z,2.0.0
NEUTRAL|<45|-2-0|0-2|STRONG_NEG|POSITIVE|0.7-1.0|NO_G2|NO_EARLY|NO_PULL|<4,3,1,1,0,0.4132231404958775,0.4132231404958775,0.4132231404958775,0.4132231404958775,0.4132231404958775,0.4132231404958775,2026-07-27,2026-07-27,100.0,0.0,37.84475032253529,17.154104587289645,2026-07-30T05:20:32Z,2.0.0
WEAKENING|<45|<-2|<-2|STRONG_NEG|POSITIVE|1.0-1.2|NO_G2|NO_EARLY|NO_PULL|<4,3,1,1,0,0.2732240437158362,0.2732240437158362,0.2732240437158362,-1.2295081967213073,0.2732240437158362,0.2732240437158362,2026-07-24,2026-07-24,100.0,0.0,37.84475032253529,17.112104858255634,2026-07-30T05:20:32Z,2.0.0
NEUTRAL|<45|-2-0|-2-0|NA|NEUTRAL|NA|NO_G2|NO_EARLY|NO_PULL|NA,3,1,1,0,0.20618556701030855,0.20618556701030855,0.20618556701030855,-0.20618556701030855,0.20618556701030855,0.20618556701030855,2026-07-26,2026-07-26,100.0,0.0,37.84475032253529,17.091993315243975,2026-07-30T05:20:32Z,2.0.0
NEUTRAL|<45|-2-0|-2-0|STRONG_NEG|POSITIVE|<0.7|NO_G2|NO_EARLY|NO_PULL|<4,3,1,1,0,0.20618556701030855,0.20618556701030855,0.20618556701030855,-0.20618556701030855,0.20618556701030855,0.20618556701030855,2026-07-24,2026-07-24,100.0,0.0,37.84475032253529,17.091993315243975,2026-07-30T05:20:32Z,2.0.0
WEAK|<45|<-2|0-2|NA|NEUTRAL|NA|NO_G2|NO_EARLY|NO_PULL|NA,3,1,1,0,0.17953321364452268,0.17953321364452268,0.17953321364452268,-1.4362657091561926,0.17953321364452268,0.17953321364452268,2026-07-26,2026-07-26,100.0,0.0,37.84475032253529,17.08399760923424,2026-07-30T05:20:32Z,2.0.0
WEAKENING|45-50|-2-0|<-2|NEG|NEGATIVE|<0.7|NO_G2|NO_EARLY|NO_PULL|<4,3,1,1,0,0.06738544474393926,0.06738544474393926,0.06738544474393926,-0.20215633423180668,0.06738544474393926,0.06738544474393926,2026-07-27,2026-07-27,100.0,0.0,37.84475032253529,17.050353278564067,2026-07-30T05:20:32Z,2.0.0
WEAKENING|<45|<-2|>=5|STRONG_NEG|NEGATIVE|<0.7|NO_G2|NO_EARLY|NO_PULL|<4,3,8,4,1,0.8315483910725522,0.16111911441353266,1.9742552634428172,-2.083406857341878,9.667673716012093,-4.3010752688172005,2026-07-24,2026-07-27,50.0,12.5,29.364542863574528,16.70277949316733,2026-07-30T05:20:32Z,2.0.0
VERY_WEAK|<45|<-2|-2-0|STRONG_NEG|NEGATIVE|<0.7|NO_G2|NO_EARLY|NO_PULL|<4,3,6,3,1,-0.9764519418300255,-0.9011756876663779,1.450051347076516,-2.681101175492005,6.8511198945981455,-6.332842415316642,2026-07-24,2026-07-27,50.0,16.666666666666664,26.821147361954896,16.18589772588802,2026-07-30T05:20:32Z,2.0.0
VERY_WEAK|<45|<-2|-2-0|STRONG_NEG|NEGATIVE|0.7-1.0|NO_G2|NO_EARLY|NO_PULL|<4,3,5,3,0,-0.043923881474161416,0.7440476190476275,1.289786525765657,-2.3177055984711625,3.6144578313253017,-4.264705882352937,2026-07-23,2026-07-27,60.0,0.0,33.04211243962074,14.989144474111066,2026-07-30T05:20:32Z,2.0.0
VERY_WEAK|<45|<-2|0-2|STRONG_NEG|NEGATIVE|<0.7|NO_G2|NO_EARLY|NO_PULL|<4,3,9,4,1,-0.26064465523406083,-1.5151515151515138,1.2165882852130185,-2.019992538580512,8.358208955223878,-5.982905982905984,2026-07-23,2026-07-27,44.44444444444444,11.11111111111111,25.76255474494523,14.440457310477619,2026-07-30T05:20:32Z,2.0.0
WEAKENING|<45|<-2|2-5|STRONG_NEG|NEGATIVE|0.7-1.0|NO_G2|NO_EARLY|NO_PULL|<4,3,18,7,2,-0.43345927556550046,-1.5993411154653525,1.4099239407839397,-1.6010424728375499,12.042682926829261,-5.152671755725191,2026-07-23,2026-07-27,38.88888888888889,11.11111111111111,25.690828854591818,14.392951301309388,2026-07-30T05:20:32Z,2.0.0
WEAKENING|<45|<-2|2-5|STRONG_NEG|NEGATIVE|<0.7|NO_G2|NO_EARLY|NO_PULL|<4,3,10,5,0,0.3453790388657729,0.7462686567164201,0.9943866640309651,-0.976383130474221,3.3950617283950546,-3.214285714285714,2026-07-23,2026-07-27,50.0,0.0,31.22044448805158,14.217714493799463,2026-07-30T05:20:32Z,2.0.0
WEAKENING|<45|<-2|2-5|STRONG_NEG|NEGATIVE|1.0-1.2|NO_G2|NO_EARLY|NO_PULL|<4,3,10,5,0,-0.5616343696847714,-1.1232453009754895,1.2305794980008211,-1.7898406021477875,4.049844236760114,-5.621301775147924,2026-07-23,2026-07-27,50.0,0.0,31.22044448805158,14.059931095486338,2026-07-30T05:20:32Z,2.0.0
NEUTRAL|<45|<-2|2-5|STRONG_NEG|POSITIVE|0.7-1.0|NO_G2|NO_EARLY|NO_PULL|<4,3,3,1,1,0.04244673943670415,-2.6627218934911268,1.8633540372670805,-1.4168334823853195,5.590062111801242,-2.8000000000000025,2026-07-24,2026-07-27,33.33333333333333,33.33333333333333,10.57756361217229,13.288061710424913,2026-07-30T05:20:32Z,2.0.0
VERY_WEAK|<45|<-2|>=5|STRONG_NEG|NEGATIVE|1.2-1.5|NO_G2|NO_EARLY|NO_PULL|<4,3,8,4,0,-0.4666490478913279,-0.16408322859935986,0.46602856694191597,-1.98706533945006,3.703703703703698,-6.25,2026-07-23,2026-07-27,50.0,0.0,29.364542863574528,13.167317335724462,2026-07-30T05:20:32Z,2.0.0
VERY_WEAK|<45|<-2|-2-0|NA|NEUTRAL|NA|NO_G2|NO_EARLY|NO_PULL|NA,3,8,4,0,-1.2104004839313274,-0.5493566992014254,-0.5929903815643303,-2.7190957807055867,3.5087719298245723,-6.576402321083174,2026-07-26,2026-07-26,50.0,0.0,29.364542863574528,12.912665153665838,2026-07-30T05:20:32Z,2.0.0
VERY_WEAK|<45|<-2|0-2|NA|NEUTRAL|NA|NO_G2|NO_EARLY|NO_PULL|NA,3,13,5,1,-0.3294750316932228,-0.60606060606061,-0.145176302016544,-2.558552614335322,6.567164179104479,-4.273504273504269,2026-07-26,2026-07-26,38.46153846153847,7.6923076923076925,23.410842659572104,12.377543483344072,2026-07-30T05:20:32Z,2.0.0
VERY_WEAK|<45|<-2|0-2|STRONG_NEG|NEGATIVE|0.7-1.0|NO_G2|NO_EARLY|NO_PULL|<4,3,11,4,1,-1.0232962526816813,-2.0588235294117685,0.9475896986132785,-2.195062959421379,5.956112852664575,-5.597014925373134,2026-07-23,2026-07-27,36.36363636363637,9.090909090909092,20.706512646330406,11.480757682900949,2026-07-30T05:20:32Z,2.0.0
WEAKENING|<45|<-2|-2-0|NA|NEUTRAL|NA|NO_G2|NO_EARLY|NO_PULL|NA,3,4,2,0,0.4383503427067309,0.2079731603361834,0.4936600772200067,-2.7029621227553537,3.8167938931297662,-2.4793388429752095,2026-07-26,2026-07-26,50.0,0.0,23.024149937764673,10.49790354825745,2026-07-30T05:20:32Z,2.0.0
VERY_WEAK|<45|<-2|2-5|STRONG_NEG|NEGATIVE|1.0-1.2|NO_G2|NO_EARLY|NO_PULL|<4,3,10,4,0,0.0003088031713794237,0.0,1.0052198636959164,-1.2416000148399509,3.360215053763449,-4.255319148936165,2026-07-23,2026-07-27,40.0,0.0,22.956557897437516,10.43103480085075,2026-07-30T05:20:32Z,2.0.0
WEAK|<45|<-2|2-5|STRONG_NEG|NEGATIVE|0.7-1.0|NO_G2|NO_EARLY|NO_PULL|<4,3,4,2,0,-0.1195944943852556,0.18093556928507892,0.8275905547415419,-1.6377308573492009,2.4630541871921263,-3.3033033033033066,2026-07-23,2026-07-27,50.0,0.0,23.024149937764673,10.419707628591206,2026-07-30T05:20:32Z,2.0.0
VERY_WEAK|<45|<-2|>=5|NA|NEUTRAL|NA|NO_G2|NO_EARLY|NO_PULL|NA,3,27,8,2,-1.558889428084865,-2.893890675241162,-0.8029639313099664,-3.1547791301602324,6.5040650406503975,-5.147058823529416,2026-07-26,2026-07-26,29.629629629629626,7.4074074074074066,19.801204555057446,10.370319622879732,2026-07-30T05:20:32Z,2.0.0
WEAKENING|<45|<-2|0-2|STRONG_NEG|NEGATIVE|>=1.5|NO_G2|NO_EARLY|NO_PULL|<4,3,4,2,0,-0.47562477631904465,-0.8078803770108445,0.8571082855872103,-1.3930040470219562,2.777777777777768,-3.0645161290322576,2026-07-23,2026-07-27,50.0,0.0,23.024149937764673,10.351453345289015,2026-07-30T05:20:32Z,2.0.0
VERY_WEAK|<45|<-2|2-5|STRONG_NEG|NEGATIVE|>=1.5|NO_G2|NO_EARLY|NO_PULL|<4,3,19,6,0,-2.475072213289914,-1.7021276595744705,0.2062873814692454,-2.828322487174199,3.1900138696255187,-9.243697478991598,2026-07-23,2026-07-27,31.57894736842105,0.0,19.85149655509675,8.458787745282482,2026-07-30T05:20:32Z,2.0.0
WEAKENING|<45|<-2|2-5|STRONG_NEG|NEGATIVE|1.2-1.5|NO_G2|NO_EARLY|NO_PULL|<4,3,2,1,0,1.672623752885527,1.672623752885527,1.9948579097061492,0.20563108784885653,3.667481662591676,-0.3222341568206222,2026-07-23,2026-07-27,50.0,0.0,16.425172002989928,7.925337942893188,2026-07-30T05:20:32Z,2.0.0
VERY_WEAK|<45|<-2|2-5|STRONG_NEG|NEGATIVE|1.2-1.5|NO_G2|NO_EARLY|NO_PULL|<4,3,9,3,0,-0.6098677317347033,-0.17271157167529916,1.157901331962636,-1.184368499783857,4.516129032258065,-6.256517205422318,2026-07-23,2026-07-27,33.33333333333333,0.0,17.208933803305108,7.737836798336621,2026-07-30T05:20:32Z,2.0.0
WEAKENING|<45|<-2|0-2|STRONG_NEG|NEGATIVE|1.0-1.2|NO_G2|NO_EARLY|NO_PULL|<4,3,9,3,0,-0.6443205051610901,-0.6896551724137945,0.7857503613523984,-1.277324209837151,1.904761904761898,-4.59363957597173,2026-07-23,2026-07-27,33.33333333333333,0.0,17.208933803305108,7.69373114659032,2026-07-30T05:20:32Z,2.0.0
NEUTRAL|45-50|-2-0|<-2|NA|NEUTRAL|NA|NO_G2|NO_EARLY|NO_PULL|NA,3,2,1,0,0.503422854133756,0.503422854133756,1.0884676145339667,0.503422854133756,1.8957345971563955,-0.8888888888888835,2026-07-26,2026-07-26,50.0,0.0,16.425172002989928,7.600858733625616,2026-07-30T05:20:32Z,2.0.0
WEAKENING|45-50|<-2|-2-0|NA|NEUTRAL|NA|NO_G2|NO_EARLY|NO_PULL|NA,3,2,1,0,0.4490246595509728,0.4490246595509728,0.5806036069193943,-2.5496871549503144,4.05594405594405,-3.157894736842104,2026-07-26,2026-07-26,50.0,0.0,16.425172002989928,7.5391926939476015,2026-07-30T05:20:32Z,2.0.0
WEAKENING|45-50|<-2|-2-0|STRONG_NEG|NEGATIVE|<0.7|NO_G2|NO_EARLY|NO_PULL|<4,3,2,1,0,0.11930561451328203,0.11930561451328203,0.9584664536741228,-0.5196720212694628,1.9169329073482455,-1.6783216783216814,2026-07-24,2026-07-27,50.0,0.0,16.425172002989928,7.5110351696155355,2026-07-30T05:20:32Z,2.0.0
WEAKENING|<45|<-2|-2-0|STRONG_NEG|POSITIVE|<0.7|NO_G2|NO_EARLY|NO_PULL|<4,3,2,1,0,0.3816793893129722,0.3816793893129722,0.3816793893129722,-0.3656648694816633,0.7633587786259444,0.0,2026-07-23,2026-07-24,50.0,0.0,16.425172002989928,7.50583121813936,2026-07-30T05:20:32Z,2.0.0
WEAKENING|<45|<-2|2-5|NA|NEUTRAL|NA|NO_G2|NO_EARLY|NO_PULL|NA,3,13,4,0,-1.2294731401794627,-1.6863406408094472,-0.834735395669066,-2.7566420956726194,4.086538461538458,-5.0847457627118615,2026-07-26,2026-07-26,30.76923076923077,0.0,17.319025116571424,7.464193134854343,2026-07-30T05:20:32Z,2.0.0
WEAKENING|45-50|<-2|0-2|STRONG_NEG|NEGATIVE|0.7-1.0|NO_G2|NO_EARLY|NO_PULL|<4,3,2,1,0,-0.9856400451291492,-0.9856400451291492,0.7430833591261732,-1.1968085106382975,0.4223369310182967,-2.393617021276595,2026-07-23,2026-07-24,50.0,0.0,16.425172002989928,7.2685077282322545,2026-07-30T05:20:32Z,2.0.0
WEAK|<45|<-2|>=5|STRONG_NEG|NEGATIVE|0.7-1.0|NO_G2|NO_EARLY|NO_PULL|<4,3,2,1,0,-1.346535150465572,-1.346535150465572,0.5847953216374324,-1.346535150465572,1.1695906432748648,-3.862660944206009,2026-07-24,2026-07-27,50.0,0.0,16.425172002989928,7.180499903416097,2026-07-30T05:20:32Z,2.0.0
WEAKENING|<45|<-2|-2-0|STRONG_NEG|NEGATIVE|0.7-1.0|NO_G2|NO_EARLY|NO_PULL|<4,3,2,1,0,-1.8630409717803165,-1.8630409717803165,0.6514657980456029,-2.3516403203145186,1.3029315960912058,-5.029013539651839,2026-07-23,2026-07-24,50.0,0.0,16.425172002989928,7.0838657867939645,2026-07-30T05:20:32Z,2.0.0
VERY_WEAK|<45|<-2|-2-0|STRONG_NEG|NEGATIVE|1.0-1.2|NO_G2|NO_EARLY|NO_PULL|<4,3,2,1,0,-3.0814884063513626,-3.0814884063513626,-0.9355656595702477,-3.576537911301858,0.990099009900991,-7.153075822603716,2026-07-23,2026-07-24,50.0,0.0,16.425172002989928,6.68147315411817,2026-07-30T05:20:32Z,2.0.0
WEAKENING|<45|<-2|>=5|NA|NEUTRAL|NA|NO_G2|NO_EARLY|NO_PULL|NA,3,6,2,0,-0.4507707440644623,-0.6578947368421073,-0.3611650092974373,-3.372930241295929,3.809523809523818,-4.8387096774193505,2026-07-26,2026-07-26,33.33333333333333,0.0,14.770253477608463,6.5203434151811726,2026-07-30T05:20:32Z,2.0.0
WEAKENING|<45|<-2|0-2|STRONG_NEG|NEGATIVE|1.2-1.5|NO_G2|NO_EARLY|NO_PULL|<4,3,3,1,0,-0.3089056364697029,-0.34602076124568004,0.7339449541284404,-0.3089056364697029,0.917431192660545,-1.4981273408239737,2026-07-23,2026-07-24,33.33333333333333,0.0,10.57756361217229,4.771516993596434,2026-07-30T05:20:32Z,2.0.0
WEAKENING|<45|<-2|0-2|NA|NEUTRAL|NA|NO_G2|NO_EARLY|NO_PULL|NA,3,10,2,0,-1.1522141304360978,-0.584303820104165,-0.8944746710159646,-2.2051968312875068,1.5570934256055269,-4.529616724738672,2026-07-26,2026-07-26,20.0,0.0,8.623722078860261,3.5607846422983016,2026-07-30T05:20:32Z,2.0.0
VERY_WEAK|<45|<-2|0-2|STRONG_NEG|NEGATIVE|>=1.5|NO_G2|NO_EARLY|NO_PULL|<4,3,5,1,0,0.17663276557204677,-0.3571428571428559,1.705283799503161,-0.8012247806084826,3.7267080745341685,-1.6697588126159513,2026-07-23,2026-07-27,20.0,0.0,6.189574902876034,2.9911636393589407,2026-07-30T05:20:32Z,2.0.0
VERY_WEAK|<45|<-2|0-2|STRONG_NEG|NEGATIVE|1.0-1.2|NO_G2|NO_EARLY|NO_PULL|<4,3,5,1,0,-2.654866633626305,-2.95918367346939,0.576862536918743,-2.749803342487065,1.5822784810126667,-7.168458781362008,2026-07-23,2026-07-23,20.0,0.0,6.189574902876034,2.3120216332608283,2026-07-30T05:20:32Z,2.0.0
WEAKENING|<45|<-2|0-2|STRONG_NEG|NEGATIVE|0.7-1.0|NO_G2|NO_EARLY|NO_PULL|<4,3,12,1,0,-2.1555418045904893,-1.7992883713407737,-0.1484970965453312,-2.295899006433799,2.9197080291970767,-6.018518518518523,2026-07-23,2026-07-27,8.333333333333332,0.0,2.5270739094241814,0.6912251886682507,2026-07-30T05:20:32Z,2.0.0
WEAKENING|45-50|-2-0|<-2|POS|NEGATIVE|>=1.5|NO_G2|NO_EARLY|NO_PULL|<4,3,1,0,0,-0.22371364653244186,-0.22371364653244186,0.6711409395973256,-0.22371364653244186,-0.22371364653244186,-0.22371364653244186,2026-07-23,2026-07-23,0.0,0.0,0.0,0.022371364653244186,2026-07-30T05:20:32Z,2.0.0
NEUTRAL|<45|-2-0|2-5|STRONG_NEG|POSITIVE|0.7-1.0|NO_G2|NO_EARLY|NO_PULL|<4,3,1,0,0,0.0,0.0,0.20661157024792765,0.0,0.0,0.0,2026-07-23,2026-07-23,0.0,0.0,0.0,0.020661157024792765,2026-07-30T05:20:32Z,2.0.0
NEUTRAL|<45|<-2|2-5|STRONG_NEG|POSITIVE|1.0-1.2|NO_G2|NO_EARLY|NO_PULL|<4,3,1,0,0,0.0,0.0,0.0,-0.78125,0.0,0.0,2026-07-27,2026-07-27,0.0,0.0,0.0,0.0,2026-07-30T05:20:32Z,2.0.0
WEAKENING|<45|-2-0|-2-0|STRONG_NEG|NEGATIVE|>=1.5|NO_G2|NO_EARLY|NO_PULL|<4,3,1,0,0,0.0,0.0,0.0,0.0,0.0,0.0,2026-07-27,2026-07-27,0.0,0.0,0.0,0.0,2026-07-30T05:20:32Z,2.0.0
WEAKENING|<45|<-2|0-2|STRONG_NEG|POSITIVE|>=1.5|NO_G2|NO_EARLY|NO_PULL|<4,3,1,0,0,0.0,0.0,0.0,0.0,0.0,0.0,2026-07-23,2026-07-23,0.0,0.0,0.0,0.0,2026-07-30T05:20:32Z,2.0.0
WEAKENING|<45|0-2|<-2|STRONG_NEG|NEGATIVE|>=1.5|NO_G2|NO_EARLY|NO_PULL|<4,3,1,0,0,-0.23041474654378336,-0.23041474654378336,-0.23041474654378336,-0.9216589861751112,-0.23041474654378336,-0.23041474654378336,2026-07-27,2026-07-27,0.0,0.0,0.0,-0.069124423963135,2026-07-30T05:20:32Z,2.0.0
WEAKENING|<45|<-2|2-5|STRONG_NEG|POSITIVE|>=1.5|NO_G2|NO_EARLY|NO_PULL|<4,3,2,0,0,-0.8997578865870992,-0.8997578865870992,0.6601058854593223,-0.8997578865870992,-0.37771482530689626,-1.4218009478673022,2026-07-23,2026-07-23,0.0,0.0,0.0,-0.11394098877148762,2026-07-30T05:20:32Z,2.0.0
NEUTRAL|45-50|-2-0|<-2|NEG|POSITIVE|0.7-1.0|NO_G2|NO_EARLY|NO_PULL|<4,3,1,0,0,-0.666666666666671,-0.666666666666671,0.0,-0.8888888888888835,-0.666666666666671,-0.666666666666671,2026-07-24,2026-07-24,0.0,0.0,0.0,-0.1333333333333342,2026-07-30T05:20:32Z,2.0.0
WEAKENING|<45|-2-0|0-2|STRONG_NEG|NEGATIVE|1.2-1.5|NO_G2|NO_EARLY|NO_PULL|<4,3,1,0,0,-0.6711409395973145,-0.6711409395973145,0.0,-0.6711409395973145,-0.6711409395973145,-0.6711409395973145,2026-07-24,2026-07-24,0.0,0.0,0.0,-0.1342281879194629,2026-07-30T05:20:32Z,2.0.0
NEUTRAL|<45|<-2|0-2|STRONG_NEG|POSITIVE|0.7-1.0|NO_G2|NO_EARLY|NO_PULL|<4,3,1,0,0,-0.78125,-0.78125,0.0,-0.78125,-0.78125,-0.78125,2026-07-24,2026-07-24,0.0,0.0,0.0,-0.15625,2026-07-30T05:20:32Z,2.0.0
RECOVERING|60-65|5-10|<-2|STRONG_POS|POSITIVE|>=1.5|NO_G2|NO_EARLY|NO_PULL|<4,3,1,0,0,-1.178781925343808,-1.178781925343808,0.5893909626718985,-1.178781925343808,-1.178781925343808,-1.178781925343808,2026-07-23,2026-07-23,0.0,0.0,0.0,-0.17681728880157177,2026-07-30T05:20:32Z,2.0.0
WEAKENING|50-55|0-2|<-2|NA|NEUTRAL|NA|NO_G2|NO_EARLY|NO_PULL|NA,3,1,0,0,-0.6269592476489061,-0.6269592476489061,-0.6269592476489061,-1.8808777429467072,-0.6269592476489061,-0.6269592476489061,2026-07-26,2026-07-26,0.0,0.0,0.0,-0.18808777429467183,2026-07-30T05:20:32Z,2.0.0
RECOVERING|50-55|2-5|-2-0|STRONG_POS|POSITIVE|1.2-1.5|NO_G2|NO_EARLY|NO_PULL|<4,3,1,0,0,-1.5625,-1.5625,1.171875,-1.5625,-1.5625,-1.5625,2026-07-23,2026-07-23,0.0,0.0,0.0,-0.1953125,2026-07-30T05:20:32Z,2.0.0
NEUTRAL|50-55|2-5|<-2|POS|POSITIVE|<0.7|NO_G2|NO_EARLY|NO_PULL|<4,3,1,0,0,-1.0000000000000009,-1.0000000000000009,0.0,-1.0666666666666713,-1.0000000000000009,-1.0000000000000009,2026-07-24,2026-07-24,0.0,0.0,0.0,-0.20000000000000018,2026-07-30T05:20:32Z,2.0.0
RECOVERING|50-55|2-5|2-5|STRONG_NEG|POSITIVE|1.0-1.2|NO_G2|NO_EARLY|NO_PULL|<4,3,1,0,0,-0.691244239631339,-0.691244239631339,-0.691244239631339,-0.9216589861751112,-0.691244239631339,-0.691244239631339,2026-07-27,2026-07-27,0.0,0.0,0.0,-0.2073732718894017,2026-07-30T05:20:32Z,2.0.0
WEAKENING|50-55|2-5|<-2|POS|NEGATIVE|1.2-1.5|NO_G2|NO_EARLY|NO_PULL|<4,3,1,0,0,-1.0666666666666713,-1.0666666666666713,0.0,-1.0666666666666713,-1.0666666666666713,-1.0666666666666713,2026-07-23,2026-07-23,0.0,0.0,0.0,-0.21333333333333426,2026-07-30T05:20:32Z,2.0.0
NEUTRAL|<45|<-2|<-2|NA|NEUTRAL|NA|NO_G2|NO_EARLY|NO_PULL|NA,3,1,0,0,-0.7518796992481258,-0.7518796992481258,-0.7518796992481258,-3.007518796992481,-0.7518796992481258,-0.7518796992481258,2026-07-26,2026-07-26,0.0,0.0,0.0,-0.22556390977443774,2026-07-30T05:20:32Z,2.0.0
NEUTRAL|<45|<-2|>=5|STRONG_NEG|POSITIVE|>=1.5|NO_G2|NO_EARLY|NO_PULL|<4,3,1,0,0,-1.1428571428571455,-1.1428571428571455,0.0,-2.285714285714291,-1.1428571428571455,-1.1428571428571455,2026-07-24,2026-07-24,0.0,0.0,0.0,-0.2285714285714291,2026-07-30T05:20:32Z,2.0.0
RECOVERING|50-55|2-5|<-2|NA|NEUTRAL|NA|NO_G2|NO_EARLY|NO_PULL|NA,3,1,0,0,-0.7722007722007707,-0.7722007722007707,-0.7722007722007707,-2.7027027027026973,-0.7722007722007707,-0.7722007722007707,2026-07-26,2026-07-26,0.0,0.0,0.0,-0.2316602316602312,2026-07-30T05:20:32Z,2.0.0
WEAKENING|50-55|0-2|<-2|NEG|NEGATIVE|<0.7|NO_G2|NO_EARLY|NO_PULL|<4,3,1,0,0,-1.253918495297801,-1.253918495297801,0.0,-1.8808777429467072,-1.253918495297801,-1.253918495297801,2026-07-24,2026-07-24,0.0,0.0,0.0,-0.2507836990595602,2026-07-30T05:20:32Z,2.0.0
WEAKENING|<45|<-2|>=5|STRONG_NEG|NEGATIVE|>=1.5|NO_G2|NO_EARLY|NO_PULL|<4,3,2,0,0,-2.00758876731596,-2.00758876731596,1.2478942806208426,-2.00758876731596,-1.0189228529839833,-2.9962546816479363,2026-07-23,2026-07-23,0.0,0.0,0.0,-0.2767283254011077,2026-07-30T05:20:32Z,2.0.0
WEAK|<45|<-2|0-2|STRONG_NEG|NEGATIVE|<0.7|NO_G2|NO_EARLY|NO_PULL|<4,3,1,0,0,-1.4362657091561926,-1.4362657091561926,0.0,-1.4362657091561926,-1.4362657091561926,-1.4362657091561926,2026-07-24,2026-07-24,0.0,0.0,0.0,-0.2872531418312385,2026-07-30T05:20:32Z,2.0.0
RECOVERING|55-60|2-5|<-2|STRONG_POS|POSITIVE|>=1.5|NO_G2|NO_EARLY|NO_PULL|<4,3,1,0,0,-1.6326530612244872,-1.6326530612244872,0.0,-1.6326530612244872,-1.6326530612244872,-1.6326530612244872,2026-07-24,2026-07-24,0.0,0.0,0.0,-0.32653061224489743,2026-07-30T05:20:32Z,2.0.0
NEUTRAL|<45|<-2|>=5|NA|NEUTRAL|NA|NO_G2|NO_EARLY|NO_PULL|NA,3,1,0,0,-1.1428571428571455,-1.1428571428571455,-1.1428571428571455,-2.285714285714291,-1.1428571428571455,-1.1428571428571455,2026-07-26,2026-07-26,0.0,0.0,0.0,-0.34285714285714364,2026-07-30T05:20:32Z,2.0.0
VERY_WEAK|<45|<-2|<-2|STRONG_NEG|NEGATIVE|0.7-1.0|NO_G2|NO_EARLY|NO_PULL|<4,3,1,0,0,-1.7543859649122862,-1.7543859649122862,0.0,-2.631578947368418,-1.7543859649122862,-1.7543859649122862,2026-07-24,2026-07-24,0.0,0.0,0.0,-0.35087719298245723,2026-07-30T05:20:32Z,2.0.0
NEUTRAL|<45|<-2|0-2|NA|NEUTRAL|NA|NO_G2|NO_EARLY|NO_PULL|NA,3,2,0,0,-1.1737089201877937,-1.1737089201877937,-1.1737089201877937,-2.38593016431925,0.0,-2.3474178403755874,2026-07-26,2026-07-26,0.0,0.0,0.0,-0.3521126760563381,2026-07-30T05:20:32Z,2.0.0
NEUTRAL|50-55|2-5|<-2|NA|NEUTRAL|NA|NO_G2|NO_EARLY|NO_PULL|NA,3,1,0,0,-1.2666666666666715,-1.2666666666666715,-1.0000000000000009,-1.2666666666666715,-1.2666666666666715,-1.2666666666666715,2026-07-26,2026-07-26,0.0,0.0,0.0,-0.3533333333333344,2026-07-30T05:20:32Z,2.0.0
WEAKENING|45-50|-2-0|-2-0|STRONG_NEG|NEGATIVE|0.7-1.0|NO_G2|NO_EARLY|NO_PULL|<4,3,1,0,0,-1.2861736334405127,-1.2861736334405127,-0.9646302250803873,-1.6077170418006381,-1.2861736334405127,-1.2861736334405127,2026-07-27,2026-07-27,0.0,0.0,0.0,-0.3536977491961413,2026-07-30T05:20:32Z,2.0.0
WEAKENING|45-50|<-2|0-2|STRONG_NEG|NEGATIVE|<0.7|NO_G2|NO_EARLY|NO_PULL|<4,3,1,0,0,-1.2269938650306789,-1.2269938650306789,-1.2269938650306789,-1.8404907975460127,-1.2269938650306789,-1.2269938650306789,2026-07-23,2026-07-23,0.0,0.0,0.0,-0.36809815950920366,2026-07-30T05:20:32Z,2.0.0
WEAKENING|50-55|-2-0|<-2|POS|NEGATIVE|0.7-1.0|NO_G2|NO_EARLY|NO_PULL|<4,3,1,0,0,-1.8808777429467072,-1.8808777429467072,0.0,-1.8808777429467072,-1.8808777429467072,-1.8808777429467072,2026-07-23,2026-07-23,0.0,0.0,0.0,-0.37617554858934144,2026-07-30T05:20:32Z,2.0.0
NEUTRAL|55-60|5-10|<-2|STRONG_POS|POSITIVE|>=1.5|NO_G2|NO_EARLY|NO_PULL|<4,3,1,0,0,-1.2867647058823484,-1.2867647058823484,-1.2867647058823484,-3.308823529411764,-1.2867647058823484,-1.2867647058823484,2026-07-27,2026-07-27,0.0,0.0,0.0,-0.3860294117647045,2026-07-30T05:20:32Z,2.0.0
WEAK|<45|<-2|>=5|NA|NEUTRAL|NA|NO_G2|NO_EARLY|NO_PULL|NA,3,1,0,0,-1.2875536480686733,-1.2875536480686733,-1.2875536480686733,-3.862660944206009,-1.2875536480686733,-1.2875536480686733,2026-07-26,2026-07-26,0.0,0.0,0.0,-0.386266094420602,2026-07-30T05:20:32Z,2.0.0
NEUTRAL|55-60|5-10|<-2|NA|NEUTRAL|NA|NO_G2|NO_EARLY|NO_PULL|NA,3,1,0,0,-1.3671875,-1.3671875,-1.3671875,-2.734375,-1.3671875,-1.3671875,2026-07-26,2026-07-26,0.0,0.0,0.0,-0.41015625,2026-07-30T05:20:32Z,2.0.0
NEUTRAL|<45|<-2|<-2|NEG|POSITIVE|<0.7|NO_G2|NO_EARLY|NO_PULL|<4,3,1,0,0,-2.2556390977443663,-2.2556390977443663,0.0,-3.007518796992481,-2.2556390977443663,-2.2556390977443663,2026-07-24,2026-07-24,0.0,0.0,0.0,-0.45112781954887327,2026-07-30T05:20:32Z,2.0.0
RECOVERING|50-55|2-5|<-2|STRONG_POS|POSITIVE|>=1.5|NO_G2|NO_EARLY|NO_PULL|<4,3,1,0,0,-2.316602316602312,-2.316602316602312,0.0,-2.7027027027026973,-2.316602316602312,-2.316602316602312,2026-07-24,2026-07-24,0.0,0.0,0.0,-0.4633204633204624,2026-07-30T05:20:32Z,2.0.0
NEUTRAL|55-60|5-10|<-2|STRONG_POS|POSITIVE|<0.7|NO_G2|NO_EARLY|NO_PULL|<4,3,1,0,0,-2.734375,-2.734375,0.0,-2.734375,-2.734375,-2.734375,2026-07-24,2026-07-24,0.0,0.0,0.0,-0.546875,2026-07-30T05:20:32Z,2.0.0
WEAKENING|45-50|<-2|-2-0|STRONG_NEG|NEGATIVE|1.0-1.2|NO_G2|NO_EARLY|NO_PULL|<4,3,1,0,0,-2.894736842105261,-2.894736842105261,0.0,-3.421052631578947,-2.894736842105261,-2.894736842105261,2026-07-24,2026-07-24,0.0,0.0,0.0,-0.5789473684210522,2026-07-30T05:20:32Z,2.0.0
WEAKENING|<45|<-2|<-2|STRONG_POS|POSITIVE|0.7-1.0|NO_G2|NO_EARLY|NO_PULL|<4,3,1,0,0,-3.007518796992481,-3.007518796992481,0.0,-3.007518796992481,-3.007518796992481,-3.007518796992481,2026-07-23,2026-07-23,0.0,0.0,0.0,-0.6015037593984962,2026-07-30T05:20:32Z,2.0.0
NEUTRAL|<45|<-2|2-5|NA|NEUTRAL|NA|NO_G2|NO_EARLY|NO_PULL|NA,3,3,0,0,-2.571597633136095,-2.51479289940828,-1.3415322736589703,-3.277402637583634,0.0,-5.200000000000005,2026-07-26,2026-07-26,0.0,0.0,0.0,-0.6484727539931161,2026-07-30T05:20:32Z,2.0.0
NEUTRAL|<45|<-2|0-2|STRONG_NEG|POSITIVE|<0.7|NO_G2|NO_EARLY|NO_PULL|<4,3,1,0,0,-3.2863849765258246,-3.2863849765258246,0.0,-3.9906103286384997,-3.2863849765258246,-3.2863849765258246,2026-07-24,2026-07-24,0.0,0.0,0.0,-0.6572769953051649,2026-07-30T05:20:32Z,2.0.0
WEAK|<45|<-2|2-5|STRONG_NEG|NEGATIVE|1.0-1.2|NO_G2|NO_EARLY|NO_PULL|<4,3,1,0,0,-3.5377358490566,-3.5377358490566,0.4716981132075526,-3.5377358490566,-3.5377358490566,-3.5377358490566,2026-07-23,2026-07-23,0.0,0.0,0.0,-0.6603773584905648,2026-07-30T05:20:32Z,2.0.0
RECOVERING|55-60|2-5|<-2|NA|NEUTRAL|NA|NO_G2|NO_EARLY|NO_PULL|NA,3,1,0,0,-2.7210884353741527,-2.7210884353741527,-1.3605442176870763,-2.7210884353741527,-2.7210884353741527,-2.7210884353741527,2026-07-26,2026-07-26,0.0,0.0,0.0,-0.6802721088435382,2026-07-30T05:20:32Z,2.0.0
NEUTRAL|<45|-2-0|0-2|STRONG_NEG|POSITIVE|1.2-1.5|NO_G2|NO_EARLY|NO_PULL|<4,3,1,0,0,-3.585657370517925,-3.585657370517925,-0.3984063745019917,-3.585657370517925,-3.585657370517925,-3.585657370517925,2026-07-23,2026-07-23,0.0,0.0,0.0,-0.7569721115537842,2026-07-30T05:20:32Z,2.0.0
WEAKENING|<45|-2-0|0-2|STRONG_NEG|NEGATIVE|>=1.5|NO_G2|NO_EARLY|NO_PULL|<4,3,2,0,0,-3.7984161267098635,-3.7984161267098635,-0.11735061195104479,-3.7984161267098635,-1.3333333333333308,-6.263498920086397,2026-07-23,2026-07-23,0.0,0.0,0.0,-0.7714182865370772,2026-07-30T05:20:32Z,2.0.0
VERY_WEAK|<45|<-2|<-2|STRONG_NEG|NEGATIVE|<0.7|NO_G2|NO_EARLY|NO_PULL|<4,3,1,0,0,-3.953488372093028,-3.953488372093028,0.0,-6.279069767441858,-3.953488372093028,-3.953488372093028,2026-07-24,2026-07-24,0.0,0.0,0.0,-0.7906976744186056,2026-07-30T05:20:32Z,2.0.0
WEAK|<45|-2-0|0-2|STRONG_NEG|NEGATIVE|<0.7|NO_G2|NO_EARLY|NO_PULL|<4,3,1,0,0,-4.0000000000000036,-4.0000000000000036,0.0,-4.0000000000000036,-4.0000000000000036,-4.0000000000000036,2026-07-24,2026-07-24,0.0,0.0,0.0,-0.8000000000000007,2026-07-30T05:20:32Z,2.0.0
WEAKENING|50-55|<-2|0-2|STRONG_NEG|NEGATIVE|<0.7|NO_G2|NO_EARLY|NO_PULL|<4,3,1,0,0,-3.013698630136985,-3.013698630136985,-2.0547945205479423,-3.013698630136985,-3.013698630136985,-3.013698630136985,2026-07-23,2026-07-23,0.0,0.0,0.0,-0.8082191780821912,2026-07-30T05:20:32Z,2.0.0
VERY_WEAK|<45|<-2|-2-0|STRONG_NEG|NEGATIVE|1.2-1.5|NO_G2|NO_EARLY|NO_PULL|<4,3,2,0,0,-3.6753908611902917,-3.6753908611902917,-1.5011290859956339,-3.6753908611902917,-1.468428781204112,-5.882352941176472,2026-07-23,2026-07-23,0.0,0.0,0.0,-0.8851910808376218,2026-07-30T05:20:32Z,2.0.0
VERY_WEAK|<45|<-2|<-2|NA|NEUTRAL|NA|NO_G2|NO_EARLY|NO_PULL|NA,3,2,0,0,-3.4054127566979453,-3.4054127566979453,-2.7077383380932964,-4.455324357405138,-1.4619883040935644,-5.348837209302326,2026-07-26,2026-07-26,0.0,0.0,0.0,-0.9518563851489188,2026-07-30T05:20:32Z,2.0.0
VERY_WEAK|<45|<-2|-2-0|STRONG_NEG|NEGATIVE|>=1.5|NO_G2|NO_EARLY|NO_PULL|<4,3,3,0,0,-3.7825275851749995,-2.857142857142858,-2.134579998599255,-4.099987902635315,-1.0830324909747335,-7.4074074074074066,2026-07-23,2026-07-23,0.0,0.0,0.0,-0.9699635168949254,2026-07-30T05:20:32Z,2.0.0
WEAK|<45|<-2|2-5|NA|NEUTRAL|NA|NO_G2|NO_EARLY|NO_PULL|NA,3,1,0,0,-3.6036036036036,-3.6036036036036,-3.3033033033033066,-5.405405405405405,-3.6036036036036,-3.6036036036036,2026-07-26,2026-07-26,0.0,0.0,0.0,-1.0510510510510507,2026-07-30T05:20:32Z,2.0.0
WEAKENING|<45|<-2|>=5|STRONG_NEG|POSITIVE|<0.7|NO_G2|NO_EARLY|NO_PULL|<4,3,2,0,0,-4.504048582995951,-4.504048582995951,-1.8315018315018305,-6.8066801619433175,-1.3157894736842146,-7.692307692307687,2026-07-23,2026-07-24,0.0,0.0,0.0,-1.0839598997493733,2026-07-30T05:20:32Z,2.0.0
VERY_WEAK|<45|<-2|<-2|STRONG_NEG|NEGATIVE|1.0-1.2|NO_G2|NO_EARLY|NO_PULL|<4,3,2,0,0,-5.135886867062095,-5.135886867062095,-0.7204852384303462,-5.135886867062095,-2.9154518950437303,-7.35632183908046,2026-07-23,2026-07-23,0.0,0.0,0.0,-1.0992258972554536,2026-07-30T05:20:32Z,2.0.0
WEAKENING|<45|-2-0|0-2|NA|NEUTRAL|NA|NO_G2|NO_EARLY|NO_PULL|NA,3,2,0,0,-4.099011330013713,-4.099011330013713,-3.6689038031319896,-4.099011330013713,-0.6711409395973145,-7.5268817204301115,2026-07-26,2026-07-26,0.0,0.0,0.0,-1.1866926463159415,2026-07-30T05:20:32Z,2.0.0
WEAK|<45|-2-0|0-2|NA|NEUTRAL|NA|NO_G2|NO_EARLY|NO_PULL|NA,3,1,0,0,-4.400000000000004,-4.400000000000004,-3.200000000000003,-4.400000000000004,-4.400000000000004,-4.400000000000004,2026-07-26,2026-07-26,0.0,0.0,0.0,-1.200000000000001,2026-07-30T05:20:32Z,2.0.0
WEAKENING|<45|-2-0|0-2|STRONG_NEG|NEGATIVE|1.0-1.2|NO_G2|NO_EARLY|NO_PULL|<4,3,1,0,0,-7.311827956989248,-7.311827956989248,0.0,-7.311827956989248,-7.311827956989248,-7.311827956989248,2026-07-24,2026-07-24,0.0,0.0,0.0,-1.4623655913978497,2026-07-30T05:20:32Z,2.0.0
WEAKENING|<45|<-2|>=5|STRONG_NEG|POSITIVE|>=1.5|NO_G2|NO_EARLY|NO_PULL|<4,3,1,0,0,-7.5268817204301115,-7.5268817204301115,-3.584229390681004,-7.5268817204301115,-7.5268817204301115,-7.5268817204301115,2026-07-23,2026-07-23,0.0,0.0,0.0,-1.8637992831541228,2026-07-30T05:20:32Z,2.0.0
WEAKENING|50-55|<-2|>=5|STRONG_NEG|NEGATIVE|<0.7|NO_G2|NO_EARLY|NO_PULL|<4,3,1,0,0,-8.965517241379306,-8.965517241379306,-3.4482758620689613,-8.965517241379306,-8.965517241379306,-8.965517241379306,2026-07-23,2026-07-23,0.0,0.0,0.0,-2.137931034482757,2026-07-30T05:20:32Z,2.0.0
NEUTRAL|<45|<-2|>=5|STRONG_NEG|POSITIVE|1.0-1.2|NO_G2|NO_EARLY|NO_PULL|<4,3,1,0,0,-10.309278350515461,-10.309278350515461,-4.123711340206182,-10.309278350515461,-10.309278350515461,-10.309278350515461,2026-07-23,2026-07-23,0.0,0.0,0.0,-2.4742268041237105,2026-07-30T05:20:32Z,2.0.0
WEAKENING|<45|<-2|>=5|STRONG_NEG|POSITIVE|1.0-1.2|NO_G2|NO_EARLY|NO_PULL|<4,3,1,0,0,-11.180124223602483,-11.180124223602483,-5.590062111801242,-11.180124223602483,-11.180124223602483,-11.180124223602483,2026-07-23,2026-07-23,0.0,0.0,0.0,-2.795031055900621,2026-07-30T05:20:32Z,2.0.0
VERY_WEAK|<45|<-2|2-5|STRONG_NEG|NEGATIVE|0.7-1.0|NO_G2|NO_EARLY|NO_PULL|<4,5,19,14,3,3.1111302384608113,3.079710144927539,3.4691513686032405,-1.2732855539522707,13.076923076923075,-1.8404907975460127,2026-07-23,2026-07-24,73.68421052631578,15.789473684210526,59.23682812776436,31.57308226309908,2026-07-30T05:20:32Z,2.0.0
WEAKENING|<45|<-2|0-2|STRONG_NEG|NEGATIVE|1.2-1.5|NO_G2|NO_EARLY|NO_PULL|<4,5,3,3,0,1.9770206450850407,2.3853211009174258,1.9770206450850407,-0.37006771598040444,2.422145328719716,1.1235955056179803,2026-07-23,2026-07-24,100.0,0.0,64.62210351258764,29.673052774189955,2026-07-30T05:20:32Z,2.0.0
WEAKENING|<45|<-2|-2-0|STRONG_NEG|POSITIVE|<0.7|NO_G2|NO_EARLY|NO_PULL|<4,5,2,2,0,4.2451822986174115,4.2451822986174115,4.2451822986174115,-0.3656648694816633,5.343511450381677,3.1468531468531458,2026-07-23,2026-07-24,100.0,0.0,54.909236998847554,25.982711339066626,2026-07-30T05:20:32Z,2.0.0
WEAKENING|<45|<-2|2-5|STRONG_NEG|POSITIVE|>=1.5|NO_G2|NO_EARLY|NO_PULL|<4,5,2,2,0,2.98076966108598,2.98076966108598,2.98076966108598,-0.8997578865870992,3.3175355450236976,2.6440037771482627,2026-07-23,2026-07-23,100.0,0.0,54.909236998847554,25.603387547807195,2026-07-30T05:20:32Z,2.0.0
WEAKENING|45-50|<-2|-2-0|STRONG_NEG|NEGATIVE|<0.7|NO_G2|NO_EARLY|NO_PULL|<4,5,1,1,0,5.174825174825171,5.174825174825171,5.174825174825171,-1.6783216783216814,5.174825174825171,5.174825174825171,2026-07-24,2026-07-24,100.0,0.0,37.84475032253529,18.582585197588433,2026-07-30T05:20:32Z,2.0.0
WEAKENING|<45|<-2|<-2|STRONG_NEG|POSITIVE|1.0-1.2|NO_G2|NO_EARLY|NO_PULL|<4,5,1,1,0,4.098360655737698,4.098360655737698,4.098360655737698,-1.2295081967213073,4.098360655737698,4.098360655737698,2026-07-24,2026-07-24,100.0,0.0,37.84475032253529,18.259645841862195,2026-07-30T05:20:32Z,2.0.0
WEAKENING|45-50|0-2|<-2|NEG|NEGATIVE|<0.7|NO_G2|NO_EARLY|NO_PULL|<4,5,1,1,0,3.811659192825112,3.811659192825112,3.811659192825112,0.8968609865470878,3.811659192825112,3.811659192825112,2026-07-23,2026-07-23,100.0,0.0,37.84475032253529,18.173635402988417,2026-07-30T05:20:32Z,2.0.0
RECOVERING|60-65|2-5|<-2|STRONG_POS|POSITIVE|0.7-1.0|NO_G2|NO_EARLY|NO_PULL|<4,5,1,1,0,3.735144312393879,3.735144312393879,3.735144312393879,0.0,3.735144312393879,3.735144312393879,2026-07-24,2026-07-24,100.0,0.0,37.84475032253529,18.150680938859047,2026-07-30T05:20:32Z,2.0.0
WEAKENING|45-50|<-2|-2-0|STRONG_NEG|NEGATIVE|1.2-1.5|NO_G2|NO_EARLY|NO_PULL|<4,5,1,1,0,3.637222484648084,3.637222484648084,3.637222484648084,0.6613131790269344,3.637222484648084,3.637222484648084,2026-07-23,2026-07-23,100.0,0.0,37.84475032253529,18.121304390535308,2026-07-30T05:20:32Z,2.0.0
WEAK|50-55|-2-0|0-2|STRONG_POS|NEGATIVE|0.7-1.0|NO_G2|NO_EARLY|NO_PULL|<4,5,1,1,0,2.4809160305343525,2.4809160305343525,3.8167938931297662,0.0,2.4809160305343525,2.4809160305343525,2026-07-24,2026-07-24,100.0,0.0,37.84475032253529,17.90800024056073,2026-07-30T05:20:32Z,2.0.0
NEUTRAL|45-50|<-2|-2-0|STRONG_NEG|POSITIVE|<0.7|NO_G2|NO_EARLY|NO_PULL|<4,5,1,1,0,2.3809523809523725,2.3809523809523725,3.3333333333333437,0.4761904761904745,2.3809523809523725,2.3809523809523725,2026-07-23,2026-07-23,100.0,0.0,37.84475032253529,17.839661454664693,2026-07-30T05:20:32Z,2.0.0
VERY_WEAK|<45|<-2|<-2|STRONG_NEG|NEGATIVE|>=1.5|NO_G2|NO_EARLY|NO_PULL|<4,5,1,1,0,2.6425591098748313,2.6425591098748313,2.6425591098748313,0.5563282336578546,2.6425591098748313,2.6425591098748313,2026-07-23,2026-07-23,100.0,0.0,37.84475032253529,17.822905378103332,2026-07-30T05:20:32Z,2.0.0
RECOVERING|60-65|5-10|-2-0|STRONG_POS|POSITIVE|1.0-1.2|NO_G2|NO_EARLY|NO_PULL|<4,5,1,1,0,2.3890784982935065,2.3890784982935065,2.901023890784993,0.5119453924914641,2.3890784982935065,2.3890784982935065,2026-07-23,2026-07-23,100.0,0.0,37.84475032253529,17.798055733878083,2026-07-30T05:20:32Z,2.0.0
NEUTRAL|45-50|-2-0|<-2|STRONG_NEG|POSITIVE|<0.7|NO_G2|NO_EARLY|NO_PULL|<4,5,1,1,0,2.1327014218009532,2.1327014218009532,2.8436018957346043,0.0,2.1327014218009532,2.1327014218009532,2026-07-24,2026-07-24,100.0,0.0,37.84475032253529,17.74103811907453,2026-07-30T05:20:32Z,2.0.0
WEAKENING|45-50|-2-0|<-2|STRONG_NEG|POSITIVE|<0.7|NO_G2|NO_EARLY|NO_PULL|<4,5,1,1,0,1.7037037037036962,1.7037037037036962,2.8888888888888964,0.0,1.7037037037036962,1.7037037037036962,2026-07-24,2026-07-24,100.0,0.0,37.84475032253529,17.65976727477051,2026-07-30T05:20:32Z,2.0.0
NEUTRAL|<45|<-2|2-5|STRONG_NEG|POSITIVE|>=1.5|NO_G2|NO_EARLY|NO_PULL|<4,5,1,1,0,1.9607843137254832,1.9607843137254832,1.9607843137254832,-0.4901960784313708,1.9607843137254832,1.9607843137254832,2026-07-24,2026-07-24,100.0,0.0,37.84475032253529,17.618372939258528,2026-07-30T05:20:32Z,2.0.0
WEAKENING|50-55|<-2|0-2|STRONG_NEG|NEGATIVE|<0.7|NO_G2|NO_EARLY|NO_PULL|<4,5,1,1,0,1.9178082191780854,1.9178082191780854,1.9178082191780854,-3.698630136986303,1.9178082191780854,1.9178082191780854,2026-07-23,2026-07-23,100.0,0.0,37.84475032253529,17.60548011089431,2026-07-30T05:20:32Z,2.0.0
WEAKENING|45-50|<-2|0-2|STRONG_NEG|NEGATIVE|<0.7|NO_G2|NO_EARLY|NO_PULL|<4,5,1,1,0,1.4314928425357865,1.4314928425357865,1.6359918200409052,-1.8404907975460127,1.4314928425357865,1.4314928425357865,2026-07-23,2026-07-23,100.0,0.0,37.84475032253529,17.48003539565213,2026-07-30T05:20:32Z,2.0.0
WEAKENING|<45|<-2|2-5|STRONG_NEG|NEGATIVE|1.2-1.5|NO_G2|NO_EARLY|NO_PULL|<4,5,1,1,0,1.1815252416756072,1.1815252416756072,1.1815252416756072,-0.3222341568206222,1.1815252416756072,1.1815252416756072,2026-07-23,2026-07-23,100.0,0.0,37.84475032253529,17.384595217643565,2026-07-30T05:20:32Z,2.0.0
WEAK|<45|<-2|>=5|STRONG_NEG|NEGATIVE|0.7-1.0|NO_G2|NO_EARLY|NO_PULL|<4,5,1,1,0,0.8583690987124415,0.8583690987124415,0.8583690987124415,-3.862660944206009,0.8583690987124415,0.8583690987124415,2026-07-24,2026-07-24,100.0,0.0,37.84475032253529,17.287648374754614,2026-07-30T05:20:32Z,2.0.0
RECOVERING|50-55|2-5|-2-0|STRONG_POS|POSITIVE|1.2-1.5|NO_G2|NO_EARLY|NO_PULL|<4,5,1,1,0,0.390625,0.390625,1.171875,-1.5625,0.390625,0.390625,2026-07-23,2026-07-23,100.0,0.0,37.84475032253529,17.225450145140883,2026-07-30T05:20:32Z,2.0.0
WEAK|<45|<-2|0-2|STRONG_NEG|NEGATIVE|<0.7|NO_G2|NO_EARLY|NO_PULL|<4,5,1,1,0,0.538599640933568,0.538599640933568,0.538599640933568,-1.4362657091561926,0.538599640933568,0.538599640933568,2026-07-24,2026-07-24,100.0,0.0,37.84475032253529,17.191717537420953,2026-07-30T05:20:32Z,2.0.0
WEAKENING|<45|<-2|>=5|STRONG_NEG|NEGATIVE|1.2-1.5|NO_G2|NO_EARLY|NO_PULL|<4,5,1,1,0,0.4319654427645814,0.4319654427645814,0.4319654427645814,-1.7278617710583144,0.4319654427645814,0.4319654427645814,2026-07-23,2026-07-23,100.0,0.0,37.84475032253529,17.15972727797026,2026-07-30T05:20:32Z,2.0.0
NEUTRAL|<45|-2-0|2-5|STRONG_NEG|POSITIVE|0.7-1.0|NO_G2|NO_EARLY|NO_PULL|<4,5,1,1,0,0.4132231404958775,0.4132231404958775,0.4132231404958775,0.0,0.4132231404958775,0.4132231404958775,2026-07-23,2026-07-23,100.0,0.0,37.84475032253529,17.154104587289645,2026-07-30T05:20:32Z,2.0.0
NEUTRAL|<45|-2-0|-2-0|STRONG_NEG|POSITIVE|<0.7|NO_G2|NO_EARLY|NO_PULL|<4,5,1,1,0,0.20618556701030855,0.20618556701030855,0.20618556701030855,-0.20618556701030855,0.20618556701030855,0.20618556701030855,2026-07-24,2026-07-24,100.0,0.0,37.84475032253529,17.091993315243975,2026-07-30T05:20:32Z,2.0.0
VERY_WEAK|<45|<-2|0-2|STRONG_NEG|NEGATIVE|<0.7|NO_G2|NO_EARLY|NO_PULL|<4,5,8,4,1,0.9814294186740471,1.1480251382204376,1.7935602105338329,-3.0349654826010917,6.567164179104479,-5.1724137931034475,2026-07-23,2026-07-24,50.0,12.5,29.364542863574528,16.71468619339673,2026-07-30T05:20:32Z,2.0.0
VERY_WEAK|<45|<-2|2-5|STRONG_NEG|NEGATIVE|1.0-1.2|NO_G2|NO_EARLY|NO_PULL|<4,5,7,4,0,1.3375234999880738,1.4084507042253502,2.304255849886786,-1.816527046112672,6.707317073170738,-4.78723404255319,2026-07-23,2026-07-24,57.14285714285714,0.0,34.16970536209066,15.87429769792709,2026-07-30T05:20:32Z,2.0.0
VERY_WEAK|<45|<-2|>=5|STRONG_NEG|NEGATIVE|<0.7|NO_G2|NO_EARLY|NO_PULL|<4,5,22,9,2,0.25050596615155557,-0.7968948035487922,1.9945108917444008,-4.036270154425308,10.95890410958904,-6.854838709677424,2026-07-23,2026-07-24,40.909090909090914,9.090909090909092,28.56655303636763,15.377228421497458,2026-07-30T05:20:32Z,2.0.0
VERY_WEAK|<45|<-2|-2-0|STRONG_NEG|NEGATIVE|<0.7|NO_G2|NO_EARLY|NO_PULL|<4,5,5,3,0,1.0260403922058314,0.9316770186335477,2.1382688086676316,-3.5301630555319585,6.315789473684208,-3.2400589101620025,2026-07-24,2026-07-24,60.0,0.0,33.04211243962074,15.287985557137263,2026-07-30T05:20:32Z,2.0.0
VERY_WEAK|<45|<-2|-2-0|STRONG_NEG|NEGATIVE|0.7-1.0|NO_G2|NO_EARLY|NO_PULL|<4,5,3,2,0,1.1555070746247176,2.4038461538461453,1.7437423687423663,-2.455334697981759,2.8273809523809534,-1.764705882352946,2026-07-23,2026-07-24,66.66666666666666,0.0,32.11826478303483,14.858694804164854,2026-07-30T05:20:32Z,2.0.0
WEAKENING|<45|<-2|0-2|STRONG_NEG|NEGATIVE|<0.7|NO_G2|NO_EARLY|NO_PULL|<4,5,3,2,0,0.43505936363078906,0.5630630630630629,0.43505936363078906,-1.30064720400855,0.7421150278293043,0.0,2026-07-24,2026-07-24,66.66666666666666,0.0,32.11826478303483,14.583736961454912,2026-07-30T05:20:32Z,2.0.0
VERY_WEAK|<45|<-2|2-5|STRONG_NEG|NEGATIVE|<0.7|NO_G2|NO_EARLY|NO_PULL|<4,5,12,5,0,0.22370403334707098,-0.11574074074073848,1.2699637996078001,-2.548211312053472,6.792452830188678,-3.508771929824561,2026-07-23,2026-07-24,41.66666666666667,0.0,25.53468467601555,11.662345290837193,2026-07-30T05:20:32Z,2.0.0
VERY_WEAK|<45|<-2|0-2|STRONG_NEG|NEGATIVE|>=1.5|NO_G2|NO_EARLY|NO_PULL|<4,5,4,2,0,1.6121828379578902,0.057741659538063095,3.3497422019884535,-1.7360514400793474,7.884972170686466,-1.551724137931032,2026-07-23,2026-07-24,50.0,0.0,23.024149937764673,11.018278259784527,2026-07-30T05:20:32Z,2.0.0
WEAKENING|<45|<-2|2-5|STRONG_NEG|NEGATIVE|0.7-1.0|NO_G2|NO_EARLY|NO_PULL|<4,5,13,5,0,0.2592007921598459,-0.8474576271186418,1.4499273204575627,-3.2800261077874464,7.71513353115727,-7.82442748091603,2026-07-23,2026-07-24,38.46153846153847,0.0,23.410842659572104,10.731712087285171,2026-07-30T05:20:32Z,2.0.0
VERY_WEAK|<45|<-2|>=5|STRONG_NEG|NEGATIVE|>=1.5|NO_G2|NO_EARLY|NO_PULL|<4,5,9,3,1,-2.1086172203430493,-3.4682080924855474,1.1367938914828024,-4.708047000186129,7.317073170731714,-8.230452674897116,2026-07-23,2026-07-24,33.33333333333333,11.11111111111111,17.208933803305108,10.213753934344748,2026-07-30T05:20:32Z,2.0.0
VERY_WEAK|<45|<-2|2-5|STRONG_NEG|NEGATIVE|>=1.5|NO_G2|NO_EARLY|NO_PULL|<4,5,17,6,0,-0.7152921590686571,-0.707964601769917,0.8212198210794774,-3.3929271288035454,4.993065187239942,-5.882352941176472,2026-07-23,2026-07-24,35.294117647058826,0.0,22.346326203423597,9.994910341834835,2026-07-30T05:20:32Z,2.0.0
VERY_WEAK|<45|<-2|>=5|STRONG_NEG|NEGATIVE|0.7-1.0|NO_G2|NO_EARLY|NO_PULL|<4,5,10,4,0,-2.187677404133519,-0.9391369779758629,-0.5111669616930536,-5.1108697511525865,2.8112449799196693,-10.320284697508896,2026-07-23,2026-07-24,40.0,0.0,22.956557897437516,9.841798876850874,2026-07-30T05:20:32Z,2.0.0
VERY_WEAK|<45|<-2|0-2|STRONG_NEG|NEGATIVE|0.7-1.0|NO_G2|NO_EARLY|NO_PULL|<4,5,8,3,0,0.7636285123479247,-0.594006502808031,1.5789833718807795,-3.362341945662359,5.777166437414039,-3.8557213930348277,2026-07-23,2026-07-24,37.5,0.0,19.535795103474964,9.101731836221397,2026-07-30T05:20:32Z,2.0.0
VERY_WEAK|<45|<-2|2-5|STRONG_NEG|NEGATIVE|1.2-1.5|NO_G2|NO_EARLY|NO_PULL|<4,5,8,3,0,-1.078638731847048,-0.20449897750511314,0.8892454946415953,-2.4084399969129437,2.1739130434782705,-5.839416058394164,2026-07-23,2026-07-24,37.5,0.0,19.535795103474964,8.664304599658484,2026-07-30T05:20:32Z,2.0.0
VERY_WEAK|<45|<-2|0-2|STRONG_NEG|NEGATIVE|1.0-1.2|NO_G2|NO_EARLY|NO_PULL|<4,5,5,2,0,-1.5104849938574971,-1.4218009478673022,1.366419498944056,-3.117662314032672,4.905063291139244,-7.885304659498205,2026-07-23,2026-07-23,40.0,0.0,17.987254982034234,7.9288096930383105,2026-07-30T05:20:32Z,2.0.0
WEAKENING|45-50|<-2|0-2|STRONG_NEG|NEGATIVE|0.7-1.0|NO_G2|NO_EARLY|NO_PULL|<4,5,2,1,0,0.6020547740048066,0.6020547740048066,2.1977994548558755,-1.1968085106382975,3.3317691224777013,-2.127659574468088,2026-07-23,2026-07-24,50.0,0.0,16.425172002989928,7.731518301632017,2026-07-30T05:20:32Z,2.0.0
WEAKENING|<45|<-2|>=5|STRONG_NEG|NEGATIVE|0.7-1.0|NO_G2|NO_EARLY|NO_PULL|<4,5,2,1,0,0.7431773879142289,0.7431773879142289,1.0355750487329396,-1.9127680311890827,4.6052631578947345,-3.1189083820662766,2026-07-23,2026-07-24,50.0,0.0,16.425172002989928,7.643520383801607,2026-07-30T05:20:32Z,2.0.0
WEAKENING|<45|<-2|>=5|STRONG_NEG|NEGATIVE|1.0-1.2|NO_G2|NO_EARLY|NO_PULL|<4,5,2,1,0,0.35486225141397876,0.35486225141397876,1.4404305783616178,-2.8388980113118025,4.285714285714293,-3.575989782886335,2026-07-23,2026-07-24,50.0,0.0,16.425172002989928,7.606342909464424,2026-07-30T05:20:32Z,2.0.0
WEAKENING|<45|<-2|-2-0|STRONG_NEG|NEGATIVE|<0.7|NO_G2|NO_EARLY|NO_PULL|<4,5,2,1,0,0.0877642068309814,0.0877642068309814,1.3274336283185861,-2.7005777810283016,2.6548672566371723,-2.4793388429752095,2026-07-24,2026-07-24,50.0,0.0,16.425172002989928,7.541623605543522,2026-07-30T05:20:32Z,2.0.0
WEAKENING|<45|<-2|-2-0|STRONG_NEG|NEGATIVE|0.7-1.0|NO_G2|NO_EARLY|NO_PULL|<4,5,2,1,0,0.06615465067194015,0.06615465067194015,0.6514657980456029,-2.67737321933732,0.32573289902280145,-0.19342359767892114,2026-07-23,2026-07-24,50.0,0.0,16.425172002989928,7.469704911284416,2026-07-30T05:20:32Z,2.0.0
VERY_WEAK|<45|<-2|0-2|STRONG_NEG|NEGATIVE|1.2-1.5|NO_G2|NO_EARLY|NO_PULL|<4,5,2,1,0,-0.738612175393788,-0.738612175393788,0.8663260962111563,-2.275436355896127,1.6091954022988464,-3.0864197530864224,2026-07-23,2026-07-23,50.0,0.0,16.425172002989928,7.330237575887825,2026-07-30T05:20:32Z,2.0.0
WEAKENING|<45|<-2|>=5|STRONG_NEG|NEGATIVE|>=1.5|NO_G2|NO_EARLY|NO_PULL|<4,5,2,1,0,-1.2797867294702614,-1.2797867294702614,1.2478942806208426,-2.5898303975925296,0.4366812227074135,-2.9962546816479363,2026-07-23,2026-07-23,50.0,0.0,16.425172002989928,7.260159483513499,2026-07-30T05:20:32Z,2.0.0
VERY_WEAK|<45|<-2|-2-0|STRONG_NEG|NEGATIVE|1.0-1.2|NO_G2|NO_EARLY|NO_PULL|<4,5,2,1,0,-1.7836654910126208,-1.7836654910126208,1.292157112706982,-4.506437768240346,5.44554455445545,-9.012875536480692,2026-07-23,2026-07-24,50.0,0.0,16.425172002989928,7.163810014413642,2026-07-30T05:20:32Z,2.0.0
WEAKENING|<45|<-2|2-5|STRONG_NEG|NEGATIVE|>=1.5|NO_G2|NO_EARLY|NO_PULL|<4,5,2,1,0,-1.4409330323551572,-1.4409330323551572,-1.1631552545773804,-3.1728116378229254,0.4514672686230181,-3.3333333333333326,2026-07-23,2026-07-23,50.0,0.0,16.425172002989928,6.986825269416698,2026-07-30T05:20:32Z,2.0.0
WEAKENING|<45|<-2|0-2|STRONG_NEG|NEGATIVE|1.0-1.2|NO_G2|NO_EARLY|NO_PULL|<4,5,6,2,0,-1.524871231877234,-1.8063829130528675,0.6451505599730493,-2.337558473976712,1.206896551724146,-4.048582995951422,2026-07-23,2026-07-23,33.33333333333333,0.0,14.770253477608463,6.406154874545667,2026-07-30T05:20:32Z,2.0.0
WEAKENING|<45|<-2|0-2|STRONG_NEG|NEGATIVE|0.7-1.0|NO_G2|NO_EARLY|NO_PULL|<4,5,11,3,0,-0.45520978292999437,-0.195694716242667,0.6984837038261088,-2.795042600832035,4.044117647058831,-4.529616724738672,2026-07-23,2026-07-24,27.27272727272727,0.0,13.90375765820229,6.235497359987643,2026-07-30T05:20:32Z,2.0.0
WEAKENING|<45|<-2|2-5|STRONG_NEG|NEGATIVE|1.0-1.2|NO_G2|NO_EARLY|NO_PULL|<4,5,7,2,0,-0.3035212587026167,-2.181208053691275,0.9485777297317842,-2.978736054939895,6.25,-2.9585798816568087,2026-07-23,2026-07-24,28.57142857142857,0.0,12.533599053745428,5.674273095418098,2026-07-30T05:20:32Z,2.0.0
WEAKENING|<45|<-2|>=5|STRONG_NEG|NEGATIVE|<0.7|NO_G2|NO_EARLY|NO_PULL|<4,5,3,1,0,-1.242532855436081,0.0,0.3703703703703691,-4.381616539400549,1.1111111111111072,-4.8387096774193505,2026-07-24,2026-07-24,33.33333333333333,0.0,10.57756361217229,4.548434091427351,2026-07-30T05:20:32Z,2.0.0
VERY_WEAK|<45|<-2|>=5|STRONG_NEG|NEGATIVE|1.2-1.5|NO_G2|NO_EARLY|NO_PULL|<4,5,3,1,0,-1.798724202633643,-0.9817671809256634,-0.9607353758180004,-3.638007134132563,0.8928571428571397,-5.307262569832405,2026-07-23,2026-07-23,33.33333333333333,0.0,10.57756361217229,4.304085247369002,2026-07-30T05:20:32Z,2.0.0
VERY_WEAK|<45|<-2|-2-0|STRONG_NEG|NEGATIVE|>=1.5|NO_G2|NO_EARLY|NO_PULL|<4,5,3,1,0,-2.4344036317562217,-1.904761904761909,-1.8171196811389383,-4.130852100166179,1.0830324909747224,-6.481481481481477,2026-07-23,2026-07-23,33.33333333333333,0.0,10.57756361217229,4.0913109310123925,2026-07-30T05:20:32Z,2.0.0
VERY_WEAK|<45|<-2|>=5|STRONG_NEG|NEGATIVE|1.0-1.2|NO_G2|NO_EARLY|NO_PULL|<4,5,4,1,0,0.36497647171804537,-0.42735042735042583,0.7191011235955058,-3.427198511807192,4.0000000000000036,-1.6853932584269704,2026-07-23,2026-07-24,25.0,0.0,7.808074768511783,3.658539052533462,2026-07-30T05:20:32Z,2.0.0
WEAKENING|<45|<-2|2-5|STRONG_NEG|NEGATIVE|<0.7|NO_G2|NO_EARLY|NO_PULL|<4,5,4,1,0,-1.2488161348155975,-1.2195121951219523,-0.046725542481101945,-2.5398320396730263,0.30090270812437314,-2.857142857142858,2026-07-23,2026-07-24,25.0,0.0,7.808074768511783,3.2591978646190722,2026-07-30T05:20:32Z,2.0.0
WEAKENING|50-55|0-2|-2-0|NEG|NEGATIVE|1.2-1.5|NO_G2|NO_EARLY|NO_PULL|<4,5,1,0,0,-0.694444444444442,-0.694444444444442,2.083333333333326,-0.694444444444442,-0.694444444444442,-0.694444444444442,2026-07-23,2026-07-23,0.0,0.0,0.0,0.0694444444444442,2026-07-30T05:20:32Z,2.0.0
WEAKENING|45-50|-2-0|<-2|POS|NEGATIVE|>=1.5|NO_G2|NO_EARLY|NO_PULL|<4,5,1,0,0,-0.22371364653244186,-0.22371364653244186,0.6711409395973256,-0.22371364653244186,-0.22371364653244186,-0.22371364653244186,2026-07-23,2026-07-23,0.0,0.0,0.0,0.022371364653244186,2026-07-30T05:20:32Z,2.0.0
NEUTRAL|45-50|-2-0|<-2|NEG|POSITIVE|0.7-1.0|NO_G2|NO_EARLY|NO_PULL|<4,5,1,0,0,0.0,0.0,0.0,-0.8888888888888835,0.0,0.0,2026-07-24,2026-07-24,0.0,0.0,0.0,0.0,2026-07-30T05:20:32Z,2.0.0
NEUTRAL|55-60|5-10|<-2|STRONG_POS|POSITIVE|<0.7|NO_G2|NO_EARLY|NO_PULL|<4,5,1,0,0,0.0,0.0,0.0,-2.734375,0.0,0.0,2026-07-24,2026-07-24,0.0,0.0,0.0,0.0,2026-07-30T05:20:32Z,2.0.0
NEUTRAL|<45|<-2|0-2|STRONG_NEG|POSITIVE|0.7-1.0|NO_G2|NO_EARLY|NO_PULL|<4,5,1,0,0,0.0,0.0,0.0,-0.78125,0.0,0.0,2026-07-24,2026-07-24,0.0,0.0,0.0,0.0,2026-07-30T05:20:32Z,2.0.0
RECOVERING|50-55|0-2|0-2|STRONG_POS|POSITIVE|1.0-1.2|NO_G2|NO_EARLY|NO_PULL|<4,5,1,0,0,-1.1278195488721776,-1.1278195488721776,2.2556390977443552,-1.5037593984962405,-1.1278195488721776,-1.1278195488721776,2026-07-23,2026-07-23,0.0,0.0,0.0,0.0,2026-07-30T05:20:32Z,2.0.0
RECOVERING|50-55|2-5|<-2|STRONG_POS|POSITIVE|>=1.5|NO_G2|NO_EARLY|NO_PULL|<4,5,1,0,0,0.0,0.0,0.0,-2.7027027027026973,0.0,0.0,2026-07-24,2026-07-24,0.0,0.0,0.0,0.0,2026-07-30T05:20:32Z,2.0.0
WEAKENING|50-55|0-2|<-2|NEG|NEGATIVE|<0.7|NO_G2|NO_EARLY|NO_PULL|<4,5,1,0,0,0.0,0.0,0.0,-1.8808777429467072,0.0,0.0,2026-07-24,2026-07-24,0.0,0.0,0.0,0.0,2026-07-30T05:20:32Z,2.0.0
WEAKENING|<45|<-2|0-2|STRONG_NEG|POSITIVE|>=1.5|NO_G2|NO_EARLY|NO_PULL|<4,5,1,0,0,0.0,0.0,0.0,-0.78125,0.0,0.0,2026-07-23,2026-07-23,0.0,0.0,0.0,0.0,2026-07-30T05:20:32Z,2.0.0
NEUTRAL|<45|<-2|0-2|STRONG_NEG|POSITIVE|<0.7|NO_G2|NO_EARLY|NO_PULL|<4,5,1,0,0,-0.46948356807511304,-0.46948356807511304,0.0,-3.9906103286384997,-0.46948356807511304,-0.46948356807511304,2026-07-24,2026-07-24,0.0,0.0,0.0,-0.09389671361502261,2026-07-30T05:20:32Z,2.0.0
RECOVERING|60-65|5-10|<-2|STRONG_POS|POSITIVE|>=1.5|NO_G2|NO_EARLY|NO_PULL|<4,5,1,0,0,-0.7858546168958758,-0.7858546168958758,0.5893909626718985,-2.16110019646365,-0.7858546168958758,-0.7858546168958758,2026-07-23,2026-07-23,0.0,0.0,0.0,-0.0982318271119853,2026-07-30T05:20:32Z,2.0.0
WEAKENING|50-55|-2-0|<-2|POS|NEGATIVE|0.7-1.0|NO_G2|NO_EARLY|NO_PULL|<4,5,1,0,0,-0.6269592476489061,-0.6269592476489061,0.0,-1.8808777429467072,-0.6269592476489061,-0.6269592476489061,2026-07-23,2026-07-23,0.0,0.0,0.0,-0.12539184952978122,2026-07-30T05:20:32Z,2.0.0
WEAKENING|<45|-2-0|0-2|STRONG_NEG|NEGATIVE|1.2-1.5|NO_G2|NO_EARLY|NO_PULL|<4,5,1,0,0,-0.6711409395973145,-0.6711409395973145,0.0,-0.6711409395973145,-0.6711409395973145,-0.6711409395973145,2026-07-24,2026-07-24,0.0,0.0,0.0,-0.1342281879194629,2026-07-30T05:20:32Z,2.0.0
RECOVERING|55-60|2-5|<-2|STRONG_POS|POSITIVE|>=1.5|NO_G2|NO_EARLY|NO_PULL|<4,5,1,0,0,-0.6802721088435382,-0.6802721088435382,0.0,-2.7210884353741527,-0.6802721088435382,-0.6802721088435382,2026-07-24,2026-07-24,0.0,0.0,0.0,-0.13605442176870763,2026-07-30T05:20:32Z,2.0.0
VERY_WEAK|<45|<-2|<-2|STRONG_NEG|NEGATIVE|<0.7|NO_G2|NO_EARLY|NO_PULL|<4,5,1,0,0,-0.6976744186046546,-0.6976744186046546,0.0,-6.279069767441858,-0.6976744186046546,-0.6976744186046546,2026-07-24,2026-07-24,0.0,0.0,0.0,-0.13953488372093092,2026-07-30T05:20:32Z,2.0.0
NEUTRAL|<45|<-2|<-2|NEG|POSITIVE|<0.7|NO_G2|NO_EARLY|NO_PULL|<4,5,1,0,0,-0.7518796992481258,-0.7518796992481258,0.0,-3.007518796992481,-0.7518796992481258,-0.7518796992481258,2026-07-24,2026-07-24,0.0,0.0,0.0,-0.15037593984962516,2026-07-30T05:20:32Z,2.0.0
WEAKENING|<45|<-2|<-2|STRONG_POS|POSITIVE|0.7-1.0|NO_G2|NO_EARLY|NO_PULL|<4,5,1,0,0,-0.7518796992481258,-0.7518796992481258,0.0,-3.007518796992481,-0.7518796992481258,-0.7518796992481258,2026-07-23,2026-07-23,0.0,0.0,0.0,-0.15037593984962516,2026-07-30T05:20:32Z,2.0.0
WEAKENING|45-50|<-2|-2-0|STRONG_NEG|NEGATIVE|1.0-1.2|NO_G2|NO_EARLY|NO_PULL|<4,5,1,0,0,-0.7894736842105288,-0.7894736842105288,0.0,-3.421052631578947,-0.7894736842105288,-0.7894736842105288,2026-07-24,2026-07-24,0.0,0.0,0.0,-0.15789473684210575,2026-07-30T05:20:32Z,2.0.0
NEUTRAL|50-55|2-5|<-2|POS|POSITIVE|<0.7|NO_G2|NO_EARLY|NO_PULL|<4,5,1,0,0,-1.0000000000000009,-1.0000000000000009,0.0,-1.2666666666666715,-1.0000000000000009,-1.0000000000000009,2026-07-24,2026-07-24,0.0,0.0,0.0,-0.20000000000000018,2026-07-30T05:20:32Z,2.0.0
NEUTRAL|<45|<-2|>=5|STRONG_NEG|POSITIVE|>=1.5|NO_G2|NO_EARLY|NO_PULL|<4,5,1,0,0,-1.1428571428571455,-1.1428571428571455,0.0,-2.285714285714291,-1.1428571428571455,-1.1428571428571455,2026-07-24,2026-07-24,0.0,0.0,0.0,-0.2285714285714291,2026-07-30T05:20:32Z,2.0.0
WEAKENING|50-55|2-5|<-2|POS|NEGATIVE|1.2-1.5|NO_G2|NO_EARLY|NO_PULL|<4,5,1,0,0,-1.2666666666666715,-1.2666666666666715,0.0,-1.2666666666666715,-1.2666666666666715,-1.2666666666666715,2026-07-23,2026-07-23,0.0,0.0,0.0,-0.2533333333333343,2026-07-30T05:20:32Z,2.0.0
WEAKENING|<45|<-2|0-2|STRONG_NEG|NEGATIVE|>=1.5|NO_G2|NO_EARLY|NO_PULL|<4,5,2,0,0,-1.2908445557991421,-1.2908445557991421,-0.1612903225806428,-2.907662595260463,-0.3236245954692518,-2.2580645161290325,2026-07-23,2026-07-24,0.0,0.0,0.0,-0.2742979434178927,2026-07-30T05:20:32Z,2.0.0
VERY_WEAK|<45|<-2|<-2|STRONG_NEG|NEGATIVE|0.7-1.0|NO_G2|NO_EARLY|NO_PULL|<4,5,1,0,0,-1.4619883040935644,-1.4619883040935644,0.0,-2.631578947368418,-1.4619883040935644,-1.4619883040935644,2026-07-24,2026-07-24,0.0,0.0,0.0,-0.2923976608187129,2026-07-30T05:20:32Z,2.0.0
WEAK|<45|<-2|2-5|STRONG_NEG|NEGATIVE|1.0-1.2|NO_G2|NO_EARLY|NO_PULL|<4,5,1,0,0,-1.8867924528301883,-1.8867924528301883,0.4716981132075526,-3.5377358490566,-1.8867924528301883,-1.8867924528301883,2026-07-23,2026-07-23,0.0,0.0,0.0,-0.3301886792452824,2026-07-30T05:20:32Z,2.0.0
WEAK|<45|-2-0|0-2|STRONG_NEG|NEGATIVE|<0.7|NO_G2|NO_EARLY|NO_PULL|<4,5,1,0,0,-2.0000000000000018,-2.0000000000000018,0.0,-4.400000000000004,-2.0000000000000018,-2.0000000000000018,2026-07-24,2026-07-24,0.0,0.0,0.0,-0.40000000000000036,2026-07-30T05:20:32Z,2.0.0
NEUTRAL|<45|<-2|2-5|STRONG_NEG|POSITIVE|0.7-1.0|NO_G2|NO_EARLY|NO_PULL|<4,5,2,0,0,-2.043786982248524,-2.043786982248524,0.0,-4.671005917159765,-0.887573964497046,-3.200000000000003,2026-07-24,2026-07-24,0.0,0.0,0.0,-0.4087573964497049,2026-07-30T05:20:32Z,2.0.0
WEAK|<45|<-2|2-5|STRONG_NEG|NEGATIVE|0.7-1.0|NO_G2|NO_EARLY|NO_PULL|<4,5,2,0,0,-2.2872386950056836,-2.2872386950056836,-0.24271844660194164,-3.4308580425085276,-0.9708737864077666,-3.6036036036036,2026-07-23,2026-07-24,0.0,0.0,0.0,-0.4817195836613309,2026-07-30T05:20:32Z,2.0.0
VERY_WEAK|<45|<-2|-2-0|STRONG_NEG|NEGATIVE|1.2-1.5|NO_G2|NO_EARLY|NO_PULL|<4,5,2,0,0,-3.0880193487086482,-3.0880193487086482,-0.9871790125741964,-4.51572699564407,-0.2936857562408246,-5.882352941176472,2026-07-23,2026-07-23,0.0,0.0,0.0,-0.7163217709991493,2026-07-30T05:20:32Z,2.0.0
WEAKENING|<45|-2-0|0-2|STRONG_NEG|NEGATIVE|>=1.5|NO_G2|NO_EARLY|NO_PULL|<4,5,2,0,0,-4.2303815694744396,-4.2303815694744396,-0.11735061195104479,-4.2303815694744396,-1.3333333333333308,-7.127429805615549,2026-07-23,2026-07-23,0.0,0.0,0.0,-0.8578113750899924,2026-07-30T05:20:32Z,2.0.0
VERY_WEAK|<45|<-2|<-2|STRONG_NEG|NEGATIVE|1.0-1.2|NO_G2|NO_EARLY|NO_PULL|<4,5,2,0,0,-4.093026373110825,-4.093026373110825,-0.7204852384303462,-5.135886867062095,-1.7492711370262426,-6.436781609195408,2026-07-23,2026-07-23,0.0,0.0,0.0,-0.8906537984651997,2026-07-30T05:20:32Z,2.0.0
NEUTRAL|<45|-2-0|0-2|STRONG_NEG|POSITIVE|1.2-1.5|NO_G2|NO_EARLY|NO_PULL|<4,5,1,0,0,-4.7808764940239,-4.7808764940239,-0.3984063745019917,-4.7808764940239,-4.7808764940239,-4.7808764940239,2026-07-23,2026-07-23,0.0,0.0,0.0,-0.9960159362549792,2026-07-30T05:20:32Z,2.0.0
WEAKENING|<45|<-2|>=5|STRONG_NEG|POSITIVE|<0.7|NO_G2|NO_EARLY|NO_PULL|<4,5,2,0,0,-4.137748216695586,-4.137748216695586,-1.8315018315018305,-6.8066801619433175,-1.3157894736842146,-6.959706959706957,2026-07-23,2026-07-24,0.0,0.0,0.0,-1.0106998264893003,2026-07-30T05:20:32Z,2.0.0
WEAKENING|<45|-2-0|0-2|STRONG_NEG|NEGATIVE|1.0-1.2|NO_G2|NO_EARLY|NO_PULL|<4,5,1,0,0,-6.88172043010753,-6.88172043010753,0.0,-7.5268817204301115,-6.88172043010753,-6.88172043010753,2026-07-24,2026-07-24,0.0,0.0,0.0,-1.376344086021506,2026-07-30T05:20:32Z,2.0.0
WEAKENING|50-55|<-2|>=5|STRONG_NEG|NEGATIVE|<0.7|NO_G2|NO_EARLY|NO_PULL|<4,5,1,0,0,-6.206896551724139,-6.206896551724139,-3.4482758620689613,-8.965517241379306,-6.206896551724139,-6.206896551724139,2026-07-23,2026-07-23,0.0,0.0,0.0,-1.586206896551724,2026-07-30T05:20:32Z,2.0.0
WEAKENING|<45|<-2|>=5|STRONG_NEG|POSITIVE|1.0-1.2|NO_G2|NO_EARLY|NO_PULL|<4,5,1,0,0,-6.8322981366459645,-6.8322981366459645,-5.590062111801242,-11.180124223602483,-6.8322981366459645,-6.8322981366459645,2026-07-23,2026-07-23,0.0,0.0,0.0,-1.925465838509317,2026-07-30T05:20:32Z,2.0.0
WEAKENING|<45|<-2|>=5|STRONG_NEG|POSITIVE|>=1.5|NO_G2|NO_EARLY|NO_PULL|<4,5,1,0,0,-8.24372759856631,-8.24372759856631,-3.584229390681004,-8.24372759856631,-8.24372759856631,-8.24372759856631,2026-07-23,2026-07-23,0.0,0.0,0.0,-2.0071684587813623,2026-07-30T05:20:32Z,2.0.0
NEUTRAL|<45|<-2|>=5|STRONG_NEG|POSITIVE|1.0-1.2|NO_G2|NO_EARLY|NO_PULL|<4,5,1,0,0,-8.762886597938147,-8.762886597938147,-4.123711340206182,-10.309278350515461,-8.762886597938147,-8.762886597938147,2026-07-23,2026-07-23,0.0,0.0,0.0,-2.1649484536082477,2026-07-30T05:20:32Z,2.0.0
