trade_date,n_symbols,universe_hash
2026-07-31,142,-4300582122071007950
2026-08-03,142,-4300582122071007950
2026-08-04,142,-4300582122071007950
2026-08-05,142,-4300582122071007950
2026-08-06,142,-4300582122071007950
2026-08-07,142,-4300582122071007950
2026-08-10,142,-4300582122071007950
2026-08-11,142,-4300582122071007950
2026-08-12,142,-4300582122071007950
2026-08-13,142,-4300582122071007950
2026-08-14,142,-4300582122071007950
2026-08-17,142,-4300582122071007950
2026-08-18,142,-4300582122071007950
2026-08-19,142,-4300582122071007950
2026-08-20,142,-4300582122071007950
2026-08-21,142,-4300582122071007950
2026-08-24,142,-4300582122071007950
