trade_date,snapshot_asof,data_cutoff,contract_version,feature_schema_version,expected_universe_size,completeness_status,created_at,source_ems_path,source_md_path,source_hashes_json,feature_hash,frozen,universe_count,cnt_THEO DÕI,share_THEO DÕI,cnt_TÍCH LŨY,share_TÍCH LŨY,cnt_MUA EARLY,share_MUA EARLY,cnt_PULL VỪA,share_PULL VỪA,cnt_PULL ĐẸP,share_PULL ĐẸP,cnt_MUA BREAK,share_MUA BREAK,cnt_CP MẠNH,share_CP MẠNH,cnt_GÀ TĂNG TỐC,share_GÀ TĂNG TỐC,rsi40_share,rsi50_share,rsi60_share,med_rsi14,obv_green_share,slope_pos_share,mean_rs5,mean_rs10,pos_rs5_share,pos_rs10_share,rs5_dispersion,near_low20_share,near_low60_share,near_high20_share,lead_conc_top10,market_real,market_live,market_forecast,market_real_d1,market_real_d3,market_real_d5,market_forecast_d1,market_forecast_d3,market_forecast_d5,rsi50_share_d1,rsi50_share_d3,rsi50_share_d5,obv_green_share_d1,obv_green_share_d3,obv_green_share_d5,slope_pos_share_d1,slope_pos_share_d3,slope_pos_share_d5,fc_accel_1,real_minus_fc,live_minus_fc,breadth_score_md,vnindex_close,vnindex_open,vnindex_high,vnindex_low,vnindex_volume,vnindex_daily_return_pct,market_daily_snapshot_id,market_daily_captured_at,obv_green_share_pct_md,slope_pos_share_pct_md
2026-07-31,2026-08-24T14:19:07Z,2026-07-31,forecast_data_contract_v1,forecast_t0_features_v1,142,PARTIAL,2026-08-24T14:19:07Z,/workspace/data/earning_money_snapshots.csv,/workspace/data/earning_learning/market_daily_t0.csv,"{""earning_money_snapshots_sha256"": ""b64c66637c7836c839e96c636af103580581f1ace0171e9390cf1715dd5abfc6"", ""market_daily_t0_sha256"": ""79daf8a0e04136773cc14cc4dcd5e116afa0d22fe73fa1dc1480b670f4a12fc8""}",5ed3c4802ea92e3410d9ace25e9a90bc0d1cf84e48342352569daae5e0c290cd,True,142,71,0.5,21,0.1478873239436619,45,0.3169014084507042,1,0.0070422535211267,0,0.0,1,0.0070422535211267,3,0.0211267605633802,0,0.0,0.4859154929577465,0.1549295774647887,0.0211267605633802,39.625,0.4225352112676056,0.0845070422535211,1.436267605633803,-5.432957746478874,0.5704225352112676,0.1549295774647887,3.968400290299549,0.204225352112676,0.2676056338028169,0.0492957746478873,0.3382207984228684,,,0.0,,,,,,,,,,,,,,,,,,,,,,,,,,,,,
2026-08-03,2026-08-24T14:19:07Z,2026-08-03,forecast_data_contract_v1,forecast_t0_features_v1,142,PARTIAL,2026-08-24T14:19:07Z,/workspace/data/earning_money_snapshots.csv,/workspace/data/earning_learning/market_daily_t0.csv,"{""earning_money_snapshots_sha256"": ""b64c66637c7836c839e96c636af103580581f1ace0171e9390cf1715dd5abfc6"", ""market_daily_t0_sha256"": ""79daf8a0e04136773cc14cc4dcd5e116afa0d22fe73fa1dc1480b670f4a12fc8""}",75085ca83796675c9a2798bb54892180113f18e5c848415ae4f4b758eb9b922b,True,142,15,0.1056338028169014,10,0.0704225352112676,107,0.7535211267605634,4,0.028169014084507,0,0.0,1,0.0070422535211267,3,0.0211267605633802,2,0.0140845070422535,0.7816901408450704,0.2957746478873239,0.0492957746478873,45.645,0.8028169014084507,0.1197183098591549,6.49887323943662,0.6109859154929581,0.9154929577464788,0.5352112676056338,4.84592789475068,0.056338028169014,0.0774647887323943,0.0704225352112676,0.1864426654158982,,,0.7,,,,0.7,,,0.1408450704225352,,,0.3802816901408451,,,0.0352112676056338,,,,,,,,,,,,,,,,
2026-08-04,2026-08-24T14:19:07Z,2026-08-04,forecast_data_contract_v1,forecast_t0_features_v1,142,PARTIAL,2026-08-24T14:19:07Z,/workspace/data/earning_money_snapshots.csv,/workspace/data/earning_learning/market_daily_t0.csv,"{""earning_money_snapshots_sha256"": ""b64c66637c7836c839e96c636af103580581f1ace0171e9390cf1715dd5abfc6"", ""market_daily_t0_sha256"": ""79daf8a0e04136773cc14cc4dcd5e116afa0d22fe73fa1dc1480b670f4a12fc8""}",94dfc8d28391f18f1f011f5fc95b704463285000abec5d793aa2247a9bc11325,True,142,16,0.1126760563380281,8,0.056338028169014,102,0.7183098591549296,4,0.028169014084507,0,0.0,3,0.0211267605633802,4,0.028169014084507,5,0.0352112676056338,0.8661971830985915,0.323943661971831,0.0915492957746478,46.92,0.7605633802816901,0.204225352112676,6.185281690140845,2.71943661971831,0.9014084507042254,0.676056338028169,5.046001815026529,0.0422535211267605,0.0915492957746478,0.1197183098591549,0.2084679267215844,,,1.7,,,,1.0,,,0.0281690140845071,,,-0.0422535211267606,,,0.0845070422535211,,,0.3,,,,,,,,,,,,,
2026-08-05,2026-08-24T14:19:07Z,2026-08-05,forecast_data_contract_v1,forecast_t0_features_v1,142,PARTIAL,2026-08-24T14:19:07Z,/workspace/data/earning_money_snapshots.csv,/workspace/data/earning_learning/market_daily_t0.csv,"{""earning_money_snapshots_sha256"": ""b64c66637c7836c839e96c636af103580581f1ace0171e9390cf1715dd5abfc6"", ""market_daily_t0_sha256"": ""79daf8a0e04136773cc14cc4dcd5e116afa0d22fe73fa1dc1480b670f4a12fc8""}",612f2fb08c4d43dd4a8fbda01189996bcb1bf6e2dc50d9bfad66f7fc1ee97a96,True,142,41,0.2887323943661972,21,0.1478873239436619,72,0.5070422535211268,3,0.0211267605633802,0,0.0,0,0.0,3,0.0211267605633802,2,0.0140845070422535,0.7605633802816901,0.2394366197183098,0.0633802816901408,44.84,0.5915492957746479,0.2535211267605634,4.540985915492957,3.583591549295775,0.8450704225352113,0.7183098591549296,4.59363610205446,0.1267605633802817,0.1478873239436619,0.0704225352112676,0.2332136072191878,,,0.0,,,,-1.7,0.0,,-0.0845070422535211,0.0845070422535211,,-0.1690140845070422,0.1690140845070422,,0.0492957746478873,0.1690140845070422,,-2.7,,,,,,,,,,,,,
2026-08-06,2026-08-24T14:19:07Z,2026-08-06,forecast_data_contract_v1,forecast_t0_features_v1,142,PARTIAL,2026-08-24T14:19:07Z,/workspace/data/earning_money_snapshots.csv,/workspace/data/earning_learning/market_daily_t0.csv,"{""earning_money_snapshots_sha256"": ""b64c66637c7836c839e96c636af103580581f1ace0171e9390cf1715dd5abfc6"", ""market_daily_t0_sha256"": ""79daf8a0e04136773cc14cc4dcd5e116afa0d22fe73fa1dc1480b670f4a12fc8""}",7facc4d80c3fc478c3dc9add1c3db27ff4087bd897aac5a8861a028aab810ee1,True,142,43,0.3028169014084507,12,0.0845070422535211,71,0.5,7,0.0492957746478873,0,0.0,0,0.0,3,0.0211267605633802,6,0.0422535211267605,0.7605633802816901,0.2746478873239437,0.0633802816901408,45.89,0.5845070422535211,0.3591549295774648,1.895985915492958,2.6845774647887324,0.6408450704225352,0.6126760563380281,4.055871509543649,0.1126760563380281,0.1197183098591549,0.0774647887323943,0.3315242100477382,,,0.4,,,,0.4,-0.2999999999999999,,0.0352112676056338,-0.0211267605633801,,-0.0070422535211267,-0.2183098591549296,,0.1056338028169014,0.2394366197183099,,2.1,,,,,,,,,,,,,
2026-08-07,2026-08-24T14:19:07Z,2026-08-07,forecast_data_contract_v1,forecast_t0_features_v1,142,PARTIAL,2026-08-24T14:19:07Z,/workspace/data/earning_money_snapshots.csv,/workspace/data/earning_learning/market_daily_t0.csv,"{""earning_money_snapshots_sha256"": ""b64c66637c7836c839e96c636af103580581f1ace0171e9390cf1715dd5abfc6"", ""market_daily_t0_sha256"": ""79daf8a0e04136773cc14cc4dcd5e116afa0d22fe73fa1dc1480b670f4a12fc8""}",c874c967327ddfb5c2116827756d7697178a5645c624e7c6e3bbc529472da41a,True,142,12,0.0845070422535211,12,0.0845070422535211,85,0.5985915492957746,4,0.028169014084507,0,0.0,3,0.0211267605633802,13,0.0915492957746478,13,0.0915492957746478,0.8943661971830986,0.4154929577464789,0.1267605633802817,48.82,0.8098591549295775,0.4436619718309859,4.141901408450704,5.585281690140845,0.8802816901408451,0.8591549295774648,4.419721427166747,0.0633802816901408,0.0633802816901408,0.1478873239436619,0.2454630135226287,,,4.1,,,,3.7,2.3999999999999995,4.1,0.1408450704225352,0.0915492957746478,0.2605633802816902,0.2253521126760563,0.0492957746478873,0.3873239436619718,0.0845070422535211,0.2394366197183099,0.3591549295774648,3.3,,,,,,,,,,,,,
2026-08-10,2026-08-24T14:19:07Z,2026-08-10,forecast_data_contract_v1,forecast_t0_features_v1,142,PARTIAL,2026-08-24T14:19:07Z,/workspace/data/earning_money_snapshots.csv,/workspace/data/earning_learning/market_daily_t0.csv,"{""earning_money_snapshots_sha256"": ""b64c66637c7836c839e96c636af103580581f1ace0171e9390cf1715dd5abfc6"", ""market_daily_t0_sha256"": ""79daf8a0e04136773cc14cc4dcd5e116afa0d22fe73fa1dc1480b670f4a12fc8""}",ddad1dd421321764f291554629b30921be89bdda44f425711e0dc24b268ec807,True,142,8,0.056338028169014,11,0.0774647887323943,90,0.6338028169014085,5,0.0352112676056338,0,0.0,3,0.0211267605633802,10,0.0704225352112676,15,0.1056338028169014,0.9366197183098592,0.5140845070422535,0.1690140845070422,50.260000000000005,0.8169014084507042,0.5633802816901409,2.499014084507042,9.160704225352116,0.7605633802816901,0.9295774647887324,3.752810069566529,0.056338028169014,0.0492957746478873,0.2323943661971831,0.2940341969685656,,,4.2,,,,0.1000000000000005,4.2,3.5,0.0985915492957746,0.2746478873239437,0.2183098591549296,0.0070422535211267,0.2253521126760563,0.0140845070422535,0.1197183098591549,0.3098591549295775,0.443661971830986,-3.599999999999999,,,,,,,,,,,,,
2026-08-11,2026-08-24T14:19:07Z,2026-08-11,forecast_data_contract_v1,forecast_t0_features_v1,142,PARTIAL,2026-08-24T14:19:07Z,/workspace/data/earning_money_snapshots.csv,/workspace/data/earning_learning/market_daily_t0.csv,"{""earning_money_snapshots_sha256"": ""b64c66637c7836c839e96c636af103580581f1ace0171e9390cf1715dd5abfc6"", ""market_daily_t0_sha256"": ""79daf8a0e04136773cc14cc4dcd5e116afa0d22fe73fa1dc1480b670f4a12fc8""}",2865ba0670dc0f50a9d3fc2cec3d2c1765b3aa50ffbfef907c31c25c9bc9f060,True,142,11,0.0774647887323943,13,0.0915492957746478,89,0.6267605633802817,13,0.0915492957746478,0,0.0,1,0.0070422535211267,3,0.0211267605633802,12,0.0845070422535211,0.9366197183098592,0.4929577464788732,0.1126760563380281,49.725,0.8098591549295775,0.6338028169014085,1.6371830985915492,7.515422535211266,0.6830985915492958,0.9295774647887324,3.381156033410098,0.0422535211267605,0.0422535211267605,0.204225352112676,0.3601291696726098,,,3.1,,,,-1.1,2.7,1.4,-0.0211267605633802,0.2183098591549295,0.1690140845070422,-0.0070422535211267,0.2253521126760563,0.0492957746478873,0.0704225352112676,0.2746478873239437,0.4295774647887325,-1.2000000000000006,,,,,,,,,,,,,
2026-08-12,2026-08-24T14:19:07Z,2026-08-12,forecast_data_contract_v1,forecast_t0_features_v1,142,PARTIAL,2026-08-24T14:19:07Z,/workspace/data/earning_money_snapshots.csv,/workspace/data/earning_learning/market_daily_t0.csv,"{""earning_money_snapshots_sha256"": ""b64c66637c7836c839e96c636af103580581f1ace0171e9390cf1715dd5abfc6"", ""market_daily_t0_sha256"": ""79daf8a0e04136773cc14cc4dcd5e116afa0d22fe73fa1dc1480b670f4a12fc8""}",fd66b7b91cbcbd1ae8c71de1891f5fb26fde7af22b4d10410caf845c3e6301cb,True,142,6,0.0422535211267605,8,0.056338028169014,96,0.676056338028169,9,0.0633802816901408,0,0.0,3,0.0211267605633802,6,0.0422535211267605,14,0.0985915492957746,0.9507042253521126,0.5492957746478874,0.1690140845070422,50.555,0.7887323943661971,0.8169014084507042,2.237887323943662,7.319154929577466,0.7605633802816901,0.9507042253521126,3.464543982761752,0.0422535211267605,0.0422535211267605,0.2323943661971831,0.2841673502871205,,,4.2,,,,1.1,0.1000000000000005,4.2,0.0563380281690141,0.1338028169014085,0.3098591549295776,-0.0211267605633803,-0.0211267605633803,0.1971830985915492,0.1830985915492957,0.3732394366197183,0.5633802816901409,2.2,,,,,,,,,,,,,
2026-08-13,2026-08-24T14:19:07Z,2026-08-13,forecast_data_contract_v1,forecast_t0_features_v1,142,COMPLETE,2026-08-24T14:19:07Z,/workspace/data/earning_money_snapshots.csv,/workspace/data/earning_learning/market_daily_t0.csv,"{""earning_money_snapshots_sha256"": ""b64c66637c7836c839e96c636af103580581f1ace0171e9390cf1715dd5abfc6"", ""market_daily_t0_sha256"": ""79daf8a0e04136773cc14cc4dcd5e116afa0d22fe73fa1dc1480b670f4a12fc8""}",0b38d4a44151182c2f9e939b6c47fa6eefdd99fe0a429f2da621ef4557eb4c12,True,142,47,0.3309859154929577,15,0.1056338028169014,56,0.3943661971830985,9,0.0633802816901408,0,0.0,2,0.0140845070422535,1,0.0070422535211267,12,0.0845070422535211,0.8732394366197183,0.3943661971830985,0.1197183098591549,46.96,0.5140845070422535,0.8380281690140845,1.828661971830986,3.0620422535211262,0.647887323943662,0.6971830985915493,3.6739368084060215,0.0633802816901408,0.0845070422535211,0.1549295774647887,0.3167946979966862,7.0,8.6,1.7,,,,-2.5,-2.5,1.2999999999999998,-0.1549295774647888,-0.1197183098591549,0.1197183098591548,-0.2746478873239436,-0.3028169014084507,-0.0704225352112676,0.0211267605633802,0.2746478873239436,0.4788732394366197,-3.6,5.3,6.9,39.0,1765.63,1793.81,1798.79,1765.63,743382208.0,-1.5709579052407885,6ced2d56be65d7ca,2026-08-13T13:52:40Z,51.41,83.8
2026-08-14,2026-08-24T14:19:07Z,2026-08-14,forecast_data_contract_v1,forecast_t0_features_v1,142,COMPLETE,2026-08-24T14:19:07Z,/workspace/data/earning_money_snapshots.csv,/workspace/data/earning_learning/market_daily_t0.csv,"{""earning_money_snapshots_sha256"": ""b64c66637c7836c839e96c636af103580581f1ace0171e9390cf1715dd5abfc6"", ""market_daily_t0_sha256"": ""79daf8a0e04136773cc14cc4dcd5e116afa0d22fe73fa1dc1480b670f4a12fc8""}",64297c20855aea2ff388a530b8a4df8df528e99e430ac175b80b183c490a1f31,True,142,58,0.4084507042253521,24,0.1690140845070422,47,0.3309859154929577,5,0.0352112676056338,0,0.0,0,0.0,0,0.0,9,0.056338028169014,0.7535211267605634,0.2887323943661972,0.0774647887323943,44.865,0.3591549295774648,0.8450704225352113,-0.1360563380281691,2.577816901408451,0.3943661971830985,0.6830985915492958,3.399767609443616,0.1549295774647887,0.1478873239436619,0.0774647887323943,0.4747934379116273,5.6,7.6,1.0,-1.4000000000000004,,,-0.7,-2.1,-3.1,-0.1056338028169013,-0.204225352112676,-0.1267605633802817,-0.1549295774647887,-0.4507042253521127,-0.4507042253521127,0.0070422535211267,0.2112676056338027,0.4014084507042254,1.8,4.6,6.6,29.0,1729.08,1763.6,1763.6,1717.64,737002304.0,-1.957359945565884,a4ab9da3bbc9a6c3,2026-08-14T11:22:16Z,35.92,85.21
2026-08-17,2026-08-24T14:19:07Z,2026-08-17,forecast_data_contract_v1,forecast_t0_features_v1,142,COMPLETE,2026-08-24T14:19:07Z,/workspace/data/earning_money_snapshots.csv,/workspace/data/earning_learning/market_daily_t0.csv,"{""earning_money_snapshots_sha256"": ""b64c66637c7836c839e96c636af103580581f1ace0171e9390cf1715dd5abfc6"", ""market_daily_t0_sha256"": ""79daf8a0e04136773cc14cc4dcd5e116afa0d22fe73fa1dc1480b670f4a12fc8""}",57d65605112c0d3b8e53f1c80d32aa8d1fa593e7f2fece0af702069929374136,True,142,42,0.2957746478873239,25,0.176056338028169,56,0.3943661971830985,8,0.056338028169014,0,0.0,0,0.0,1,0.0070422535211267,10,0.0704225352112676,0.795774647887324,0.3169014084507042,0.0915492957746478,45.925,0.4507042253521127,0.8098591549295775,-1.485211267605634,0.6075352112676055,0.2323943661971831,0.4718309859154929,3.010598234254961,0.1408450704225352,0.1478873239436619,0.1056338028169014,0.5730853620311358,6.2,7.8,1.4,0.6000000000000005,,,0.3999999999999999,-2.8000000000000003,-2.8000000000000003,0.028169014084507,-0.2323943661971831,-0.1971830985915492,0.0915492957746478,-0.3380281690140844,-0.3661971830985915,-0.0352112676056337,-0.0070422535211267,0.2464788732394366,1.1,4.800000000000001,6.4,32.0,1727.46,1727.81,1735.2,1715.91,519224704.0,-0.0202568569460659,f5f748208a98c620,2026-08-17T12:51:40Z,45.07,80.99
2026-08-18,2026-08-24T14:19:07Z,2026-08-18,forecast_data_contract_v1,forecast_t0_features_v1,142,COMPLETE,2026-08-24T14:19:07Z,/workspace/data/earning_money_snapshots.csv,/workspace/data/earning_learning/market_daily_t0.csv,"{""earning_money_snapshots_sha256"": ""b64c66637c7836c839e96c636af103580581f1ace0171e9390cf1715dd5abfc6"", ""market_daily_t0_sha256"": ""79daf8a0e04136773cc14cc4dcd5e116afa0d22fe73fa1dc1480b670f4a12fc8""}",aeef3d8c7cf5a082a14dbb3516b72c32f45d8d38917baad077541f3b8856ac09,True,142,46,0.3169014084507042,35,0.2464788732394366,40,0.2816901408450704,6,0.0422535211267605,0,0.0,0,0.0,1,0.0140845070422535,14,0.0985915492957746,0.6830985915492958,0.2605633802816901,0.0915492957746478,43.53,0.4014084507042254,0.7605633802816901,-2.0033098591549297,-0.6939436619718308,0.2464788732394366,0.3169014084507042,3.704636872516262,0.1830985915492957,0.2253521126760563,0.1197183098591549,0.6043260602625862,5.7,7.6,1.3,-0.5,-1.2999999999999998,,-0.0999999999999998,-0.3999999999999999,-1.8,-0.056338028169014,-0.1338028169014083,-0.232394366197183,-0.0492957746478873,-0.1126760563380281,-0.4084507042253521,-0.0492957746478873,-0.0774647887323943,0.1267605633802816,-0.4999999999999998,4.4,6.3,30.0,1732.02,1727.62,1750.86,1724.33,548635840.0,0.2546856368877526,34749b4ed5545c69,2026-08-18T12:07:57Z,45.77,77.46
2026-08-19,2026-08-24T14:19:07Z,2026-08-19,forecast_data_contract_v1,forecast_t0_features_v1,142,COMPLETE,2026-08-24T14:19:07Z,/workspace/data/earning_money_snapshots.csv,/workspace/data/earning_learning/market_daily_t0.csv,"{""earning_money_snapshots_sha256"": ""b64c66637c7836c839e96c636af103580581f1ace0171e9390cf1715dd5abfc6"", ""market_daily_t0_sha256"": ""79daf8a0e04136773cc14cc4dcd5e116afa0d22fe73fa1dc1480b670f4a12fc8""}",abc1d97418db3fd8c74efb4ea2d8a96c82562a9e48eb880a7aa8ae66537fe129,True,142,60,0.4154929577464789,29,0.204225352112676,37,0.2605633802816901,7,0.0492957746478873,0,0.0,0,0.0,2,0.0070422535211267,12,0.0633802816901408,0.6619718309859155,0.2676056338028169,0.0915492957746478,44.375,0.323943661971831,0.704225352112676,-2.538028169014084,-0.6178169014084508,0.1830985915492957,0.3450704225352112,3.674080236991751,0.2253521126760563,0.2183098591549295,0.1056338028169014,0.7069417938931297,5.0,7.1,1.2,-0.7000000000000002,-0.5999999999999996,,-0.1,0.1999999999999999,-3.0,0.0070422535211267,-0.0211267605633803,-0.2816901408450705,-0.0774647887323943,-0.0352112676056338,-0.4647887323943661,-0.0563380281690141,-0.1408450704225352,-0.1126760563380282,-2.220446049250313e-16,3.8,5.9,26.0,1726.69,1732.02,1734.39,1719.16,572422912.0,-0.3077331670534922,62fcd336e056251e,2026-08-19T11:27:30Z,33.1,69.72
2026-08-20,2026-08-24T14:19:07Z,2026-08-20,forecast_data_contract_v1,forecast_t0_features_v1,142,COMPLETE,2026-08-24T14:19:07Z,/workspace/data/earning_money_snapshots.csv,/workspace/data/earning_learning/market_daily_t0.csv,"{""earning_money_snapshots_sha256"": ""b64c66637c7836c839e96c636af103580581f1ace0171e9390cf1715dd5abfc6"", ""market_daily_t0_sha256"": ""79daf8a0e04136773cc14cc4dcd5e116afa0d22fe73fa1dc1480b670f4a12fc8""}",d2b2c4f966ca174773e92b2709b97bd4d45b11e8254225c975a9ae78e48c1096,True,142,54,0.4084507042253521,17,0.1197183098591549,48,0.3380281690140845,6,0.0422535211267605,0,0.0,0,0.0,0,0.0070422535211267,11,0.0845070422535211,0.7394366197183099,0.323943661971831,0.0915492957746478,46.205,0.3943661971830985,0.676056338028169,-1.0108450704225351,0.7981690140845067,0.3098591549295774,0.4788732394366197,3.1492731330589177,0.1619718309859155,0.1901408450704225,0.1197183098591549,0.5656734428664254,5.3,7.2,1.1,0.2999999999999998,-0.9000000000000004,-1.7000000000000002,-0.0999999999999998,-0.2999999999999998,-0.5999999999999999,0.0563380281690141,0.0070422535211268,-0.0704225352112675,0.0704225352112675,-0.0563380281690141,-0.1197183098591549,-0.028169014084507,-0.1338028169014085,-0.1619718309859155,2.220446049250313e-16,4.199999999999999,6.1,28.0,1734.24,1735.56,1742.38,1729.48,463424256.0,-0.0760561432621154,8a921aba995f3102,2026-08-20T11:10:40Z,40.85,66.2
2026-08-21,2026-08-24T14:19:07Z,2026-08-21,forecast_data_contract_v1,forecast_t0_features_v1,142,COMPLETE,2026-08-24T14:19:07Z,/workspace/data/earning_money_snapshots.csv,/workspace/data/earning_learning/market_daily_t0.csv,"{""earning_money_snapshots_sha256"": ""b64c66637c7836c839e96c636af103580581f1ace0171e9390cf1715dd5abfc6"", ""market_daily_t0_sha256"": ""79daf8a0e04136773cc14cc4dcd5e116afa0d22fe73fa1dc1480b670f4a12fc8""}",fc7e17d99585c12e564929e2adf33d412049111114ada6b80eed9a6c13ad646e,True,142,8,0.056338028169014,10,0.0704225352112676,88,0.6197183098591549,7,0.0492957746478873,0,0.0,1,0.0070422535211267,7,0.0492957746478873,21,0.1478873239436619,0.943661971830986,0.6126760563380281,0.1408450704225352,51.795,0.7816901408450704,0.7183098591549296,1.9901408450704228,2.0550704225352114,0.7676056338028169,0.6690140845070423,2.907533620282252,0.0845070422535211,0.0704225352112676,0.2957746478873239,0.2184665636209863,9.0,9.6,3.8,3.7,3.3,3.4000000000000004,2.7,2.5,2.8,0.2887323943661971,0.352112676056338,0.3239436619718309,0.3873239436619718,0.380281690140845,0.4225352112676055,0.0422535211267606,-0.0422535211267605,-0.1267605633802816,2.8,5.2,5.8,61.0,1768.12,1733.52,1768.12,1725.4,777638144.0,1.9959388988878053,218f16d56cfc312a,2026-08-21T12:17:44Z,78.17,71.83
2026-08-24,2026-08-24T14:19:07Z,2026-08-24,forecast_data_contract_v1,forecast_t0_features_v1,142,COMPLETE,2026-08-24T14:19:07Z,/workspace/data/earning_money_snapshots.csv,/workspace/data/earning_learning/market_daily_t0.csv,"{""earning_money_snapshots_sha256"": ""b64c66637c7836c839e96c636af103580581f1ace0171e9390cf1715dd5abfc6"", ""market_daily_t0_sha256"": ""79daf8a0e04136773cc14cc4dcd5e116afa0d22fe73fa1dc1480b670f4a12fc8""}",4a26f755b63d2791cbfe267a2bc9d4594c581ac47939ff55c8fe0a36db634082,True,142,20,0.13380281690140844,9,0.06338028169014084,70,0.49295774647887325,14,0.09859154929577464,0,0.0,6,0.04225352112676056,7,0.04929577464788732,17,0.11971830985915492,0.9647887323943662,0.6901408450704225,0.2112676056338028,53.775,0.7535211267605634,0.6901408450704225,2.677887323943662,1.1347887323943664,0.823943661971831,0.5211267605633803,3.0638430952052293,0.07042253521126761,0.07042253521126761,0.3591549295774648,0.23771991898684752,9.6,10.1,3.6,0.5999999999999996,4.6,3.3999999999999995,-0.19999999999999973,2.4000000000000004,2.2,0.07746478873239437,0.4225352112676056,0.3732394366197183,-0.028169014084507005,0.4295774647887324,0.3028169014084507,-0.028169014084507116,-0.014084507042253502,-0.11971830985915499,-2.8999999999999995,6.0,6.5,69.0,1788.78,1787.54,1795.38,1778.4,845757440.0,0.0693690770556143,ce3662ce2c5d9895,2026-08-24T11:11:37Z,74.65,69.01
