trade_date,horizon,mature_trade_date,xs_mean_return,xs_median_return,xs_positive_share,n_common,mfe,mae,mfe_mae_basis,vni_return,rsi50_share_change,label_up,label_strong_up,label_down,label_recover_weak,label_fail_strong,thresholds_version,outcome_schema_version,t0_feature_hash,created_at,outcome_hash
2026-07-31,3,2026-08-05,1.9786256446164567,1.6730618957091714,77.46478873239437,142,3.361358864224912,1.9786256446164567,equal_weight_universe_path,,0.0845070422535211,1,1,0,,,forecast_label_thresholds_v1,forecast_outcomes_v1,5ed3c4802ea92e3410d9ace25e9a90bc0d1cf84e48342352569daae5e0c290cd,2026-08-24T14:19:07Z,d652df2053e7fb81a15a07b531124da3851c78a28fdd4b16d3f71dae568f52d2
2026-07-31,5,2026-08-07,3.6649770310623495,3.3835016835016885,86.61971830985915,142,3.6649770310623495,1.9786256446164567,equal_weight_universe_path,,0.2605633802816902,1,1,0,,,forecast_label_thresholds_v1,forecast_outcomes_v1,5ed3c4802ea92e3410d9ace25e9a90bc0d1cf84e48342352569daae5e0c290cd,2026-08-24T14:19:07Z,17a812559a730a9345fe5042ea7b77b8f339c33724d6a83b6aac1821fe193252
2026-07-31,10,2026-08-14,1.717185836159402,1.5259740259740195,64.7887323943662,142,4.4502178794294025,1.717185836159402,equal_weight_universe_path,,0.1338028169014085,1,1,0,,,forecast_label_thresholds_v1,forecast_outcomes_v1,5ed3c4802ea92e3410d9ace25e9a90bc0d1cf84e48342352569daae5e0c290cd,2026-08-24T14:19:08Z,0742b64a9bc92716d6b7d7b59e7f58bfba84048deb094853f2b56ce8cb3e674d
2026-08-03,3,2026-08-06,-0.1152628087630063,-0.1998541498314798,42.25352112676056,142,1.020073046225491,-0.3313392454005708,equal_weight_universe_path,,-0.0211267605633801,0,0,0,,,forecast_label_thresholds_v1,forecast_outcomes_v1,75085ca83796675c9a2798bb54892180113f18e5c848415ae4f4b758eb9b922b,2026-08-24T14:19:08Z,07bcfd5ab8b83a27a33ebf48d882248dd28c23c69ca686a93ca2b5f668f08937
2026-08-03,5,2026-08-10,1.89851142669086,1.8686428363847707,78.16901408450704,142,1.89851142669086,-0.3313392454005708,equal_weight_universe_path,,0.2183098591549296,1,1,0,,,forecast_label_thresholds_v1,forecast_outcomes_v1,75085ca83796675c9a2798bb54892180113f18e5c848415ae4f4b758eb9b922b,2026-08-24T14:19:08Z,74892dc3ef8004f1d4fea84776798aefa456753c4bc5d6c4aef48489cb10d46c
2026-08-03,10,2026-08-17,-0.1920988024846224,-0.1547987616099089,44.36619718309859,142,2.0842678136094435,-0.5868570601597014,equal_weight_universe_path,,0.0211267605633803,0,0,0,,,forecast_label_thresholds_v1,forecast_outcomes_v1,75085ca83796675c9a2798bb54892180113f18e5c848415ae4f4b758eb9b922b,2026-08-24T14:19:08Z,68b1f5915ecf8703055e5b0baeea25502bcaf186d583559ad4be20ca4c8d7c84
2026-08-04,3,2026-08-07,0.2937443645998172,-0.0699300699300686,45.07042253521127,142,0.2937443645998172,-1.3377661002162142,equal_weight_universe_path,,0.0915492957746478,1,0,0,,,forecast_label_thresholds_v1,forecast_outcomes_v1,94dfc8d28391f18f1f011f5fc95b704463285000abec5d793aa2247a9bc11325,2026-08-24T14:19:08Z,e7e67c7dac3ba8a946d3462813eb30e9f279c2964c28104f4cc1a7a01385bc4b
2026-08-04,5,2026-08-11,0.6826902763596934,0.6767880007316651,59.15492957746479,142,0.8695681501471313,-1.3377661002162142,equal_weight_universe_path,,0.1690140845070422,1,0,0,,,forecast_label_thresholds_v1,forecast_outcomes_v1,94dfc8d28391f18f1f011f5fc95b704463285000abec5d793aa2247a9bc11325,2026-08-24T14:19:08Z,6db8e6f125f74363ca4dc3745c1295aef1cc0cab994bd4136e1d0e486c927e1c
2026-08-04,10,2026-08-18,-1.915331275919982,-2.711882866264148,28.87323943661972,142,1.0534488199161842,-1.915331275919982,equal_weight_universe_path,,-0.0633802816901408,0,0,1,,,forecast_label_thresholds_v1,forecast_outcomes_v1,94dfc8d28391f18f1f011f5fc95b704463285000abec5d793aa2247a9bc11325,2026-08-24T14:19:09Z,faa4e62fb05f7cd77b1935d13d108931e92a5b81c2ab1bca3d60947cbe13c8c6
2026-08-05,3,2026-08-10,2.237263604435995,2.064741658614222,83.80281690140845,142,2.237263604435995,0.2167947627685862,equal_weight_universe_path,,0.2746478873239437,1,1,0,,,forecast_label_thresholds_v1,forecast_outcomes_v1,612f2fb08c4d43dd4a8fbda01189996bcb1bf6e2dc50d9bfad66f7fc1ee97a96,2026-08-24T14:19:09Z,f871508788ea2b7d7c6de0bec804ff7f11e768a7e9ecda70a4ac6fa940970de9
2026-08-05,5,2026-08-12,2.4236375212842773,1.980198019801982,78.87323943661971,142,2.4236375212842773,0.2167947627685862,equal_weight_universe_path,,0.3098591549295776,1,1,0,,,forecast_label_thresholds_v1,forecast_outcomes_v1,612f2fb08c4d43dd4a8fbda01189996bcb1bf6e2dc50d9bfad66f7fc1ee97a96,2026-08-24T14:19:09Z,ad9e4e9395f781f7fd002405e11478fb070ca0b67b70fa4505a3da201ae270d3
2026-08-05,10,2026-08-19,-0.7208038260147589,-1.4412422605238728,33.80281690140845,142,2.4236375212842773,-0.7208038260147589,equal_weight_universe_path,,0.028169014084507,0,0,0,,,forecast_label_thresholds_v1,forecast_outcomes_v1,612f2fb08c4d43dd4a8fbda01189996bcb1bf6e2dc50d9bfad66f7fc1ee97a96,2026-08-24T14:19:09Z,2af30d102a10abcfeab533b88351c45cdb8c51e8fe85ad7fc3e66d160f31bade
2026-08-06,3,2026-08-11,1.8270960330530384,1.6180700836820106,78.16901408450704,142,2.0160980466898906,1.4337291832030132,equal_weight_universe_path,,0.2183098591549295,1,1,0,,,forecast_label_thresholds_v1,forecast_outcomes_v1,7facc4d80c3fc478c3dc9add1c3db27ff4087bd897aac5a8861a028aab810ee1,2026-08-24T14:19:09Z,de5cfefc71a076a93e576e41ed9ead49ee5326f7ee51a4f4edbef52955fc0cd7
2026-08-06,5,2026-08-13,0.9628260663887148,0.3773638642059707,52.816901408450704,142,2.202068788709184,0.9628260663887148,equal_weight_universe_path,,0.1197183098591548,1,0,0,,,forecast_label_thresholds_v1,forecast_outcomes_v1,7facc4d80c3fc478c3dc9add1c3db27ff4087bd897aac5a8861a028aab810ee1,2026-08-24T14:19:09Z,62635028e40333f56d22179fdfec9688dc4475f31ac00d2d1e2c155f0578d5f9
2026-08-06,10,2026-08-20,-0.3623930203400078,-0.7641323663608868,39.436619718309856,142,2.202068788709184,-0.9355703213247182,equal_weight_universe_path,,0.0492957746478873,0,0,0,,,forecast_label_thresholds_v1,forecast_outcomes_v1,7facc4d80c3fc478c3dc9add1c3db27ff4087bd897aac5a8861a028aab810ee1,2026-08-24T14:19:10Z,479bff18ed8dbad6efab1c93af8f05aa5359895cf345ef03a6ade59524a982f9
2026-08-07,3,2026-08-12,0.7574794022592357,0.3869459920069262,57.04225352112676,142,0.7574794022592357,0.3878067512824685,equal_weight_universe_path,,0.1338028169014085,1,0,0,,,forecast_label_thresholds_v1,forecast_outcomes_v1,c874c967327ddfb5c2116827756d7697178a5645c624e7c6e3bbc529472da41a,2026-08-24T14:19:10Z,405a44fe0f31add557218d84de1ffb23075e7fddad87bad1f8ebdb2d0ac01d47
2026-08-07,5,2026-08-14,-1.878928882914124,-2.1824784728874724,25.352112676056336,142,0.7574794022592357,-1.878928882914124,equal_weight_universe_path,,-0.1267605633802817,0,0,1,,,forecast_label_thresholds_v1,forecast_outcomes_v1,c874c967327ddfb5c2116827756d7697178a5645c624e7c6e3bbc529472da41a,2026-08-24T14:19:10Z,5b7932c257d67c0aa7a3b66495aedce66c04bb5b9a99a20e5f0d9f79804e6c9e
2026-08-07,10,2026-08-21,0.2241175596828952,0.0,46.478873239436616,142,0.7574794022592357,-2.3358103104426533,equal_weight_universe_path,,0.1971830985915492,1,0,0,,,forecast_label_thresholds_v1,forecast_outcomes_v1,c874c967327ddfb5c2116827756d7697178a5645c624e7c6e3bbc529472da41a,2026-08-24T14:19:10Z,a08766b39a0263e710efeebca4a5c5360c8f9df48ee6616ace078434f563ed00
2026-08-10,3,2026-08-13,-1.0324566421067516,-1.2715517241379315,23.239436619718308,142,0.1822954862811627,-1.0324566421067516,equal_weight_universe_path,,-0.1197183098591549,0,0,1,,,forecast_label_thresholds_v1,forecast_outcomes_v1,ddad1dd421321764f291554629b30921be89bdda44f425711e0dc24b268ec807,2026-08-24T14:19:10Z,88e00a15e39bbf4c84b9d96337c20c3c01c98307ef3d827c3886f947471a7003
2026-08-10,5,2026-08-17,-2.051659243991552,-2.1486591277219413,21.83098591549296,142,0.1822954862811627,-2.439062604598135,equal_weight_universe_path,,-0.1971830985915493,0,0,1,,,forecast_label_thresholds_v1,forecast_outcomes_v1,ddad1dd421321764f291554629b30921be89bdda44f425711e0dc24b268ec807,2026-08-24T14:19:10Z,4390ab734c1453e1a65dd3eddfa04f8814940c336b395b3cb5dd065c14e5a762
2026-08-10,10,2026-08-24,0.4967309255424794,0.0,46.478873239436616,142,0.4967309255424794,-2.89333587985665,equal_weight_universe_path,,0.176056338028169,1,0,0,,,forecast_label_thresholds_v1,forecast_outcomes_v1,ddad1dd421321764f291554629b30921be89bdda44f425711e0dc24b268ec807,2026-08-24T14:19:11Z,c64b06bedf3e83ff4456c551111639861084a5a83d17790815ba8bfc962a0836
2026-08-11,3,2026-08-14,-2.2579790390406345,-2.377971201809481,15.492957746478872,142,0.3682445736588988,-2.2579790390406345,equal_weight_universe_path,,-0.204225352112676,0,0,1,,,forecast_label_thresholds_v1,forecast_outcomes_v1,2865ba0670dc0f50a9d3fc2cec3d2c1765b3aa50ffbfef907c31c25c9bc9f060,2026-08-24T14:19:11Z,9d613ff0e7391d190983fa4d5b9cccbedad37c9f5e01bee543a1d9894fa4d6d3
2026-08-11,5,2026-08-18,-2.580405375689196,-2.873658133773743,20.422535211267608,142,0.3682445736588988,-2.580405375689196,equal_weight_universe_path,,-0.232394366197183,0,0,1,,,forecast_label_thresholds_v1,forecast_outcomes_v1,2865ba0670dc0f50a9d3fc2cec3d2c1765b3aa50ffbfef907c31c25c9bc9f060,2026-08-24T14:19:11Z,0dd39e826176aa3fb31bfc0710624865bdce7683298cecd08a26456894fc477f
2026-08-12,3,2026-08-17,-2.229889741924154,-2.597512004717639,16.19718309859155,142,-1.2125417195638877,-2.616588168753111,equal_weight_universe_path,,-0.2323943661971831,0,0,1,,,forecast_label_thresholds_v1,forecast_outcomes_v1,fd66b7b91cbcbd1ae8c71de1891f5fb26fde7af22b4d10410caf845c3e6301cb,2026-08-24T14:19:11Z,fe54804632571719bc2a960c7109e7131ed2eac2ab50c7f6d6e4f84a41c9e319
2026-08-12,5,2026-08-19,-3.070034831213249,-3.1664801969120635,18.30985915492958,142,-1.2125417195638877,-3.070034831213249,equal_weight_universe_path,,-0.2816901408450705,0,0,1,,,forecast_label_thresholds_v1,forecast_outcomes_v1,fd66b7b91cbcbd1ae8c71de1891f5fb26fde7af22b4d10410caf845c3e6301cb,2026-08-24T14:19:11Z,1a331ca2501c572830a7c13b13ce202d534bdd1a977145e3dbe4dd5ec80a67dd
2026-08-13,3,2026-08-18,-1.746466458973046,-1.775026775026778,22.53521126760564,142,-1.0298352038497,-1.746466458973046,equal_weight_universe_path,-1.903569830598717,-0.1338028169014083,0,0,1,,,forecast_label_thresholds_v1,forecast_outcomes_v1,0b38d4a44151182c2f9e939b6c47fa6eefdd99fe0a429f2da621ef4557eb4c12,2026-08-24T14:19:11Z,60c27c72dcec78e7522ae3e6d06245b231301bcd6407ffe6a9b03b9910ecaf85
2026-08-13,5,2026-08-20,-1.312581212670608,-1.4015715221144087,29.577464788732392,142,-1.0298352038497,-1.88029244195792,equal_weight_universe_path,-1.777835673385708,-0.0704225352112675,0,0,1,0.0,0.0,forecast_label_thresholds_v1,forecast_outcomes_v1,0b38d4a44151182c2f9e939b6c47fa6eefdd99fe0a429f2da621ef4557eb4c12,2026-08-24T14:19:12Z,86a3b5edc29d7ba8d7ce649bfce780468550c5984aef9132268538a3964b9c77
2026-08-14,3,2026-08-19,-0.4656302895260182,-0.4566305254378622,36.61971830985916,142,0.3970886001602167,-0.4656302895260182,equal_weight_universe_path,-0.1382237953131082,-0.0211267605633803,0,0,0,,,forecast_label_thresholds_v1,forecast_outcomes_v1,64297c20855aea2ff388a530b8a4df8df528e99e430ac175b80b183c490a1f31,2026-08-24T14:19:12Z,99622f1e2991a054c2c83732ac90675770e283b88e35b30ddb1bce24ccd87e1a
2026-08-14,5,2026-08-21,2.143317860938865,2.1770623197628014,81.69014084507043,142,2.143317860938865,-0.4656302895260182,equal_weight_universe_path,2.257848104194138,0.3239436619718309,1,1,0,1.0,0.0,forecast_label_thresholds_v1,forecast_outcomes_v1,64297c20855aea2ff388a530b8a4df8df528e99e430ac175b80b183c490a1f31,2026-08-24T14:19:12Z,e25088c6f911ee08ebfcd2e7b9a270fa18f11191edb0394a891a7adc03afb397
2026-08-17,3,2026-08-20,-0.2856881257127099,-0.3014783335149429,39.436619718309856,142,-0.2856881257127099,-0.8593066808162888,equal_weight_universe_path,0.3924837622868216,0.0070422535211268,0,0,0,,,forecast_label_thresholds_v1,forecast_outcomes_v1,57d65605112c0d3b8e53f1c80d32aa8d1fa593e7f2fece0af702069929374136,2026-08-24T14:19:12Z,3bed48ddedc41e73f5b5beec72a0891ddb3f7c320d5021d5ff59e4bc05d54984
2026-08-17,5,2026-08-24,2.6017696163757904,2.433333333333343,81.69014084507043,142,2.6017696163757904,-0.8593066808162888,equal_weight_universe_path,3.549720398735712,0.3732394366197183,1,1,0,0.0,0.0,forecast_label_thresholds_v1,forecast_outcomes_v1,57d65605112c0d3b8e53f1c80d32aa8d1fa593e7f2fece0af702069929374136,2026-08-24T14:19:12Z,3618a7142edf8ac2c32441cd1eb04cd2f2bac86026a40cd773df3e1f463bcaf6
2026-08-18,3,2026-08-21,2.481378144581342,2.4387688055102386,86.61971830985915,142,2.481378144581342,-0.136204753317088,equal_weight_universe_path,2.0842715442084936,0.352112676056338,1,1,0,,,forecast_label_thresholds_v1,forecast_outcomes_v1,aeef3d8c7cf5a082a14dbb3516b72c32f45d8d38917baad077541f3b8856ac09,2026-08-24T14:19:12Z,651359dac586516b5e3f5871be1902c47141ec645d14fd05e72caeb08659622e
2026-08-19,3,2026-08-24,3.4910753408281323,2.7794572081149993,94.36619718309859,142,3.4910753408281323,0.5785904212479238,equal_weight_universe_path,3.595897352738464,0.4225352112676056,1,1,0,,,forecast_label_thresholds_v1,forecast_outcomes_v1,abc1d97418db3fd8c74efb4ea2d8a96c82562a9e48eb880a7aa8ae66537fe129,2026-08-24T14:19:12Z,0ae210695aed1d8312080d7163819922007830f41472354eb3f8ef07af22aff5
