trade_date,snapshot_asof,data_cutoff,trading_session_id,schema_version,completeness_status,expected_universe_size,universe_count,created_at,source_ems_path,source_md_path,source_hashes_json,camera_coupled,outcomes_embedded,cnt_THEO DÕI,share_THEO DÕI,cnt_TÍCH LŨY,share_TÍCH LŨY,cnt_MUA EARLY,share_MUA EARLY,cnt_PULL VỪA,share_PULL VỪA,cnt_PULL ĐẸP,share_PULL ĐẸP,cnt_MUA BREAK,share_MUA BREAK,cnt_CP MẠNH,share_CP MẠNH,cnt_GÀ TĂNG TỐC,share_GÀ TĂNG TỐC,rsi40_share,rsi50_share,rsi60_share,med_rsi14,obv_green_share,slope_pos_share,mean_rs5,mean_rs10,pos_rs5_share,pos_rs10_share,rs5_dispersion,near_low20_share,near_low60_share,near_high20_share,lead_conc_top10,market_real,market_live,market_forecast,market_forecast_d1,market_forecast_d3,market_forecast_d5,foreign_net_flow,foreign_buy,foreign_sell,market_turnover,market_adv,vnindex_rsi,vnindex_macd,vnindex_bb_upper,vnindex_bb_lower,sector_participation_json,record_hash,market_regime,market_regime_note,breadth_score,vnindex_open,vnindex_high,vnindex_low,vnindex_close,vnindex_volume,vnindex_daily_return_pct,market_daily_captured_at,market_daily_snapshot_id
2026-07-31,2026-08-24T14:41:06Z,2026-07-31,VN_EQUITY_2026-07-31,minimum_daily_research_record_v1,PARTIAL,142,142,2026-08-24T14:41:06Z,/workspace/data/earning_money_snapshots.csv,/workspace/data/earning_learning/market_daily_t0.csv,"{""earning_money_snapshots_sha256"": ""b64c66637c7836c839e96c636af103580581f1ace0171e9390cf1715dd5abfc6"", ""market_daily_t0_sha256"": ""79daf8a0e04136773cc14cc4dcd5e116afa0d22fe73fa1dc1480b670f4a12fc8""}",False,False,71,0.5,21,0.1478873239436619,45,0.3169014084507042,1,0.0070422535211267,0,0.0,1,0.0070422535211267,3,0.0211267605633802,0,0.0,0.4859154929577465,0.1549295774647887,0.0211267605633802,39.625,0.4225352112676056,0.0845070422535211,1.436267605633803,-5.432957746478874,0.5704225352112676,0.1549295774647887,3.968400290299549,0.204225352112676,0.2676056338028169,0.0492957746478873,0.3382207984228684,,,0.0,,,,,,,,,,,,,,365f5b3dc871dd0d08fdcce9082f64b5eed707f97a1478deb3dbf439bdb2376d,,,,,,,,,,,
2026-08-03,2026-08-24T14:41:06Z,2026-08-03,VN_EQUITY_2026-08-03,minimum_daily_research_record_v1,PARTIAL,142,142,2026-08-24T14:41:06Z,/workspace/data/earning_money_snapshots.csv,/workspace/data/earning_learning/market_daily_t0.csv,"{""earning_money_snapshots_sha256"": ""b64c66637c7836c839e96c636af103580581f1ace0171e9390cf1715dd5abfc6"", ""market_daily_t0_sha256"": ""79daf8a0e04136773cc14cc4dcd5e116afa0d22fe73fa1dc1480b670f4a12fc8""}",False,False,15,0.1056338028169014,10,0.0704225352112676,107,0.7535211267605634,4,0.028169014084507,0,0.0,1,0.0070422535211267,3,0.0211267605633802,2,0.0140845070422535,0.7816901408450704,0.2957746478873239,0.0492957746478873,45.645,0.8028169014084507,0.1197183098591549,6.49887323943662,0.6109859154929581,0.9154929577464788,0.5352112676056338,4.84592789475068,0.056338028169014,0.0774647887323943,0.0704225352112676,0.1864426654158982,,,0.7,0.7,,,,,,,,,,,,,16c6443b0941362c15eee91dab197074205ca64e1630935b240adf50733b8545,,,,,,,,,,,
2026-08-04,2026-08-24T14:41:07Z,2026-08-04,VN_EQUITY_2026-08-04,minimum_daily_research_record_v1,PARTIAL,142,142,2026-08-24T14:41:07Z,/workspace/data/earning_money_snapshots.csv,/workspace/data/earning_learning/market_daily_t0.csv,"{""earning_money_snapshots_sha256"": ""b64c66637c7836c839e96c636af103580581f1ace0171e9390cf1715dd5abfc6"", ""market_daily_t0_sha256"": ""79daf8a0e04136773cc14cc4dcd5e116afa0d22fe73fa1dc1480b670f4a12fc8""}",False,False,16,0.1126760563380281,8,0.056338028169014,102,0.7183098591549296,4,0.028169014084507,0,0.0,3,0.0211267605633802,4,0.028169014084507,5,0.0352112676056338,0.8661971830985915,0.323943661971831,0.0915492957746478,46.92,0.7605633802816901,0.204225352112676,6.185281690140845,2.71943661971831,0.9014084507042254,0.676056338028169,5.046001815026529,0.0422535211267605,0.0915492957746478,0.1197183098591549,0.2084679267215844,,,1.7,1.0,,,,,,,,,,,,,298109d4a20cb1edb29e5d7ecd37bc7430bfdc9d74e7128d5ab6c0c6794cc980,,,,,,,,,,,
2026-08-05,2026-08-24T14:41:07Z,2026-08-05,VN_EQUITY_2026-08-05,minimum_daily_research_record_v1,PARTIAL,142,142,2026-08-24T14:41:07Z,/workspace/data/earning_money_snapshots.csv,/workspace/data/earning_learning/market_daily_t0.csv,"{""earning_money_snapshots_sha256"": ""b64c66637c7836c839e96c636af103580581f1ace0171e9390cf1715dd5abfc6"", ""market_daily_t0_sha256"": ""79daf8a0e04136773cc14cc4dcd5e116afa0d22fe73fa1dc1480b670f4a12fc8""}",False,False,41,0.2887323943661972,21,0.1478873239436619,72,0.5070422535211268,3,0.0211267605633802,0,0.0,0,0.0,3,0.0211267605633802,2,0.0140845070422535,0.7605633802816901,0.2394366197183098,0.0633802816901408,44.84,0.5915492957746479,0.2535211267605634,4.540985915492957,3.583591549295775,0.8450704225352113,0.7183098591549296,4.59363610205446,0.1267605633802817,0.1478873239436619,0.0704225352112676,0.2332136072191878,,,0.0,-1.7,0.0,,,,,,,,,,,,dd7442cb808861ec87aa3de54dc2ae9e767bcabed5a56ce037a1829d943e528a,,,,,,,,,,,
2026-08-06,2026-08-24T14:41:07Z,2026-08-06,VN_EQUITY_2026-08-06,minimum_daily_research_record_v1,PARTIAL,142,142,2026-08-24T14:41:07Z,/workspace/data/earning_money_snapshots.csv,/workspace/data/earning_learning/market_daily_t0.csv,"{""earning_money_snapshots_sha256"": ""b64c66637c7836c839e96c636af103580581f1ace0171e9390cf1715dd5abfc6"", ""market_daily_t0_sha256"": ""79daf8a0e04136773cc14cc4dcd5e116afa0d22fe73fa1dc1480b670f4a12fc8""}",False,False,43,0.3028169014084507,12,0.0845070422535211,71,0.5,7,0.0492957746478873,0,0.0,0,0.0,3,0.0211267605633802,6,0.0422535211267605,0.7605633802816901,0.2746478873239437,0.0633802816901408,45.89,0.5845070422535211,0.3591549295774648,1.895985915492958,2.6845774647887324,0.6408450704225352,0.6126760563380281,4.055871509543649,0.1126760563380281,0.1197183098591549,0.0774647887323943,0.3315242100477382,,,0.4,0.4,-0.2999999999999999,,,,,,,,,,,,adf44f8d620bc0bb69f3512ffe873470166a23c1f681640e83e88d122adb512a,,,,,,,,,,,
2026-08-07,2026-08-24T14:41:07Z,2026-08-07,VN_EQUITY_2026-08-07,minimum_daily_research_record_v1,PARTIAL,142,142,2026-08-24T14:41:07Z,/workspace/data/earning_money_snapshots.csv,/workspace/data/earning_learning/market_daily_t0.csv,"{""earning_money_snapshots_sha256"": ""b64c66637c7836c839e96c636af103580581f1ace0171e9390cf1715dd5abfc6"", ""market_daily_t0_sha256"": ""79daf8a0e04136773cc14cc4dcd5e116afa0d22fe73fa1dc1480b670f4a12fc8""}",False,False,12,0.0845070422535211,12,0.0845070422535211,85,0.5985915492957746,4,0.028169014084507,0,0.0,3,0.0211267605633802,13,0.0915492957746478,13,0.0915492957746478,0.8943661971830986,0.4154929577464789,0.1267605633802817,48.82,0.8098591549295775,0.4436619718309859,4.141901408450704,5.585281690140845,0.8802816901408451,0.8591549295774648,4.419721427166747,0.0633802816901408,0.0633802816901408,0.1478873239436619,0.2454630135226287,,,4.1,3.7,2.3999999999999995,4.1,,,,,,,,,,,10d3fbec848a8919c785a25911638b5ceed1ae6ad0054177dc168198295550bb,,,,,,,,,,,
2026-08-10,2026-08-24T14:41:07Z,2026-08-10,VN_EQUITY_2026-08-10,minimum_daily_research_record_v1,PARTIAL,142,142,2026-08-24T14:41:07Z,/workspace/data/earning_money_snapshots.csv,/workspace/data/earning_learning/market_daily_t0.csv,"{""earning_money_snapshots_sha256"": ""b64c66637c7836c839e96c636af103580581f1ace0171e9390cf1715dd5abfc6"", ""market_daily_t0_sha256"": ""79daf8a0e04136773cc14cc4dcd5e116afa0d22fe73fa1dc1480b670f4a12fc8""}",False,False,8,0.056338028169014,11,0.0774647887323943,90,0.6338028169014085,5,0.0352112676056338,0,0.0,3,0.0211267605633802,10,0.0704225352112676,15,0.1056338028169014,0.9366197183098592,0.5140845070422535,0.1690140845070422,50.260000000000005,0.8169014084507042,0.5633802816901409,2.499014084507042,9.160704225352116,0.7605633802816901,0.9295774647887324,3.752810069566529,0.056338028169014,0.0492957746478873,0.2323943661971831,0.2940341969685656,,,4.2,0.1000000000000005,4.2,3.5,,,,,,,,,,,decf5ebd7174b61ef7e30d3de10e421204af76411c05352504ce9f251901cf04,,,,,,,,,,,
2026-08-11,2026-08-24T14:41:07Z,2026-08-11,VN_EQUITY_2026-08-11,minimum_daily_research_record_v1,PARTIAL,142,142,2026-08-24T14:41:07Z,/workspace/data/earning_money_snapshots.csv,/workspace/data/earning_learning/market_daily_t0.csv,"{""earning_money_snapshots_sha256"": ""b64c66637c7836c839e96c636af103580581f1ace0171e9390cf1715dd5abfc6"", ""market_daily_t0_sha256"": ""79daf8a0e04136773cc14cc4dcd5e116afa0d22fe73fa1dc1480b670f4a12fc8""}",False,False,11,0.0774647887323943,13,0.0915492957746478,89,0.6267605633802817,13,0.0915492957746478,0,0.0,1,0.0070422535211267,3,0.0211267605633802,12,0.0845070422535211,0.9366197183098592,0.4929577464788732,0.1126760563380281,49.725,0.8098591549295775,0.6338028169014085,1.6371830985915492,7.515422535211266,0.6830985915492958,0.9295774647887324,3.381156033410098,0.0422535211267605,0.0422535211267605,0.204225352112676,0.3601291696726098,,,3.1,-1.1,2.7,1.4,,,,,,,,,,,dabb4c62690cfc07a0c409c0a76dfa6d9bf6d23b25bdd4be610e7cabe42ce1c5,,,,,,,,,,,
2026-08-12,2026-08-24T14:41:07Z,2026-08-12,VN_EQUITY_2026-08-12,minimum_daily_research_record_v1,PARTIAL,142,142,2026-08-24T14:41:07Z,/workspace/data/earning_money_snapshots.csv,/workspace/data/earning_learning/market_daily_t0.csv,"{""earning_money_snapshots_sha256"": ""b64c66637c7836c839e96c636af103580581f1ace0171e9390cf1715dd5abfc6"", ""market_daily_t0_sha256"": ""79daf8a0e04136773cc14cc4dcd5e116afa0d22fe73fa1dc1480b670f4a12fc8""}",False,False,6,0.0422535211267605,8,0.056338028169014,96,0.676056338028169,9,0.0633802816901408,0,0.0,3,0.0211267605633802,6,0.0422535211267605,14,0.0985915492957746,0.9507042253521126,0.5492957746478874,0.1690140845070422,50.555,0.7887323943661971,0.8169014084507042,2.237887323943662,7.319154929577466,0.7605633802816901,0.9507042253521126,3.464543982761752,0.0422535211267605,0.0422535211267605,0.2323943661971831,0.2841673502871205,,,4.2,1.1,0.1000000000000005,4.2,,,,,,,,,,,df64a2063d5adbe64e7d285b91337adb7db31a5f2dd4ff38758ee7ceead10962,,,,,,,,,,,
2026-08-13,2026-08-13T13:52:40Z,2026-08-13,VN_EQUITY_2026-08-13,minimum_daily_research_record_v1,COMPLETE,142,142,2026-08-24T14:41:07Z,/workspace/data/earning_money_snapshots.csv,/workspace/data/earning_learning/market_daily_t0.csv,"{""earning_money_snapshots_sha256"": ""b64c66637c7836c839e96c636af103580581f1ace0171e9390cf1715dd5abfc6"", ""market_daily_t0_sha256"": ""79daf8a0e04136773cc14cc4dcd5e116afa0d22fe73fa1dc1480b670f4a12fc8""}",False,False,47,0.3309859154929577,15,0.1056338028169014,56,0.3943661971830985,9,0.0633802816901408,0,0.0,2,0.0140845070422535,1,0.0070422535211267,12,0.0845070422535211,0.8732394366197183,0.3943661971830985,0.1197183098591549,46.96,0.5140845070422535,0.8380281690140845,1.828661971830986,3.0620422535211262,0.647887323943662,0.6971830985915493,3.6739368084060215,0.0633802816901408,0.0845070422535211,0.1549295774647887,0.3167946979966862,7.0,8.6,1.7,-2.5,-2.5,1.2999999999999998,,,,,,,,,,,f3928c2451c7c1224124210024290aa36534406370a7271fc572fae4bb4fc3c8,🟡 TRUNG TÍNH,"Market trung tính: ưu tiên Pull/Early, mua nhỏ, stop gần.",39.0,1793.81,1798.79,1765.63,1765.63,743382208.0,-1.5709579052407885,2026-08-13T13:52:40Z,6ced2d56be65d7ca
2026-08-14,2026-08-14T11:22:16Z,2026-08-14,VN_EQUITY_2026-08-14,minimum_daily_research_record_v1,COMPLETE,142,142,2026-08-24T14:41:07Z,/workspace/data/earning_money_snapshots.csv,/workspace/data/earning_learning/market_daily_t0.csv,"{""earning_money_snapshots_sha256"": ""b64c66637c7836c839e96c636af103580581f1ace0171e9390cf1715dd5abfc6"", ""market_daily_t0_sha256"": ""79daf8a0e04136773cc14cc4dcd5e116afa0d22fe73fa1dc1480b670f4a12fc8""}",False,False,58,0.4084507042253521,24,0.1690140845070422,47,0.3309859154929577,5,0.0352112676056338,0,0.0,0,0.0,0,0.0,8,0.056338028169014,0.7535211267605634,0.2887323943661972,0.0774647887323943,44.865,0.3591549295774648,0.8450704225352113,-0.1360563380281691,2.577816901408451,0.3943661971830985,0.6830985915492958,3.399767609443616,0.1549295774647887,0.1478873239436619,0.0774647887323943,0.4747934379116273,5.6,7.6,1.0,-0.7,-2.1,-3.1,,,,,,,,,,,63e9213d7e54101fc5793db268f9aeaffe464454fa0a69440cdf361f5734d3ca,🔴 MÙA ĐÔNG,"Market yếu: chỉ lập watchlist, chưa giải ngân thật.",29.0,1763.6,1763.6,1717.64,1729.08,737002304.0,-1.957359945565884,2026-08-14T11:22:16Z,a4ab9da3bbc9a6c3
2026-08-17,2026-08-17T12:51:40Z,2026-08-17,VN_EQUITY_2026-08-17,minimum_daily_research_record_v1,COMPLETE,142,142,2026-08-24T14:41:07Z,/workspace/data/earning_money_snapshots.csv,/workspace/data/earning_learning/market_daily_t0.csv,"{""earning_money_snapshots_sha256"": ""b64c66637c7836c839e96c636af103580581f1ace0171e9390cf1715dd5abfc6"", ""market_daily_t0_sha256"": ""79daf8a0e04136773cc14cc4dcd5e116afa0d22fe73fa1dc1480b670f4a12fc8""}",False,False,42,0.2957746478873239,25,0.176056338028169,56,0.3943661971830985,8,0.056338028169014,0,0.0,0,0.0,1,0.0070422535211267,10,0.0704225352112676,0.795774647887324,0.3169014084507042,0.0915492957746478,45.925,0.4507042253521127,0.8098591549295775,-1.485211267605634,0.6075352112676055,0.2323943661971831,0.4718309859154929,3.010598234254961,0.1408450704225352,0.1478873239436619,0.1056338028169014,0.5730853620311358,6.2,7.8,1.4,0.3999999999999999,-2.8000000000000003,-2.8000000000000003,,,,,,,,,,,f80a64be1c4c12644143e24b7f7a8aab4992e490f642bfcbf0fc621aace19cf1,🟡 TRUNG TÍNH,"Market trung tính: ưu tiên Pull/Early, mua nhỏ, stop gần.",32.0,1727.81,1735.2,1715.91,1727.46,519224704.0,-0.0202568569460659,2026-08-17T12:51:40Z,f5f748208a98c620
2026-08-18,2026-08-18T12:07:57Z,2026-08-18,VN_EQUITY_2026-08-18,minimum_daily_research_record_v1,COMPLETE,142,142,2026-08-24T14:41:07Z,/workspace/data/earning_money_snapshots.csv,/workspace/data/earning_learning/market_daily_t0.csv,"{""earning_money_snapshots_sha256"": ""b64c66637c7836c839e96c636af103580581f1ace0171e9390cf1715dd5abfc6"", ""market_daily_t0_sha256"": ""79daf8a0e04136773cc14cc4dcd5e116afa0d22fe73fa1dc1480b670f4a12fc8""}",False,False,45,0.3169014084507042,35,0.2464788732394366,40,0.2816901408450704,6,0.0422535211267605,0,0.0,0,0.0,2,0.0140845070422535,14,0.0985915492957746,0.6830985915492958,0.2605633802816901,0.0915492957746478,43.53,0.4014084507042254,0.7605633802816901,-2.0033098591549297,-0.6939436619718308,0.2464788732394366,0.3169014084507042,3.704636872516262,0.1830985915492957,0.2253521126760563,0.1197183098591549,0.6043260602625862,5.7,7.6,1.3,-0.0999999999999998,-0.3999999999999999,-1.8,,,,,,,,,,,7ae6ef31faebaf7ecec85402c1148486b34a52110e8792b2299a58382ae4927f,🔴 MÙA ĐÔNG,"Market yếu: chỉ lập watchlist, chưa giải ngân thật.",30.0,1727.62,1750.86,1724.33,1732.02,548635840.0,0.2546856368877526,2026-08-18T12:07:57Z,34749b4ed5545c69
2026-08-19,2026-08-19T11:27:30Z,2026-08-19,VN_EQUITY_2026-08-19,minimum_daily_research_record_v1,COMPLETE,142,142,2026-08-24T14:41:07Z,/workspace/data/earning_money_snapshots.csv,/workspace/data/earning_learning/market_daily_t0.csv,"{""earning_money_snapshots_sha256"": ""b64c66637c7836c839e96c636af103580581f1ace0171e9390cf1715dd5abfc6"", ""market_daily_t0_sha256"": ""79daf8a0e04136773cc14cc4dcd5e116afa0d22fe73fa1dc1480b670f4a12fc8""}",False,False,59,0.4154929577464789,29,0.204225352112676,37,0.2605633802816901,7,0.0492957746478873,0,0.0,0,0.0,1,0.0070422535211267,9,0.0633802816901408,0.6619718309859155,0.2676056338028169,0.0915492957746478,44.375,0.323943661971831,0.704225352112676,-2.538028169014084,-0.6178169014084508,0.1830985915492957,0.3450704225352112,3.674080236991751,0.2253521126760563,0.2183098591549295,0.1056338028169014,0.7069417938931297,5.0,7.1,1.2,-0.1,0.1999999999999999,-3.0,,,,,,,,,,,4197a8cb0329ec3143d5f84efadced7a2a2dc925679519c2c14cf9359a9ba7b4,🔴 MÙA ĐÔNG,"Market yếu: chỉ lập watchlist, chưa giải ngân thật.",26.0,1732.02,1734.39,1719.16,1726.69,572422912.0,-0.3077331670534922,2026-08-19T11:27:30Z,62fcd336e056251e
2026-08-20,2026-08-20T11:10:40Z,2026-08-20,VN_EQUITY_2026-08-20,minimum_daily_research_record_v1,COMPLETE,142,142,2026-08-24T14:41:07Z,/workspace/data/earning_money_snapshots.csv,/workspace/data/earning_learning/market_daily_t0.csv,"{""earning_money_snapshots_sha256"": ""b64c66637c7836c839e96c636af103580581f1ace0171e9390cf1715dd5abfc6"", ""market_daily_t0_sha256"": ""79daf8a0e04136773cc14cc4dcd5e116afa0d22fe73fa1dc1480b670f4a12fc8""}",False,False,58,0.4084507042253521,17,0.1197183098591549,48,0.3380281690140845,6,0.0422535211267605,0,0.0,0,0.0,1,0.0070422535211267,12,0.0845070422535211,0.7394366197183099,0.323943661971831,0.0915492957746478,46.205,0.3943661971830985,0.676056338028169,-1.0108450704225351,0.7981690140845067,0.3098591549295774,0.4788732394366197,3.1492731330589177,0.1619718309859155,0.1901408450704225,0.1197183098591549,0.5656734428664254,5.3,7.2,1.1,-0.0999999999999998,-0.2999999999999998,-0.5999999999999999,,,,,,,,,,,a1e381cd340564f4f767c893f9e2bb445c6a83856c151b077768617db45953c9,🔴 MÙA ĐÔNG,"Market yếu: chỉ lập watchlist, chưa giải ngân thật.",28.0,1735.56,1742.38,1729.48,1734.24,463424256.0,-0.0760561432621154,2026-08-20T11:10:40Z,8a921aba995f3102
2026-08-21,2026-08-21T12:17:44Z,2026-08-21,VN_EQUITY_2026-08-21,minimum_daily_research_record_v1,COMPLETE,142,142,2026-08-24T14:41:07Z,/workspace/data/earning_money_snapshots.csv,/workspace/data/earning_learning/market_daily_t0.csv,"{""earning_money_snapshots_sha256"": ""b64c66637c7836c839e96c636af103580581f1ace0171e9390cf1715dd5abfc6"", ""market_daily_t0_sha256"": ""79daf8a0e04136773cc14cc4dcd5e116afa0d22fe73fa1dc1480b670f4a12fc8""}",False,False,8,0.056338028169014,10,0.0704225352112676,88,0.6197183098591549,7,0.0492957746478873,0,0.0,1,0.0070422535211267,7,0.0492957746478873,21,0.1478873239436619,0.943661971830986,0.6126760563380281,0.1408450704225352,51.795,0.7816901408450704,0.7183098591549296,1.9901408450704228,2.0550704225352114,0.7676056338028169,0.6690140845070423,2.907533620282252,0.0845070422535211,0.0704225352112676,0.2957746478873239,0.2184665636209863,9.0,9.6,3.8,2.7,2.5,2.8,,,,,,,,,,,299976cc6b4df416b433f2b8dbfce96214fab9c87af436055bd9450590074db6,🟡 TRUNG TÍNH,"Market trung tính: ưu tiên Pull/Early, mua nhỏ, stop gần.",61.0,1733.52,1768.12,1725.4,1768.12,777638144.0,1.9959388988878053,2026-08-21T12:17:44Z,218f16d56cfc312a
2026-08-24,2026-08-24T11:11:37Z,2026-08-24,VN_EQUITY_2026-08-24,minimum_daily_research_record_v1,COMPLETE,142,142,2026-08-24T14:41:07Z,/workspace/data/earning_money_snapshots.csv,/workspace/data/earning_learning/market_daily_t0.csv,"{""earning_money_snapshots_sha256"": ""b64c66637c7836c839e96c636af103580581f1ace0171e9390cf1715dd5abfc6"", ""market_daily_t0_sha256"": ""79daf8a0e04136773cc14cc4dcd5e116afa0d22fe73fa1dc1480b670f4a12fc8""}",False,False,19,0.13380281690140844,9,0.06338028169014084,70,0.49295774647887325,14,0.09859154929577464,0,0.0,6,0.04225352112676056,7,0.04929577464788732,17,0.11971830985915492,0.9647887323943662,0.6901408450704225,0.2112676056338028,53.775,0.7535211267605634,0.6901408450704225,2.677887323943662,1.1347887323943664,0.823943661971831,0.5211267605633803,3.0638430952052293,0.07042253521126761,0.07042253521126761,0.3591549295774648,0.23771991898684752,9.6,10.1,3.6,-0.19999999999999973,2.4000000000000004,2.2,,,,,,,,,,,ef5e59a6138627acb26dc17c8025cc4ff359d54b703c73264f042e3aca114547,🟡 TRUNG TÍNH,"Market trung tính: ưu tiên Pull/Early, mua nhỏ, stop gần.",69.0,1787.54,1795.38,1778.4,1788.78,845757440.0,0.0693690770556143,2026-08-24T11:11:37Z,ce3662ce2c5d9895
