split,h,feat,n,mean,base,incr,wr,symbols
discovery,1,agree_pos,17678,0.0024260825807255445,0.00016722332919083102,0.0022588592515347134,0.43076139834822946,68
discovery,1,px_pos,39967,0.001997720397612933,0.00016722332919083102,0.0018304970684221021,0.4186453824405134,68
discovery,1,agree_neg,13997,-0.0017678735953120582,0.00016722332919083102,-0.0019350969245028893,0.3953704365221119,66
discovery,1,px_neg,42291,-0.0011689553402735304,0.00016722332919083102,-0.0013361786694643615,0.39973043910051786,67
discovery,1,abn_abs_z20,5947,0.0024551213015837274,0.00016722332919083102,0.0022878979723928963,0.4375315285017656,64
discovery,1,net_pos,39486,0.00045683405256956755,0.00016722332919083102,0.0002896107233787365,0.4041179152104543,68
discovery,1,net_neg,29001,-6.234393566973202e-05,0.00016722332919083102,-0.00022956726486056303,0.4007792834729837,68
discovery,1,diverge_sell_up,10202,0.0024082852801605953,0.00016722332919083102,0.0022410619509697642,0.4308959027641639,66
discovery,1,diverge_buy_down,15094,-0.0016310219407690753,0.00016722332919083102,-0.0017982452699599064,0.3975089439512389,67
discovery,1,abn_buy_z15_px_up,2713,0.003832599113252004,0.00016722332919083102,0.003665375784061173,0.4522668632510136,64
discovery,3,agree_pos,17659,0.002530832193008319,0.0005366424264738162,0.001994189766534503,0.44079506200804125,68
discovery,3,px_pos,39941,0.0024102228032423295,0.0005366424264738162,0.0018735803767685132,0.4365939761147693,68
discovery,3,agree_neg,13984,-0.0023389811742249964,0.0005366424264738162,-0.0028756236006988126,0.43835812356979403,66
discovery,3,px_neg,42254,-0.0007443163484254784,0.0005366424264738162,-0.0012809587748992945,0.4462062763288683,67
discovery,3,abn_abs_z20,5944,0.002723929807194009,0.0005366424264738162,0.002187287380720193,0.45524899057873486,64
discovery,3,net_pos,39466,0.0008789332640411717,0.0005366424264738162,0.0003422908375673555,0.4398469568742715,68
discovery,3,net_neg,28981,-0.00015071129243541712,0.0005366424264738162,-0.0006873537189092333,0.4362513370829164,68
discovery,3,diverge_sell_up,10190,0.002890496178469302,0.0005366424264738162,0.0023538537519954858,0.44759568204121686,66
discovery,3,diverge_buy_down,15091,-0.0008157466487665838,0.0005366424264738162,-0.0013523890752404,0.44702140348552116,67
discovery,3,abn_buy_z15_px_up,2710,0.0050263367450498865,0.0005366424264738162,0.004489694318576071,0.45387453874538747,64
discovery,5,agree_pos,17655,0.003800779500948259,0.0008942975193569891,0.00290648198159127,0.45295950155763237,68
discovery,5,px_pos,39942,0.0031930764810169905,0.0008942975193569891,0.002298778961660001,0.4482249261429072,68
discovery,5,agree_neg,13984,-0.002694919244423552,0.0008942975193569891,-0.0035892167637805415,0.4464387871853547,66
discovery,5,px_neg,42252,-0.0008387960150160012,0.0008942975193569891,-0.0017330935343729903,0.45344599072233266,67
discovery,5,abn_abs_z20,5938,0.0023244490276415316,0.0008942975193569891,0.0014301515082845424,0.4533512967329067,64
discovery,5,net_pos,39460,0.0013886113157853992,0.0008942975193569891,0.0004943137964284101,0.4503801317790167,68
discovery,5,net_neg,28978,-0.00018897913963297406,0.0008942975193569891,-0.001083276658989963,0.4489957899095866,68
discovery,5,diverge_sell_up,10185,0.002524988088140535,0.0008942975193569891,0.0016306905687835458,0.4580265095729013,66
discovery,5,diverge_buy_down,15094,-0.0007613681330686323,0.0008942975193569891,-0.0016556656524256215,0.45521399231482707,67
discovery,5,abn_buy_z15_px_up,2705,0.005520911919840034,0.0008942975193569891,0.0046266144004830445,0.4565619223659889,64
discovery,10,agree_pos,17653,0.005384502117025271,0.0018146626426922944,0.0035698394743329765,0.46541664306350194,68
discovery,10,px_pos,39934,0.004827969908913148,0.0018146626426922944,0.003013307266220854,0.462212650873942,68
discovery,10,agree_neg,13990,-0.002566541250077359,0.0018146626426922944,-0.0043812038927696535,0.4507505360972123,66
discovery,10,px_neg,42249,-8.911536158169688e-05,0.0018146626426922944,-0.0019037780042739914,0.45960851144405784,67
discovery,10,abn_abs_z20,5944,0.004985779037485759,0.0018146626426922944,0.003171116394793465,0.4813257065948856,64
discovery,10,net_pos,39452,0.0024933966386703186,0.0018146626426922944,0.0006787339959780242,0.46066105647368955,68
discovery,10,net_neg,28981,0.0001612928938471036,0.0018146626426922944,-0.0016533697488451907,0.45478071840171147,68
discovery,10,diverge_sell_up,10189,0.003222858563151224,0.0018146626426922944,0.0014081959204589295,0.46295024045539307,66
discovery,10,diverge_buy_down,15091,0.00020775575794674866,0.0018146626426922944,-0.0016069068847455459,0.46040686501888545,67
discovery,10,abn_buy_z15_px_up,2711,0.00742944967712029,0.0018146626426922944,0.005614787034427996,0.48948727406860937,64
validation,1,agree_pos,23299,0.0023195735266413305,0.0009389364464613706,0.00138063708017996,0.4608352289797845,104
validation,1,px_pos,48213,0.002641816077359567,0.0009389364464613706,0.0017028796308981966,0.4632153153713729,104
validation,1,agree_neg,22863,-0.0007127750756057656,0.0009389364464613706,-0.0016517115220671362,0.45873244980973626,103
validation,1,px_neg,48128,-0.0005926812633685675,0.0009389364464613706,-0.0015316177098299382,0.45162898936170215,104
validation,1,abn_abs_z20,7113,0.0025085988518356375,0.0009389364464613706,0.001569662405374267,0.47631097989596516,101
validation,1,net_pos,44329,0.0009766659284286066,0.0009389364464613706,3.7729481967235996e-05,0.4495251415551896,104
validation,1,net_neg,44142,0.0010020506431234124,0.0009389364464613706,6.311419666204176e-05,0.46021929228399255,103
validation,1,diverge_sell_up,17244,0.0033492734822998076,0.0009389364464613706,0.002410337035838437,0.4741939225237764,103
validation,1,diverge_buy_down,16978,-0.0005757678339594955,0.0009389364464613706,-0.0015147042804208662,0.4462834256096124,104
validation,1,abn_buy_z15_px_up,3560,0.002088494998307396,0.0009389364464613706,0.0011495585518460257,0.45224719101123595,101
validation,3,agree_pos,23296,0.004204395139059537,0.0029343868353261826,0.0012700083037333544,0.49549278846153844,104
validation,3,px_pos,48211,0.004685384293189998,0.0029343868353261826,0.0017509974578638157,0.49710646947792,104
validation,3,agree_neg,22862,0.0018091619384851202,0.0029343868353261826,-0.0011252248968410623,0.5040241448692153,103
validation,3,px_neg,48116,0.0013556678075404647,0.0029343868353261826,-0.0015787190277857179,0.497402111563721,104
validation,3,abn_abs_z20,7111,0.005416060271744713,0.0029343868353261826,0.0024816734364185304,0.5075235550555477,101
validation,3,net_pos,44319,0.0027732702617115222,0.0029343868353261826,-0.00016111657361466032,0.49191091856765723,104
validation,3,net_neg,44143,0.003436982786223475,0.0029343868353261826,0.0005025959508972925,0.5031601839476247,103
validation,3,diverge_sell_up,17245,0.005695100923818631,0.0029343868353261826,0.0027607140884924482,0.5075094230211655,103
validation,3,diverge_buy_down,16974,0.001110584021792549,0.0029343868353261826,-0.0018238028135336335,0.4912807823730411,104
validation,3,abn_buy_z15_px_up,3560,0.002992063351487535,0.0029343868353261826,5.767651616135237e-05,0.47668539325842696,101
validation,5,agree_pos,23303,0.006993628033703388,0.004919132598581162,0.0020744954351222264,0.5169720636827876,104
validation,5,px_pos,48206,0.007446914090342128,0.004919132598581162,0.002527781491760966,0.5167199103845994,104
validation,5,agree_neg,22858,0.003050727888174104,0.004919132598581162,-0.0018684047104070576,0.5078309563391373,103
validation,5,px_neg,48123,0.002731365565586457,0.004919132598581162,-0.002187767032994705,0.503272863287825,104
validation,5,abn_abs_z20,7108,0.007630371802824961,0.004919132598581162,0.0027112392042437997,0.5256049521665729,101
validation,5,net_pos,44326,0.005065852117609619,0.004919132598581162,0.00014671951902845738,0.5070613184135722,104
validation,5,net_neg,44136,0.0053418110039252535,0.004919132598581162,0.00042267840534409174,0.5142287475077034,103
validation,5,diverge_sell_up,17241,0.008721122164227397,0.004919132598581162,0.003801989565646235,0.5268835914390116,103
validation,5,diverge_buy_down,16977,0.002960290901093072,0.004919132598581162,-0.0019588416974880896,0.49838016139482827,104
validation,5,abn_buy_z15_px_up,3561,0.005157981750583973,0.004919132598581162,0.00023884915200281156,0.4990171300196574,101
validation,10,agree_pos,23301,0.012625899757909868,0.009749447114236021,0.0028764526436738467,0.5323805845242694,104
validation,10,px_pos,48214,0.01311996774389831,0.009749447114236021,0.0033705206296622894,0.53175426224748,104
validation,10,agree_neg,22860,0.008538600062048372,0.009749447114236021,-0.0012108470521876493,0.5178477690288714,103
validation,10,px_neg,48111,0.006938616083463757,0.009749447114236021,-0.0028108310307722647,0.5112760075658374,104
validation,10,abn_abs_z20,7110,0.013860493587264818,0.009749447114236021,0.004111046473028797,0.5308016877637131,101
validation,10,net_pos,44324,0.009514975473054958,0.009749447114236021,-0.0002344716411810631,0.5184550130854616,104
validation,10,net_neg,44137,0.011050230632561109,0.009749447114236021,0.0013007835183250875,0.5262025058341074,103
validation,10,diverge_sell_up,17240,0.015011063411943323,0.009749447114236021,0.005261616297707302,0.5390951276102088,103
validation,10,diverge_buy_down,16974,0.006222054804890686,0.009749447114236021,-0.0035273923093453357,0.5048898315070107,104
validation,10,abn_buy_z15_px_up,3562,0.010269546218722513,0.009749447114236021,0.0005200991044864919,0.5042111173498035,101
holdout,1,agree_pos,32496,0.0012402807778824315,-0.00020865903158223334,0.0014489398094646648,0.45753323485967506,117
holdout,1,px_pos,58143,0.0011002109578794154,-0.00020865903158223334,0.0013088699894616487,0.4561856113375643,117
holdout,1,agree_neg,37816,-0.0016649143307482298,-0.00020865903158223334,-0.0014562552991659965,0.45343240956209013,117
holdout,1,px_neg,59515,-0.0015319190859539858,-0.00020865903158223334,-0.0013232600543717525,0.45986726035453246,117
holdout,1,abn_abs_z20,8564,0.0005050213667588715,-0.00020865903158223334,0.0007136803983411048,0.4694068192433442,117
holdout,1,net_pos,55633,0.0003136566592220489,-0.00020865903158223334,0.0005223156908042822,0.46190210846080565,117
holdout,1,net_neg,66315,-0.0006853233844305467,-0.00020865903158223334,-0.00047666435284831335,0.4511648948201764,117
holdout,1,diverge_sell_up,23278,0.0007795605907314807,-0.00020865903158223334,0.000988219622313714,0.45188590085058855,117
holdout,1,diverge_buy_down,19202,-0.0012216521183696187,-0.00020865903158223334,-0.0010129930867873854,0.47302364337048225,117
holdout,1,abn_buy_z15_px_up,5685,0.001026505525353937,-0.00020865903158223334,0.0012351645569361703,0.4531222515391381,117
holdout,3,agree_pos,32414,0.00048354751922725047,-0.0005841154741477706,0.0010676629933750212,0.48324797926821744,117
holdout,3,px_pos,57986,0.00026394230637951104,-0.0005841154741477706,0.0008480577805272816,0.47994343462215017,117
holdout,3,agree_neg,37768,-0.0019214515136292132,-0.0005841154741477706,-0.0013373360394814426,0.48326625714890914,117
holdout,3,px_neg,59458,-0.0014804840558881058,-0.0005841154741477706,-0.0008963685817403352,0.48994248040633726,117
holdout,3,abn_abs_z20,8549,-0.000621765656829407,-0.0005841154741477706,-3.7650182681636386e-05,0.48426716575038015,117
holdout,3,net_pos,55541,-6.713802016572515e-05,-0.0005841154741477706,0.0005169774539820455,0.4891161484308889,117
holdout,3,net_neg,66178,-0.0011891004888773345,-0.0005841154741477706,-0.0006049850147295639,0.47944936383692466,117
holdout,3,diverge_sell_up,23206,-0.00024250618473134754,-0.0005841154741477706,0.00034160928941642305,0.47397224855640785,117
holdout,3,diverge_buy_down,19194,-0.000874035179795951,-0.0005841154741477706,-0.00028991970564818043,0.5007293946024799,117
holdout,3,abn_buy_z15_px_up,5667,-0.0008209025757996709,-0.0005841154741477706,-0.00023678710165190035,0.47203105699664727,117
holdout,5,agree_pos,32390,0.0006263603426368386,-0.0009681708148024937,0.0015945311574393321,0.4912318616857055,117
holdout,5,px_pos,57923,0.0004333406535193788,-0.0009681708148024937,0.0014015114683218724,0.4885451375101428,117
holdout,5,agree_neg,37658,-0.003181476789819361,-0.0009681708148024937,-0.002213305975016867,0.4746401826969037,117
holdout,5,px_neg,59317,-0.0023911524408004297,-0.0009681708148024937,-0.001422981625997936,0.48129541278217036,117
holdout,5,abn_abs_z20,8540,-0.0001517769814837188,-0.0009681708148024937,0.0008163938333187749,0.48735362997658077,117
holdout,5,net_pos,55476,-0.00013736269480996247,-0.0009681708148024937,0.0008308081199925313,0.49042829331602855,117
holdout,5,net_neg,66014,-0.0019405082163212167,-0.0009681708148024937,-0.000972337401518723,0.47755021662071684,117
holdout,5,diverge_sell_up,23170,-0.00013533250803155383,-0.0009681708148024937,0.0008328383067709398,0.4817867932671558,117
holdout,5,diverge_buy_down,19165,-0.0012272821164792263,-0.0009681708148024937,-0.00025911130167673266,0.49193842942864596,117
holdout,5,abn_buy_z15_px_up,5661,-0.0007479406410935475,-0.0009681708148024937,0.00022023017370894618,0.47164811870694223,117
holdout,10,agree_pos,32295,0.0001242949979341681,-0.001675497091818183,0.001799792089752351,0.49026165041028025,117
holdout,10,px_pos,57722,-0.00015010005055159803,-0.001675497091818183,0.001525397041266585,0.48785558365960985,117
holdout,10,agree_neg,37433,-0.00482540046320048,-0.001675497091818183,-0.003149903371382297,0.4692116581625838,117
holdout,10,px_neg,58984,-0.003538680880713863,-0.001675497091818183,-0.0018631837888956801,0.4787908585379086,117
holdout,10,abn_abs_z20,8508,0.0010883871803705684,-0.001675497091818183,0.0027638842721887514,0.49047954866008464,117
holdout,10,net_pos,55262,-0.00045658190550015723,-0.001675497091818183,0.0012189151863180258,0.4903912272447613,117
holdout,10,net_neg,65653,-0.003046495129625641,-0.001675497091818183,-0.0013709980378074581,0.47511918724201485,117
holdout,10,diverge_sell_up,23065,-0.0008868596323363506,-0.001675497091818183,0.0007886374594818324,0.4816822024712768,117
holdout,10,diverge_buy_down,19065,-0.0015365343877800578,-0.001675497091818183,0.00013896270403812518,0.4920535011801731,117
holdout,10,abn_buy_z15_px_up,5643,0.00020445207543570625,-0.001675497091818183,0.0018799491672538892,0.48165869218500795,117
